date,item_name,style_type,price,stock_level,quantity_sold,promotion,is_weekend,is_holiday,appointments_per_day,day_of_week,month,item_style,lag_sales,rolling_avg_3,units_per_appt,stock_pressure
2024-01-01,premium_braiding_hair,cornrows,17.77,35,35,1,0,1,8,0,1,premium_braiding_hair_cornrows,24.270841487279842,24.270841487279842,3.888888888888889,3.888888888888889
2024-01-01,standard_braiding_hair,cornrows,14.59,17,17,0,0,1,9,0,1,standard_braiding_hair_cornrows,24.270841487279842,24.270841487279842,1.7,1.7
2024-01-01,beads,knotless,4.54,16,16,1,0,1,10,0,1,beads_knotless,24.270841487279842,24.270841487279842,1.4545454545454546,1.4545454545454546
2024-01-01,edge_control,twists,7.6,74,11,0,0,1,8,0,1,edge_control_twists,24.270841487279842,24.270841487279842,1.2222222222222223,8.222222222222221
2024-01-01,hair_gel,twists,5.98,69,18,0,0,1,9,0,1,hair_gel_twists,24.270841487279842,24.270841487279842,1.8,6.9
2024-01-01,mousse,box_braids,9.95,67,31,0,0,1,11,0,1,mousse_box_braids,24.270841487279842,24.270841487279842,2.5833333333333335,5.583333333333333
2024-01-01,hairspray,knotless,8.82,22,22,0,0,1,8,0,1,hairspray_knotless,24.270841487279842,24.270841487279842,2.4444444444444446,2.4444444444444446
2024-01-02,premium_braiding_hair,knotless,16.61,77,46,0,0,0,6,1,1,premium_braiding_hair_knotless,35.0,24.270841487279842,6.571428571428571,11.0
2024-01-02,standard_braiding_hair,knotless,13.99,76,39,1,0,0,10,1,1,standard_braiding_hair_knotless,17.0,24.270841487279842,3.5454545454545454,6.909090909090909
2024-01-02,beads,knotless,5.09,74,20,0,0,0,5,1,1,beads_knotless,16.0,24.270841487279842,3.3333333333333335,12.333333333333334
2024-01-02,edge_control,twists,6.32,23,11,0,0,0,7,1,1,edge_control_twists,11.0,24.270841487279842,1.375,2.875
2024-01-02,hair_gel,twists,5.09,49,19,0,0,0,11,1,1,hair_gel_twists,18.0,24.270841487279842,1.5833333333333333,4.083333333333333
2024-01-02,mousse,box_braids,9.33,42,27,0,0,0,12,1,1,mousse_box_braids,31.0,24.270841487279842,2.076923076923077,3.230769230769231
2024-01-02,hairspray,knotless,6.88,51,23,0,0,0,12,1,1,hairspray_knotless,22.0,24.270841487279842,1.7692307692307692,3.923076923076923
2024-01-03,premium_braiding_hair,cornrows,18.97,61,31,0,0,0,5,2,1,premium_braiding_hair_cornrows,46.0,37.333333333333336,5.166666666666667,10.166666666666666
2024-01-03,standard_braiding_hair,knotless,15.33,65,27,0,0,0,12,2,1,standard_braiding_hair_knotless,39.0,27.666666666666668,2.076923076923077,5.0
2024-01-03,beads,cornrows,4.78,18,18,0,0,0,9,2,1,beads_cornrows,20.0,18.0,1.8,1.8
2024-01-03,edge_control,box_braids,7.82,42,25,0,0,0,11,2,1,edge_control_box_braids,11.0,15.666666666666666,2.0833333333333335,3.5
2024-01-03,hair_gel,knotless,5.47,42,15,0,0,0,5,2,1,hair_gel_knotless,19.0,17.333333333333332,2.5,7.0
2024-01-03,mousse,knotless,8.64,76,30,1,0,0,11,2,1,mousse_knotless,27.0,29.333333333333332,2.5,6.333333333333333
2024-01-03,hairspray,box_braids,8.01,17,11,0,0,0,12,2,1,hairspray_box_braids,23.0,18.666666666666668,0.8461538461538461,1.3076923076923077
2024-01-04,premium_braiding_hair,box_braids,18.91,38,38,0,0,0,9,3,1,premium_braiding_hair_box_braids,31.0,38.333333333333336,3.8,3.8
2024-01-04,standard_braiding_hair,cornrows,15.26,66,24,0,0,0,8,3,1,standard_braiding_hair_cornrows,27.0,30.0,2.6666666666666665,7.333333333333333
2024-01-04,beads,twists,6.0,70,26,0,0,0,9,3,1,beads_twists,18.0,21.333333333333332,2.6,7.0
2024-01-04,edge_control,box_braids,6.43,15,15,0,0,0,8,3,1,edge_control_box_braids,25.0,17.0,1.6666666666666667,1.6666666666666667
2024-01-04,hair_gel,twists,7.23,69,23,0,0,0,8,3,1,hair_gel_twists,15.0,19.0,2.5555555555555554,7.666666666666667
2024-01-04,mousse,cornrows,9.51,25,20,1,0,0,6,3,1,mousse_cornrows,30.0,25.666666666666668,2.857142857142857,3.5714285714285716
2024-01-04,hairspray,box_braids,8.87,33,22,0,0,0,11,3,1,hairspray_box_braids,11.0,18.666666666666668,1.8333333333333333,2.75
2024-01-05,premium_braiding_hair,knotless,17.86,66,44,0,0,0,5,4,1,premium_braiding_hair_knotless,38.0,37.666666666666664,7.333333333333333,11.0
2024-01-05,standard_braiding_hair,cornrows,14.11,64,35,1,0,0,11,4,1,standard_braiding_hair_cornrows,24.0,28.666666666666668,2.9166666666666665,5.333333333333333
2024-01-05,beads,cornrows,5.23,30,28,0,0,0,15,4,1,beads_cornrows,26.0,24.0,1.75,1.875
2024-01-05,edge_control,twists,7.15,23,23,0,0,0,13,4,1,edge_control_twists,15.0,21.0,1.6428571428571428,1.6428571428571428
2024-01-05,hair_gel,box_braids,6.92,38,18,1,0,0,13,4,1,hair_gel_box_braids,23.0,18.666666666666668,1.2857142857142858,2.7142857142857144
2024-01-05,mousse,twists,8.29,32,23,0,0,0,9,4,1,mousse_twists,20.0,24.333333333333332,2.3,3.2
2024-01-05,hairspray,twists,8.73,75,5,0,0,0,9,4,1,hairspray_twists,22.0,12.666666666666666,0.5,7.5
2024-01-06,premium_braiding_hair,box_braids,16.89,22,22,0,1,0,7,5,1,premium_braiding_hair_box_braids,44.0,34.666666666666664,2.75,2.75
2024-01-06,standard_braiding_hair,cornrows,13.63,73,36,0,1,0,7,5,1,standard_braiding_hair_cornrows,35.0,31.666666666666668,4.5,9.125
2024-01-06,beads,knotless,5.41,22,22,0,1,0,7,5,1,beads_knotless,28.0,25.333333333333332,2.75,2.75
2024-01-06,edge_control,cornrows,6.63,78,19,0,1,0,4,5,1,edge_control_cornrows,23.0,19.0,3.8,15.6
2024-01-06,hair_gel,twists,5.86,31,19,0,1,0,11,5,1,hair_gel_twists,18.0,20.0,1.5833333333333333,2.5833333333333335
2024-01-06,mousse,twists,9.61,38,30,0,1,0,9,5,1,mousse_twists,23.0,24.333333333333332,3.0,3.8
2024-01-06,hairspray,cornrows,8.78,46,12,1,1,0,4,5,1,hairspray_cornrows,5.0,13.0,2.4,9.2
2024-01-07,premium_braiding_hair,cornrows,18.63,68,32,0,1,0,9,6,1,premium_braiding_hair_cornrows,22.0,32.666666666666664,3.2,6.8
2024-01-07,standard_braiding_hair,twists,16.39,41,38,0,1,0,15,6,1,standard_braiding_hair_twists,36.0,36.333333333333336,2.375,2.5625
2024-01-07,beads,knotless,5.45,57,30,0,1,0,11,6,1,beads_knotless,22.0,26.666666666666668,2.5,4.75
2024-01-07,edge_control,knotless,7.26,27,27,1,1,0,15,6,1,edge_control_knotless,19.0,23.0,1.6875,1.6875
2024-01-07,hair_gel,twists,5.83,79,38,1,1,0,11,6,1,hair_gel_twists,19.0,25.0,3.1666666666666665,6.583333333333333
2024-01-07,mousse,knotless,7.5,46,33,1,1,0,7,6,1,mousse_knotless,30.0,28.666666666666668,4.125,5.75
2024-01-07,hairspray,cornrows,8.69,76,17,0,1,0,6,6,1,hairspray_cornrows,12.0,11.333333333333334,2.4285714285714284,10.857142857142858
2024-01-08,premium_braiding_hair,knotless,18.43,22,22,0,0,0,5,0,1,premium_braiding_hair_knotless,32.0,25.333333333333332,3.6666666666666665,3.6666666666666665
2024-01-08,standard_braiding_hair,box_braids,14.23,61,35,0,0,0,13,0,1,standard_braiding_hair_box_braids,38.0,36.333333333333336,2.5,4.357142857142857
2024-01-08,beads,twists,5.19,31,21,1,0,0,11,0,1,beads_twists,30.0,24.333333333333332,1.75,2.5833333333333335
2024-01-08,edge_control,twists,7.5,76,9,0,0,0,8,0,1,edge_control_twists,27.0,18.333333333333332,1.0,8.444444444444445
2024-01-08,hair_gel,box_braids,6.83,62,17,0,0,0,12,0,1,hair_gel_box_braids,38.0,24.666666666666668,1.3076923076923077,4.769230769230769
2024-01-08,mousse,box_braids,11.12,78,31,1,0,0,6,0,1,mousse_box_braids,33.0,31.333333333333332,4.428571428571429,11.142857142857142
2024-01-08,hairspray,cornrows,8.23,71,11,0,0,0,13,0,1,hairspray_cornrows,17.0,13.333333333333334,0.7857142857142857,5.071428571428571
2024-01-09,premium_braiding_hair,box_braids,17.45,62,52,0,0,0,9,1,1,premium_braiding_hair_box_braids,22.0,35.333333333333336,5.2,6.2
2024-01-09,standard_braiding_hair,knotless,13.57,48,36,0,0,0,13,1,1,standard_braiding_hair_knotless,35.0,36.333333333333336,2.5714285714285716,3.4285714285714284
2024-01-09,beads,twists,6.93,15,15,0,0,0,14,1,1,beads_twists,21.0,22.0,1.0,1.0
2024-01-09,edge_control,twists,7.06,46,17,0,0,0,11,1,1,edge_control_twists,9.0,17.666666666666668,1.4166666666666667,3.8333333333333335
2024-01-09,hair_gel,cornrows,8.13,47,23,0,0,0,11,1,1,hair_gel_cornrows,17.0,26.0,1.9166666666666667,3.9166666666666665
2024-01-09,mousse,box_braids,10.06,57,22,0,0,0,4,1,1,mousse_box_braids,31.0,28.666666666666668,4.4,11.4
2024-01-09,hairspray,twists,9.23,49,8,0,0,0,7,1,1,hairspray_twists,11.0,12.0,1.0,6.125
2024-01-10,premium_braiding_hair,box_braids,17.64,43,43,1,0,0,6,2,1,premium_braiding_hair_box_braids,52.0,39.0,6.142857142857143,6.142857142857143
2024-01-10,standard_braiding_hair,twists,16.68,24,24,0,0,0,12,2,1,standard_braiding_hair_twists,36.0,31.666666666666668,1.8461538461538463,1.8461538461538463
2024-01-10,beads,cornrows,3.78,38,17,1,0,0,4,2,1,beads_cornrows,15.0,17.666666666666668,3.4,7.6
2024-01-10,edge_control,cornrows,7.01,44,30,1,0,0,14,2,1,edge_control_cornrows,17.0,18.666666666666668,2.0,2.933333333333333
2024-01-10,hair_gel,twists,5.7,26,15,0,0,0,12,2,1,hair_gel_twists,23.0,18.333333333333332,1.1538461538461537,2.0
2024-01-10,mousse,box_braids,7.21,30,30,1,0,0,10,2,1,mousse_box_braids,22.0,27.666666666666668,2.727272727272727,2.727272727272727
2024-01-10,hairspray,box_braids,8.25,67,12,0,0,0,8,2,1,hairspray_box_braids,8.0,10.333333333333334,1.3333333333333333,7.444444444444445
2024-01-11,premium_braiding_hair,knotless,18.61,23,23,1,0,0,15,3,1,premium_braiding_hair_knotless,43.0,39.333333333333336,1.4375,1.4375
2024-01-11,standard_braiding_hair,box_braids,14.62,23,23,1,0,0,14,3,1,standard_braiding_hair_box_braids,24.0,27.666666666666668,1.5333333333333334,1.5333333333333334
2024-01-11,beads,knotless,4.68,79,19,0,0,0,5,3,1,beads_knotless,17.0,17.0,3.1666666666666665,13.166666666666666
2024-01-11,edge_control,cornrows,8.36,45,27,1,0,0,11,3,1,edge_control_cornrows,30.0,24.666666666666668,2.25,3.75
2024-01-11,hair_gel,cornrows,5.98,33,24,0,0,0,10,3,1,hair_gel_cornrows,15.0,20.666666666666668,2.1818181818181817,3.0
2024-01-11,mousse,box_braids,9.47,75,27,0,0,0,6,3,1,mousse_box_braids,30.0,26.333333333333332,3.857142857142857,10.714285714285714
2024-01-11,hairspray,cornrows,7.45,76,19,0,0,0,13,3,1,hairspray_cornrows,12.0,13.0,1.3571428571428572,5.428571428571429
2024-01-12,premium_braiding_hair,box_braids,18.01,50,50,1,0,0,3,4,1,premium_braiding_hair_box_braids,23.0,38.666666666666664,12.5,12.5
2024-01-12,standard_braiding_hair,cornrows,14.57,63,27,0,0,0,8,4,1,standard_braiding_hair_cornrows,23.0,24.666666666666668,3.0,7.0
2024-01-12,beads,box_braids,4.3,26,26,0,0,0,15,4,1,beads_box_braids,19.0,20.666666666666668,1.625,1.625
2024-01-12,edge_control,knotless,4.88,50,19,0,0,0,16,4,1,edge_control_knotless,27.0,25.333333333333332,1.1176470588235294,2.9411764705882355
2024-01-12,hair_gel,knotless,5.23,41,9,0,0,0,8,4,1,hair_gel_knotless,24.0,16.0,1.0,4.555555555555555
2024-01-12,mousse,knotless,7.68,27,24,0,0,0,15,4,1,mousse_knotless,27.0,27.0,1.5,1.6875
2024-01-12,hairspray,twists,8.19,47,15,1,0,0,15,4,1,hairspray_twists,19.0,15.333333333333334,0.9375,2.9375
2024-01-13,premium_braiding_hair,knotless,18.28,73,55,0,1,0,10,5,1,premium_braiding_hair_knotless,50.0,42.666666666666664,5.0,6.636363636363637
2024-01-13,standard_braiding_hair,knotless,14.52,19,19,0,1,0,10,5,1,standard_braiding_hair_knotless,27.0,23.0,1.7272727272727273,1.7272727272727273
2024-01-13,beads,knotless,4.26,31,30,0,1,0,10,5,1,beads_knotless,26.0,25.0,2.727272727272727,2.8181818181818183
2024-01-13,edge_control,box_braids,7.54,46,19,1,1,0,8,5,1,edge_control_box_braids,19.0,21.666666666666668,2.111111111111111,5.111111111111111
2024-01-13,hair_gel,knotless,7.28,48,14,0,1,0,7,5,1,hair_gel_knotless,9.0,15.666666666666666,1.75,6.0
2024-01-13,mousse,knotless,10.76,71,48,1,1,0,9,5,1,mousse_knotless,24.0,33.0,4.8,7.1
2024-01-13,hairspray,box_braids,8.23,65,23,0,1,0,11,5,1,hairspray_box_braids,15.0,19.0,1.9166666666666667,5.416666666666667
2024-01-14,premium_braiding_hair,knotless,19.44,65,54,0,1,0,12,6,1,premium_braiding_hair_knotless,55.0,53.0,4.153846153846154,5.0
2024-01-14,standard_braiding_hair,cornrows,15.98,44,41,0,1,0,11,6,1,standard_braiding_hair_cornrows,19.0,29.0,3.4166666666666665,3.6666666666666665
2024-01-14,beads,box_braids,4.86,31,31,1,1,0,10,6,1,beads_box_braids,30.0,29.0,2.8181818181818183,2.8181818181818183
2024-01-14,edge_control,twists,6.88,57,21,0,1,0,5,6,1,edge_control_twists,19.0,19.666666666666668,3.5,9.5
2024-01-14,hair_gel,box_braids,7.5,30,10,0,1,0,9,6,1,hair_gel_box_braids,14.0,11.0,1.0,3.0
2024-01-14,mousse,twists,8.01,41,25,0,1,0,11,6,1,mousse_twists,48.0,32.333333333333336,2.0833333333333335,3.4166666666666665
2024-01-14,hairspray,knotless,9.05,56,16,0,1,0,11,6,1,hairspray_knotless,23.0,18.0,1.3333333333333333,4.666666666666667
2024-01-15,premium_braiding_hair,box_braids,17.45,26,26,0,0,0,10,0,1,premium_braiding_hair_box_braids,54.0,45.0,2.3636363636363638,2.3636363636363638
2024-01-15,standard_braiding_hair,knotless,14.73,61,22,0,0,0,6,0,1,standard_braiding_hair_knotless,41.0,27.333333333333332,3.142857142857143,8.714285714285714
2024-01-15,beads,box_braids,4.89,62,30,0,0,0,10,0,1,beads_box_braids,31.0,30.333333333333332,2.727272727272727,5.636363636363637
2024-01-15,edge_control,box_braids,7.04,61,17,0,0,0,9,0,1,edge_control_box_braids,21.0,19.0,1.7,6.1
2024-01-15,hair_gel,cornrows,6.85,16,16,1,0,0,9,0,1,hair_gel_cornrows,10.0,13.333333333333334,1.6,1.6
2024-01-15,mousse,cornrows,9.9,29,22,1,0,0,7,0,1,mousse_cornrows,25.0,31.666666666666668,2.75,3.625
2024-01-15,hairspray,twists,6.44,71,5,0,0,0,7,0,1,hairspray_twists,16.0,14.666666666666666,0.625,8.875
2024-01-16,premium_braiding_hair,box_braids,18.65,32,32,0,0,0,10,1,1,premium_braiding_hair_box_braids,26.0,37.333333333333336,2.909090909090909,2.909090909090909
2024-01-16,standard_braiding_hair,cornrows,13.96,54,33,0,0,0,14,1,1,standard_braiding_hair_cornrows,22.0,32.0,2.2,3.6
2024-01-16,beads,box_braids,5.84,73,23,0,0,0,9,1,1,beads_box_braids,30.0,28.0,2.3,7.3
2024-01-16,edge_control,twists,6.35,67,16,1,0,0,3,1,1,edge_control_twists,17.0,18.0,4.0,16.75
2024-01-16,hair_gel,cornrows,6.15,20,19,0,0,0,8,1,1,hair_gel_cornrows,16.0,15.0,2.111111111111111,2.2222222222222223
2024-01-16,mousse,knotless,9.29,71,21,0,0,0,7,1,1,mousse_knotless,22.0,22.666666666666668,2.625,8.875
2024-01-16,hairspray,knotless,8.57,33,17,0,0,0,15,1,1,hairspray_knotless,5.0,12.666666666666666,1.0625,2.0625
2024-01-17,premium_braiding_hair,twists,18.64,28,28,0,0,0,5,2,1,premium_braiding_hair_twists,32.0,28.666666666666668,4.666666666666667,4.666666666666667
2024-01-17,standard_braiding_hair,cornrows,13.32,20,20,1,0,0,5,2,1,standard_braiding_hair_cornrows,33.0,25.0,3.3333333333333335,3.3333333333333335
2024-01-17,beads,knotless,6.01,16,16,0,0,0,16,2,1,beads_knotless,23.0,23.0,0.9411764705882353,0.9411764705882353
2024-01-17,edge_control,box_braids,6.4,49,25,0,0,0,8,2,1,edge_control_box_braids,16.0,19.333333333333332,2.7777777777777777,5.444444444444445
2024-01-17,hair_gel,knotless,5.49,23,23,1,0,0,8,2,1,hair_gel_knotless,19.0,19.333333333333332,2.5555555555555554,2.5555555555555554
2024-01-17,mousse,box_braids,9.25,25,25,0,0,0,6,2,1,mousse_box_braids,21.0,22.666666666666668,3.5714285714285716,3.5714285714285716
2024-01-17,hairspray,box_braids,8.54,51,22,1,0,0,12,2,1,hairspray_box_braids,17.0,14.666666666666666,1.6923076923076923,3.923076923076923
2024-01-18,premium_braiding_hair,knotless,16.29,32,32,1,0,0,13,3,1,premium_braiding_hair_knotless,28.0,30.666666666666668,2.2857142857142856,2.2857142857142856
2024-01-18,standard_braiding_hair,twists,12.67,52,44,1,0,0,15,3,1,standard_braiding_hair_twists,20.0,32.333333333333336,2.75,3.25
2024-01-18,beads,box_braids,5.82,67,25,0,0,0,14,3,1,beads_box_braids,16.0,21.333333333333332,1.6666666666666667,4.466666666666667
2024-01-18,edge_control,twists,7.92,21,11,0,0,0,10,3,1,edge_control_twists,25.0,17.333333333333332,1.0,1.9090909090909092
2024-01-18,hair_gel,twists,8.27,41,24,1,0,0,13,3,1,hair_gel_twists,23.0,22.0,1.7142857142857142,2.9285714285714284
2024-01-18,mousse,twists,10.64,24,24,0,0,0,12,3,1,mousse_twists,25.0,23.333333333333332,1.8461538461538463,1.8461538461538463
2024-01-18,hairspray,knotless,7.02,43,17,1,0,0,9,3,1,hairspray_knotless,22.0,18.666666666666668,1.7,4.3
2024-01-19,premium_braiding_hair,twists,18.03,16,16,0,0,0,8,4,1,premium_braiding_hair_twists,32.0,25.333333333333332,1.7777777777777777,1.7777777777777777
2024-01-19,standard_braiding_hair,twists,13.76,25,25,0,0,0,9,4,1,standard_braiding_hair_twists,44.0,29.666666666666668,2.5,2.5
2024-01-19,beads,knotless,5.81,61,26,0,0,0,10,4,1,beads_knotless,25.0,22.333333333333332,2.3636363636363638,5.545454545454546
2024-01-19,edge_control,knotless,7.13,74,23,0,0,0,5,4,1,edge_control_knotless,11.0,19.666666666666668,3.8333333333333335,12.333333333333334
2024-01-19,hair_gel,cornrows,5.21,51,21,0,0,0,10,4,1,hair_gel_cornrows,24.0,22.666666666666668,1.9090909090909092,4.636363636363637
2024-01-19,mousse,twists,8.5,50,21,0,0,0,11,4,1,mousse_twists,24.0,23.333333333333332,1.75,4.166666666666667
2024-01-19,hairspray,knotless,6.42,54,18,0,0,0,8,4,1,hairspray_knotless,17.0,19.0,2.0,6.0
2024-01-20,premium_braiding_hair,box_braids,16.35,39,39,0,1,0,14,5,1,premium_braiding_hair_box_braids,16.0,29.0,2.6,2.6
2024-01-20,standard_braiding_hair,knotless,15.16,48,35,0,1,0,9,5,1,standard_braiding_hair_knotless,25.0,34.666666666666664,3.5,4.8
2024-01-20,beads,cornrows,4.73,66,28,0,1,0,12,5,1,beads_cornrows,26.0,26.333333333333332,2.1538461538461537,5.076923076923077
2024-01-20,edge_control,knotless,6.73,63,22,0,1,0,7,5,1,edge_control_knotless,23.0,18.666666666666668,2.75,7.875
2024-01-20,hair_gel,twists,5.09,27,12,0,1,0,6,5,1,hair_gel_twists,21.0,19.0,1.7142857142857142,3.857142857142857
2024-01-20,mousse,knotless,11.26,46,41,1,1,0,7,5,1,mousse_knotless,21.0,28.666666666666668,5.125,5.75
2024-01-20,hairspray,box_braids,8.11,61,12,0,1,0,8,5,1,hairspray_box_braids,18.0,15.666666666666666,1.3333333333333333,6.777777777777778
2024-01-21,premium_braiding_hair,knotless,17.64,52,52,0,1,0,3,6,1,premium_braiding_hair_knotless,39.0,35.666666666666664,13.0,13.0
2024-01-21,standard_braiding_hair,twists,15.53,48,48,1,1,0,10,6,1,standard_braiding_hair_twists,35.0,36.0,4.363636363636363,4.363636363636363
2024-01-21,beads,twists,7.57,73,21,0,1,0,13,6,1,beads_twists,28.0,25.0,1.5,5.214285714285714
2024-01-21,edge_control,box_braids,5.95,22,22,1,1,0,10,6,1,edge_control_box_braids,22.0,22.333333333333332,2.0,2.0
2024-01-21,hair_gel,knotless,5.72,51,26,1,1,0,13,6,1,hair_gel_knotless,12.0,19.666666666666668,1.8571428571428572,3.642857142857143
2024-01-21,mousse,cornrows,7.75,74,30,1,1,0,6,6,1,mousse_cornrows,41.0,30.666666666666668,4.285714285714286,10.571428571428571
2024-01-21,hairspray,knotless,7.52,26,11,0,1,0,6,6,1,hairspray_knotless,12.0,13.666666666666666,1.5714285714285714,3.7142857142857144
2024-01-22,premium_braiding_hair,twists,17.46,38,28,0,0,0,13,0,1,premium_braiding_hair_twists,52.0,39.666666666666664,2.0,2.7142857142857144
2024-01-22,standard_braiding_hair,box_braids,15.87,28,28,1,0,0,9,0,1,standard_braiding_hair_box_braids,48.0,37.0,2.8,2.8
2024-01-22,beads,box_braids,4.82,18,18,0,0,0,13,0,1,beads_box_braids,21.0,22.333333333333332,1.2857142857142858,1.2857142857142858
2024-01-22,edge_control,knotless,8.35,32,15,0,0,0,6,0,1,edge_control_knotless,22.0,19.666666666666668,2.142857142857143,4.571428571428571
2024-01-22,hair_gel,box_braids,6.72,41,24,0,0,0,10,0,1,hair_gel_box_braids,26.0,20.666666666666668,2.1818181818181817,3.727272727272727
2024-01-22,mousse,box_braids,7.16,67,22,0,0,0,12,0,1,mousse_box_braids,30.0,31.0,1.6923076923076923,5.153846153846154
2024-01-22,hairspray,knotless,7.88,79,14,0,0,0,6,0,1,hairspray_knotless,11.0,12.333333333333334,2.0,11.285714285714286
2024-01-23,premium_braiding_hair,cornrows,17.08,25,25,0,0,0,10,1,1,premium_braiding_hair_cornrows,28.0,35.0,2.272727272727273,2.272727272727273
2024-01-23,standard_braiding_hair,box_braids,15.13,69,32,0,0,0,5,1,1,standard_braiding_hair_box_braids,28.0,36.0,5.333333333333333,11.5
2024-01-23,beads,cornrows,4.52,76,17,0,0,0,4,1,1,beads_cornrows,18.0,18.666666666666668,3.4,15.2
2024-01-23,edge_control,box_braids,8.77,57,22,0,0,0,16,1,1,edge_control_box_braids,15.0,19.666666666666668,1.2941176470588236,3.3529411764705883
2024-01-23,hair_gel,twists,5.69,58,13,1,0,0,5,1,1,hair_gel_twists,24.0,21.0,2.1666666666666665,9.666666666666666
2024-01-23,mousse,cornrows,8.77,76,19,1,0,0,8,1,1,mousse_cornrows,22.0,23.666666666666668,2.111111111111111,8.444444444444445
2024-01-23,hairspray,twists,8.27,39,19,1,0,0,11,1,1,hairspray_twists,14.0,14.666666666666666,1.5833333333333333,3.25
2024-01-24,premium_braiding_hair,cornrows,18.21,37,37,1,0,0,12,2,1,premium_braiding_hair_cornrows,25.0,30.0,2.8461538461538463,2.8461538461538463
2024-01-24,standard_braiding_hair,knotless,15.45,21,21,0,0,0,12,2,1,standard_braiding_hair_knotless,32.0,27.0,1.6153846153846154,1.6153846153846154
2024-01-24,beads,knotless,5.79,53,24,0,0,0,9,2,1,beads_knotless,17.0,19.666666666666668,2.4,5.3
2024-01-24,edge_control,cornrows,7.9,45,22,0,0,0,12,2,1,edge_control_cornrows,22.0,19.666666666666668,1.6923076923076923,3.4615384615384617
2024-01-24,hair_gel,box_braids,7.28,69,6,0,0,0,3,2,1,hair_gel_box_braids,13.0,14.333333333333334,1.5,17.25
2024-01-24,mousse,cornrows,9.15,39,18,0,0,0,9,2,1,mousse_cornrows,19.0,19.666666666666668,1.8,3.9
2024-01-24,hairspray,box_braids,9.07,46,19,0,0,0,15,2,1,hairspray_box_braids,19.0,17.333333333333332,1.1875,2.875
2024-01-25,premium_braiding_hair,twists,16.39,71,32,0,0,0,13,3,1,premium_braiding_hair_twists,37.0,31.333333333333332,2.2857142857142856,5.071428571428571
2024-01-25,standard_braiding_hair,box_braids,13.24,19,19,1,0,0,11,3,1,standard_braiding_hair_box_braids,21.0,24.0,1.5833333333333333,1.5833333333333333
2024-01-25,beads,box_braids,5.45,44,20,0,0,0,8,3,1,beads_box_braids,24.0,20.333333333333332,2.2222222222222223,4.888888888888889
2024-01-25,edge_control,box_braids,5.79,26,11,0,0,0,12,3,1,edge_control_box_braids,22.0,18.333333333333332,0.8461538461538461,2.0
2024-01-25,hair_gel,cornrows,6.83,60,18,1,0,0,9,3,1,hair_gel_cornrows,6.0,12.333333333333334,1.8,6.0
2024-01-25,mousse,knotless,9.49,71,26,0,0,0,10,3,1,mousse_knotless,18.0,21.0,2.3636363636363638,6.454545454545454
2024-01-25,hairspray,knotless,10.5,63,18,0,0,0,11,3,1,hairspray_knotless,19.0,18.666666666666668,1.5,5.25
2024-01-26,premium_braiding_hair,box_braids,17.43,76,51,0,0,0,11,4,1,premium_braiding_hair_box_braids,32.0,40.0,4.25,6.333333333333333
2024-01-26,standard_braiding_hair,box_braids,14.87,28,28,0,0,0,11,4,1,standard_braiding_hair_box_braids,19.0,22.666666666666668,2.3333333333333335,2.3333333333333335
2024-01-26,beads,twists,6.08,19,19,0,0,0,13,4,1,beads_twists,20.0,21.0,1.3571428571428572,1.3571428571428572
2024-01-26,edge_control,cornrows,7.05,19,19,0,0,0,9,4,1,edge_control_cornrows,11.0,17.333333333333332,1.9,1.9
2024-01-26,hair_gel,box_braids,6.22,54,12,0,0,0,8,4,1,hair_gel_box_braids,18.0,12.0,1.3333333333333333,6.0
2024-01-26,mousse,box_braids,9.54,70,34,1,0,0,17,4,1,mousse_box_braids,26.0,26.0,1.8888888888888888,3.888888888888889
2024-01-26,hairspray,box_braids,8.31,54,20,0,0,0,16,4,1,hairspray_box_braids,18.0,19.0,1.1764705882352942,3.176470588235294
2024-01-27,premium_braiding_hair,twists,18.32,56,44,0,1,0,12,5,1,premium_braiding_hair_twists,51.0,42.333333333333336,3.3846153846153846,4.3076923076923075
2024-01-27,standard_braiding_hair,twists,14.17,44,36,0,1,0,8,5,1,standard_braiding_hair_twists,28.0,27.666666666666668,4.0,4.888888888888889
2024-01-27,beads,cornrows,5.19,26,26,1,1,0,11,5,1,beads_cornrows,19.0,21.666666666666668,2.1666666666666665,2.1666666666666665
2024-01-27,edge_control,box_braids,7.19,44,20,0,1,0,10,5,1,edge_control_box_braids,19.0,16.666666666666668,1.8181818181818181,4.0
2024-01-27,hair_gel,cornrows,6.56,74,22,0,1,0,11,5,1,hair_gel_cornrows,12.0,17.333333333333332,1.8333333333333333,6.166666666666667
2024-01-27,mousse,knotless,9.19,78,36,1,1,0,7,5,1,mousse_knotless,34.0,32.0,4.5,9.75
2024-01-27,hairspray,box_braids,7.52,36,22,0,1,0,12,5,1,hairspray_box_braids,20.0,20.0,1.6923076923076923,2.769230769230769
2024-01-28,premium_braiding_hair,knotless,19.91,66,66,1,1,0,10,6,1,premium_braiding_hair_knotless,44.0,53.666666666666664,6.0,6.0
2024-01-28,standard_braiding_hair,box_braids,15.73,46,46,1,1,0,8,6,1,standard_braiding_hair_box_braids,36.0,36.666666666666664,5.111111111111111,5.111111111111111
2024-01-28,beads,knotless,4.95,27,27,0,1,0,13,6,1,beads_knotless,26.0,24.0,1.9285714285714286,1.9285714285714286
2024-01-28,edge_control,box_braids,7.24,46,19,0,1,0,11,6,1,edge_control_box_braids,20.0,19.333333333333332,1.5833333333333333,3.8333333333333335
2024-01-28,hair_gel,knotless,5.43,72,9,0,1,0,8,6,1,hair_gel_knotless,22.0,14.333333333333334,1.0,8.0
2024-01-28,mousse,twists,9.5,39,33,0,1,0,12,6,1,mousse_twists,36.0,34.333333333333336,2.5384615384615383,3.0
2024-01-28,hairspray,twists,8.46,41,21,0,1,0,15,6,1,hairspray_twists,22.0,21.0,1.3125,2.5625
2024-01-29,premium_braiding_hair,knotless,19.25,58,58,1,0,0,8,0,1,premium_braiding_hair_knotless,66.0,56.0,6.444444444444445,6.444444444444445
2024-01-29,standard_braiding_hair,box_braids,16.5,23,23,0,0,0,11,0,1,standard_braiding_hair_box_braids,46.0,35.0,1.9166666666666667,1.9166666666666667
2024-01-29,beads,knotless,4.37,16,16,0,0,0,8,0,1,beads_knotless,27.0,23.0,1.7777777777777777,1.7777777777777777
2024-01-29,edge_control,box_braids,6.61,52,27,0,0,0,12,0,1,edge_control_box_braids,19.0,22.0,2.076923076923077,4.0
2024-01-29,hair_gel,twists,5.98,55,24,1,0,0,13,0,1,hair_gel_twists,9.0,18.333333333333332,1.7142857142857142,3.9285714285714284
2024-01-29,mousse,twists,8.09,68,22,0,0,0,8,0,1,mousse_twists,33.0,30.333333333333332,2.4444444444444446,7.555555555555555
2024-01-29,hairspray,knotless,9.02,16,12,1,0,0,8,0,1,hairspray_knotless,21.0,18.333333333333332,1.3333333333333333,1.7777777777777777
2024-01-30,premium_braiding_hair,knotless,17.27,52,47,0,0,0,10,1,1,premium_braiding_hair_knotless,58.0,57.0,4.2727272727272725,4.7272727272727275
2024-01-30,standard_braiding_hair,cornrows,15.28,58,32,1,0,0,11,1,1,standard_braiding_hair_cornrows,23.0,33.666666666666664,2.6666666666666665,4.833333333333333
2024-01-30,beads,cornrows,6.38,46,33,1,0,0,7,1,1,beads_cornrows,16.0,25.333333333333332,4.125,5.75
2024-01-30,edge_control,box_braids,7.52,76,21,0,0,0,12,1,1,edge_control_box_braids,27.0,22.333333333333332,1.6153846153846154,5.846153846153846
2024-01-30,hair_gel,cornrows,6.95,72,21,0,0,0,13,1,1,hair_gel_cornrows,24.0,18.0,1.5,5.142857142857143
2024-01-30,mousse,knotless,8.35,28,28,0,0,0,16,1,1,mousse_knotless,22.0,27.666666666666668,1.6470588235294117,1.6470588235294117
2024-01-30,hairspray,box_braids,5.97,59,12,0,0,0,8,1,1,hairspray_box_braids,12.0,15.0,1.3333333333333333,6.555555555555555
2024-01-31,premium_braiding_hair,twists,19.73,58,36,0,0,0,9,2,1,premium_braiding_hair_twists,47.0,47.0,3.6,5.8
2024-01-31,standard_braiding_hair,knotless,18.09,42,26,0,0,0,11,2,1,standard_braiding_hair_knotless,32.0,27.0,2.1666666666666665,3.5
2024-01-31,beads,knotless,6.09,21,17,0,0,0,5,2,1,beads_knotless,33.0,22.0,2.8333333333333335,3.5
2024-01-31,edge_control,cornrows,8.03,34,23,0,0,0,9,2,1,edge_control_cornrows,21.0,23.666666666666668,2.3,3.4
2024-01-31,hair_gel,twists,6.6,48,20,0,0,0,5,2,1,hair_gel_twists,21.0,21.666666666666668,3.3333333333333335,8.0
2024-01-31,mousse,cornrows,10.38,29,29,0,0,0,13,2,1,mousse_cornrows,28.0,26.333333333333332,2.0714285714285716,2.0714285714285716
2024-01-31,hairspray,box_braids,8.32,56,16,1,0,0,11,2,1,hairspray_box_braids,12.0,13.333333333333334,1.3333333333333333,4.666666666666667
2024-02-01,premium_braiding_hair,box_braids,17.15,28,28,0,0,0,9,3,2,premium_braiding_hair_box_braids,36.0,37.0,2.8,2.8
2024-02-01,standard_braiding_hair,twists,15.37,31,31,0,0,0,15,3,2,standard_braiding_hair_twists,26.0,29.666666666666668,1.9375,1.9375
2024-02-01,beads,knotless,4.91,70,28,1,0,0,9,3,2,beads_knotless,17.0,26.0,2.8,7.0
2024-02-01,edge_control,twists,6.41,28,19,0,0,0,9,3,2,edge_control_twists,23.0,21.0,1.9,2.8
2024-02-01,hair_gel,twists,5.57,57,8,1,0,0,4,3,2,hair_gel_twists,20.0,16.333333333333332,1.6,11.4
2024-02-01,mousse,twists,9.5,51,23,0,0,0,7,3,2,mousse_twists,29.0,26.666666666666668,2.875,6.375
2024-02-01,hairspray,box_braids,9.3,20,13,1,0,0,3,3,2,hairspray_box_braids,16.0,13.666666666666666,3.25,5.0
2024-02-02,premium_braiding_hair,twists,17.87,51,41,1,0,0,8,4,2,premium_braiding_hair_twists,28.0,35.0,4.555555555555555,5.666666666666667
2024-02-02,standard_braiding_hair,box_braids,14.11,26,26,0,0,0,6,4,2,standard_braiding_hair_box_braids,31.0,27.666666666666668,3.7142857142857144,3.7142857142857144
2024-02-02,beads,knotless,5.07,64,11,0,0,0,8,4,2,beads_knotless,28.0,18.666666666666668,1.2222222222222223,7.111111111111111
2024-02-02,edge_control,twists,6.86,37,27,0,0,0,11,4,2,edge_control_twists,19.0,23.0,2.25,3.0833333333333335
2024-02-02,hair_gel,twists,5.28,15,15,0,0,0,10,4,2,hair_gel_twists,8.0,14.333333333333334,1.3636363636363635,1.3636363636363635
2024-02-02,mousse,knotless,8.08,69,36,1,0,0,11,4,2,mousse_knotless,23.0,29.333333333333332,3.0,5.75
2024-02-02,hairspray,cornrows,8.18,31,15,0,0,0,10,4,2,hairspray_cornrows,13.0,14.666666666666666,1.3636363636363635,2.8181818181818183
2024-02-03,premium_braiding_hair,box_braids,18.45,47,47,0,1,0,10,5,2,premium_braiding_hair_box_braids,41.0,38.666666666666664,4.2727272727272725,4.2727272727272725
2024-02-03,standard_braiding_hair,box_braids,16.01,76,38,0,1,0,11,5,2,standard_braiding_hair_box_braids,26.0,31.666666666666668,3.1666666666666665,6.333333333333333
2024-02-03,beads,box_braids,4.67,18,18,0,1,0,9,5,2,beads_box_braids,11.0,19.0,1.8,1.8
2024-02-03,edge_control,knotless,8.29,37,27,1,1,0,12,5,2,edge_control_knotless,27.0,24.333333333333332,2.076923076923077,2.8461538461538463
2024-02-03,hair_gel,twists,7.16,79,12,0,1,0,9,5,2,hair_gel_twists,15.0,11.666666666666666,1.2,7.9
2024-02-03,mousse,twists,8.36,47,38,0,1,0,13,5,2,mousse_twists,36.0,32.333333333333336,2.7142857142857144,3.357142857142857
2024-02-03,hairspray,twists,8.31,60,7,0,1,0,6,5,2,hairspray_twists,15.0,11.666666666666666,1.0,8.571428571428571
2024-02-04,premium_braiding_hair,box_braids,16.61,42,42,0,1,0,12,6,2,premium_braiding_hair_box_braids,47.0,43.333333333333336,3.230769230769231,3.230769230769231
2024-02-04,standard_braiding_hair,box_braids,14.47,60,28,0,1,0,5,6,2,standard_braiding_hair_box_braids,38.0,30.666666666666668,4.666666666666667,10.0
2024-02-04,beads,knotless,3.81,61,42,1,1,0,10,6,2,beads_knotless,18.0,23.666666666666668,3.8181818181818183,5.545454545454546
2024-02-04,edge_control,twists,6.72,66,26,1,1,0,14,6,2,edge_control_twists,27.0,26.666666666666668,1.7333333333333334,4.4
2024-02-04,hair_gel,knotless,6.25,30,17,0,1,0,12,6,2,hair_gel_knotless,12.0,14.666666666666666,1.3076923076923077,2.3076923076923075
2024-02-04,mousse,knotless,8.78,21,21,0,1,0,8,6,2,mousse_knotless,38.0,31.666666666666668,2.3333333333333335,2.3333333333333335
2024-02-04,hairspray,cornrows,8.16,77,17,0,1,0,10,6,2,hairspray_cornrows,7.0,13.0,1.5454545454545454,7.0
2024-02-05,premium_braiding_hair,knotless,17.85,68,58,1,0,0,7,0,2,premium_braiding_hair_knotless,42.0,49.0,7.25,8.5
2024-02-05,standard_braiding_hair,box_braids,16.21,27,25,0,0,0,11,0,2,standard_braiding_hair_box_braids,28.0,30.333333333333332,2.0833333333333335,2.25
2024-02-05,beads,knotless,6.16,56,26,0,0,0,11,0,2,beads_knotless,42.0,28.666666666666668,2.1666666666666665,4.666666666666667
2024-02-05,edge_control,twists,7.69,64,24,0,0,0,10,0,2,edge_control_twists,26.0,25.666666666666668,2.1818181818181817,5.818181818181818
2024-02-05,hair_gel,cornrows,5.22,69,20,0,0,0,11,0,2,hair_gel_cornrows,17.0,16.333333333333332,1.6666666666666667,5.75
2024-02-05,mousse,knotless,8.81,47,29,1,0,0,8,0,2,mousse_knotless,21.0,29.333333333333332,3.2222222222222223,5.222222222222222
2024-02-05,hairspray,twists,7.36,25,10,0,0,0,9,0,2,hairspray_twists,17.0,11.333333333333334,1.0,2.5
2024-02-06,premium_braiding_hair,knotless,17.2,39,39,0,0,0,12,1,2,premium_braiding_hair_knotless,58.0,46.333333333333336,3.0,3.0
2024-02-06,standard_braiding_hair,knotless,14.48,56,35,0,0,0,14,1,2,standard_braiding_hair_knotless,25.0,29.333333333333332,2.3333333333333335,3.7333333333333334
2024-02-06,beads,twists,4.42,50,20,0,0,0,8,1,2,beads_twists,26.0,29.333333333333332,2.2222222222222223,5.555555555555555
2024-02-06,edge_control,cornrows,9.08,74,15,0,0,0,6,1,2,edge_control_cornrows,24.0,21.666666666666668,2.142857142857143,10.571428571428571
2024-02-06,hair_gel,knotless,6.33,22,15,0,0,0,8,1,2,hair_gel_knotless,20.0,17.333333333333332,1.6666666666666667,2.4444444444444446
2024-02-06,mousse,knotless,8.81,16,16,0,0,0,12,1,2,mousse_knotless,29.0,22.0,1.2307692307692308,1.2307692307692308
2024-02-06,hairspray,cornrows,8.87,44,7,1,0,0,5,1,2,hairspray_cornrows,10.0,11.333333333333334,1.1666666666666667,7.333333333333333
2024-02-07,premium_braiding_hair,knotless,17.08,69,61,1,0,0,4,2,2,premium_braiding_hair_knotless,39.0,52.666666666666664,12.2,13.8
2024-02-07,standard_braiding_hair,twists,16.31,26,26,1,0,0,5,2,2,standard_braiding_hair_twists,35.0,28.666666666666668,4.333333333333333,4.333333333333333
2024-02-07,beads,twists,4.72,19,16,0,0,0,6,2,2,beads_twists,20.0,20.666666666666668,2.2857142857142856,2.7142857142857144
2024-02-07,edge_control,twists,6.76,35,25,1,0,0,10,2,2,edge_control_twists,15.0,21.333333333333332,2.272727272727273,3.1818181818181817
2024-02-07,hair_gel,twists,5.85,52,18,1,0,0,8,2,2,hair_gel_twists,15.0,17.666666666666668,2.0,5.777777777777778
2024-02-07,mousse,twists,9.09,16,16,0,0,0,6,2,2,mousse_twists,16.0,20.333333333333332,2.2857142857142856,2.2857142857142856
2024-02-07,hairspray,cornrows,7.9,69,18,1,0,0,12,2,2,hairspray_cornrows,7.0,11.666666666666666,1.3846153846153846,5.3076923076923075
2024-02-08,premium_braiding_hair,knotless,17.56,26,26,1,0,0,9,3,2,premium_braiding_hair_knotless,61.0,42.0,2.6,2.6
2024-02-08,standard_braiding_hair,twists,15.43,21,21,0,0,0,13,3,2,standard_braiding_hair_twists,26.0,27.333333333333332,1.5,1.5
2024-02-08,beads,twists,5.71,16,16,0,0,0,8,3,2,beads_twists,16.0,17.333333333333332,1.7777777777777777,1.7777777777777777
2024-02-08,edge_control,knotless,6.7,68,27,0,0,0,10,3,2,edge_control_knotless,25.0,22.333333333333332,2.4545454545454546,6.181818181818182
2024-02-08,hair_gel,knotless,5.2,39,10,0,0,0,10,3,2,hair_gel_knotless,18.0,14.333333333333334,0.9090909090909091,3.5454545454545454
2024-02-08,mousse,box_braids,9.05,27,27,0,0,0,11,3,2,mousse_box_braids,16.0,19.666666666666668,2.25,2.25
2024-02-08,hairspray,cornrows,6.34,20,9,0,0,0,3,3,2,hairspray_cornrows,18.0,11.333333333333334,2.25,5.0
2024-02-09,premium_braiding_hair,cornrows,19.49,16,16,0,0,0,13,4,2,premium_braiding_hair_cornrows,26.0,34.333333333333336,1.1428571428571428,1.1428571428571428
2024-02-09,standard_braiding_hair,knotless,14.23,76,24,0,0,0,8,4,2,standard_braiding_hair_knotless,21.0,23.666666666666668,2.6666666666666665,8.444444444444445
2024-02-09,beads,twists,5.0,31,22,0,0,0,8,4,2,beads_twists,16.0,18.0,2.4444444444444446,3.4444444444444446
2024-02-09,edge_control,box_braids,5.96,52,17,0,0,0,5,4,2,edge_control_box_braids,27.0,23.0,2.8333333333333335,8.666666666666666
2024-02-09,hair_gel,twists,7.35,41,10,0,0,0,9,4,2,hair_gel_twists,10.0,12.666666666666666,1.0,4.1
2024-02-09,mousse,twists,8.97,19,19,0,0,0,6,4,2,mousse_twists,27.0,20.666666666666668,2.7142857142857144,2.7142857142857144
2024-02-09,hairspray,cornrows,9.37,72,14,0,0,0,9,4,2,hairspray_cornrows,9.0,13.666666666666666,1.4,7.2
2024-02-10,premium_braiding_hair,twists,17.01,67,37,0,1,0,5,5,2,premium_braiding_hair_twists,16.0,26.333333333333332,6.166666666666667,11.166666666666666
2024-02-10,standard_braiding_hair,twists,15.0,40,31,0,1,0,9,5,2,standard_braiding_hair_twists,24.0,25.333333333333332,3.1,4.0
2024-02-10,beads,knotless,4.69,66,22,0,1,0,8,5,2,beads_knotless,22.0,20.0,2.4444444444444446,7.333333333333333
2024-02-10,edge_control,knotless,5.88,74,33,1,1,0,13,5,2,edge_control_knotless,17.0,25.666666666666668,2.357142857142857,5.285714285714286
2024-02-10,hair_gel,twists,6.59,74,18,0,1,0,12,5,2,hair_gel_twists,10.0,12.666666666666666,1.3846153846153846,5.6923076923076925
2024-02-10,mousse,cornrows,9.8,31,27,0,1,0,11,5,2,mousse_cornrows,19.0,24.333333333333332,2.25,2.5833333333333335
2024-02-10,hairspray,twists,10.01,58,17,0,1,0,13,5,2,hairspray_twists,14.0,13.333333333333334,1.2142857142857142,4.142857142857143
2024-02-11,premium_braiding_hair,box_braids,19.23,65,59,0,1,0,10,6,2,premium_braiding_hair_box_braids,37.0,37.333333333333336,5.363636363636363,5.909090909090909
2024-02-11,standard_braiding_hair,twists,14.39,25,25,0,1,0,3,6,2,standard_braiding_hair_twists,31.0,26.666666666666668,6.25,6.25
2024-02-11,beads,knotless,5.72,78,34,0,1,0,13,6,2,beads_knotless,22.0,26.0,2.4285714285714284,5.571428571428571
2024-02-11,edge_control,knotless,6.79,64,27,0,1,0,11,6,2,edge_control_knotless,33.0,25.666666666666668,2.25,5.333333333333333
2024-02-11,hair_gel,box_braids,6.93,16,15,0,1,0,9,6,2,hair_gel_box_braids,18.0,14.333333333333334,1.5,1.6
2024-02-11,mousse,knotless,8.15,46,32,0,1,0,12,6,2,mousse_knotless,27.0,26.0,2.4615384615384617,3.5384615384615383
2024-02-11,hairspray,cornrows,8.2,73,13,0,1,0,11,6,2,hairspray_cornrows,17.0,14.666666666666666,1.0833333333333333,6.083333333333333
2024-02-12,premium_braiding_hair,knotless,18.21,44,44,1,0,0,16,0,2,premium_braiding_hair_knotless,59.0,46.666666666666664,2.588235294117647,2.588235294117647
2024-02-12,standard_braiding_hair,cornrows,15.91,46,31,1,0,0,11,0,2,standard_braiding_hair_cornrows,25.0,29.0,2.5833333333333335,3.8333333333333335
2024-02-12,beads,knotless,3.71,35,29,1,0,0,9,0,2,beads_knotless,34.0,28.333333333333332,2.9,3.5
2024-02-12,edge_control,twists,7.03,36,19,0,0,0,10,0,2,edge_control_twists,27.0,26.333333333333332,1.7272727272727273,3.272727272727273
2024-02-12,hair_gel,twists,6.49,37,17,1,0,0,11,0,2,hair_gel_twists,15.0,16.666666666666668,1.4166666666666667,3.0833333333333335
2024-02-12,mousse,cornrows,10.44,33,30,1,0,0,12,0,2,mousse_cornrows,32.0,29.666666666666668,2.3076923076923075,2.5384615384615383
2024-02-12,hairspray,cornrows,7.75,22,17,0,0,0,12,0,2,hairspray_cornrows,13.0,15.666666666666666,1.3076923076923077,1.6923076923076923
2024-02-13,premium_braiding_hair,box_braids,18.61,78,43,0,0,0,9,1,2,premium_braiding_hair_box_braids,44.0,48.666666666666664,4.3,7.8
2024-02-13,standard_braiding_hair,knotless,13.8,60,29,0,0,0,6,1,2,standard_braiding_hair_knotless,31.0,28.333333333333332,4.142857142857143,8.571428571428571
2024-02-13,beads,box_braids,7.63,72,30,0,0,0,11,1,2,beads_box_braids,29.0,31.0,2.5,6.0
2024-02-13,edge_control,knotless,6.55,30,22,0,0,0,12,1,2,edge_control_knotless,19.0,22.666666666666668,1.6923076923076923,2.3076923076923075
2024-02-13,hair_gel,twists,5.06,18,12,0,0,0,7,1,2,hair_gel_twists,17.0,14.666666666666666,1.5,2.25
2024-02-13,mousse,twists,7.47,68,23,0,0,0,7,1,2,mousse_twists,30.0,28.333333333333332,2.875,8.5
2024-02-13,hairspray,box_braids,7.74,28,21,0,0,0,13,1,2,hairspray_box_braids,17.0,17.0,1.5,2.0
2024-02-14,premium_braiding_hair,cornrows,17.98,18,18,0,0,1,10,2,2,premium_braiding_hair_cornrows,43.0,35.0,1.6363636363636365,1.6363636363636365
2024-02-14,standard_braiding_hair,knotless,14.45,63,51,1,0,1,8,2,2,standard_braiding_hair_knotless,29.0,37.0,5.666666666666667,7.0
2024-02-14,beads,cornrows,5.08,45,30,0,0,1,13,2,2,beads_cornrows,30.0,29.666666666666668,2.142857142857143,3.2142857142857144
2024-02-14,edge_control,box_braids,5.13,32,22,0,0,1,13,2,2,edge_control_box_braids,22.0,21.0,1.5714285714285714,2.2857142857142856
2024-02-14,hair_gel,cornrows,6.19,71,18,0,0,1,11,2,2,hair_gel_cornrows,12.0,15.666666666666666,1.5,5.916666666666667
2024-02-14,mousse,box_braids,8.98,29,28,0,0,1,11,2,2,mousse_box_braids,23.0,27.0,2.3333333333333335,2.4166666666666665
2024-02-14,hairspray,knotless,7.47,17,17,1,0,1,10,2,2,hairspray_knotless,21.0,18.333333333333332,1.5454545454545454,1.5454545454545454
2024-02-15,premium_braiding_hair,box_braids,18.53,78,60,1,0,0,12,3,2,premium_braiding_hair_box_braids,18.0,40.333333333333336,4.615384615384615,6.0
2024-02-15,standard_braiding_hair,box_braids,15.1,18,18,1,0,0,3,3,2,standard_braiding_hair_box_braids,51.0,32.666666666666664,4.5,4.5
2024-02-15,beads,twists,3.9,74,30,1,0,0,10,3,2,beads_twists,30.0,30.0,2.727272727272727,6.7272727272727275
2024-02-15,edge_control,box_braids,7.89,44,28,1,0,0,12,3,2,edge_control_box_braids,22.0,24.0,2.1538461538461537,3.3846153846153846
2024-02-15,hair_gel,knotless,7.57,58,12,0,0,0,7,3,2,hair_gel_knotless,18.0,14.0,1.5,7.25
2024-02-15,mousse,box_braids,7.69,71,23,0,0,0,8,3,2,mousse_box_braids,28.0,24.666666666666668,2.5555555555555554,7.888888888888889
2024-02-15,hairspray,cornrows,8.09,29,11,0,0,0,6,3,2,hairspray_cornrows,17.0,16.333333333333332,1.5714285714285714,4.142857142857143
2024-02-16,premium_braiding_hair,twists,17.16,72,26,0,0,0,5,4,2,premium_braiding_hair_twists,60.0,34.666666666666664,4.333333333333333,12.0
2024-02-16,standard_braiding_hair,box_braids,15.35,75,35,0,0,0,11,4,2,standard_braiding_hair_box_braids,18.0,34.666666666666664,2.9166666666666665,6.25
2024-02-16,beads,box_braids,3.98,47,19,0,0,0,7,4,2,beads_box_braids,30.0,26.333333333333332,2.375,5.875
2024-02-16,edge_control,knotless,7.21,63,23,0,0,0,10,4,2,edge_control_knotless,28.0,24.333333333333332,2.090909090909091,5.7272727272727275
2024-02-16,hair_gel,box_braids,5.55,19,17,1,0,0,5,4,2,hair_gel_box_braids,12.0,15.666666666666666,2.8333333333333335,3.1666666666666665
2024-02-16,mousse,twists,10.0,54,25,0,0,0,16,4,2,mousse_twists,23.0,25.333333333333332,1.4705882352941178,3.176470588235294
2024-02-16,hairspray,knotless,5.87,77,20,0,0,0,9,4,2,hairspray_knotless,11.0,16.0,2.0,7.7
2024-02-17,premium_braiding_hair,box_braids,17.23,29,29,0,1,0,9,5,2,premium_braiding_hair_box_braids,26.0,38.333333333333336,2.9,2.9
2024-02-17,standard_braiding_hair,twists,14.71,28,28,0,1,0,11,5,2,standard_braiding_hair_twists,35.0,27.0,2.3333333333333335,2.3333333333333335
2024-02-17,beads,knotless,7.02,17,17,1,1,0,5,5,2,beads_knotless,19.0,22.0,2.8333333333333335,2.8333333333333335
2024-02-17,edge_control,twists,8.04,53,17,1,1,0,7,5,2,edge_control_twists,23.0,22.666666666666668,2.125,6.625
2024-02-17,hair_gel,knotless,5.74,26,13,0,1,0,11,5,2,hair_gel_knotless,17.0,14.0,1.0833333333333333,2.1666666666666665
2024-02-17,mousse,knotless,7.86,69,37,1,1,0,9,5,2,mousse_knotless,25.0,28.333333333333332,3.7,6.9
2024-02-17,hairspray,knotless,7.15,26,20,0,1,0,11,5,2,hairspray_knotless,20.0,17.0,1.6666666666666667,2.1666666666666665
2024-02-18,premium_braiding_hair,knotless,20.54,54,54,1,1,0,12,6,2,premium_braiding_hair_knotless,29.0,36.333333333333336,4.153846153846154,4.153846153846154
2024-02-18,standard_braiding_hair,cornrows,15.76,18,18,0,1,0,10,6,2,standard_braiding_hair_cornrows,28.0,27.0,1.6363636363636365,1.6363636363636365
2024-02-18,beads,knotless,4.14,26,26,1,1,0,7,6,2,beads_knotless,17.0,20.666666666666668,3.25,3.25
2024-02-18,edge_control,box_braids,7.43,73,19,0,1,0,13,6,2,edge_control_box_braids,17.0,19.666666666666668,1.3571428571428572,5.214285714285714
2024-02-18,hair_gel,cornrows,5.5,39,19,0,1,0,11,6,2,hair_gel_cornrows,13.0,16.333333333333332,1.5833333333333333,3.25
2024-02-18,mousse,knotless,8.7,64,33,0,1,0,11,6,2,mousse_knotless,37.0,31.666666666666668,2.75,5.333333333333333
2024-02-18,hairspray,knotless,6.67,61,19,0,1,0,6,6,2,hairspray_knotless,20.0,19.666666666666668,2.7142857142857144,8.714285714285714
2024-02-19,premium_braiding_hair,twists,18.99,35,33,0,0,0,13,0,2,premium_braiding_hair_twists,54.0,38.666666666666664,2.357142857142857,2.5
2024-02-19,standard_braiding_hair,twists,15.45,61,28,0,0,0,8,0,2,standard_braiding_hair_twists,18.0,24.666666666666668,3.111111111111111,6.777777777777778
2024-02-19,beads,cornrows,4.57,25,23,0,0,0,6,0,2,beads_cornrows,26.0,22.0,3.2857142857142856,3.5714285714285716
2024-02-19,edge_control,knotless,6.68,30,18,0,0,0,10,0,2,edge_control_knotless,19.0,18.0,1.6363636363636365,2.727272727272727
2024-02-19,hair_gel,twists,5.74,15,14,0,0,0,7,0,2,hair_gel_twists,19.0,15.333333333333334,1.75,1.875
2024-02-19,mousse,twists,10.03,29,23,0,0,0,12,0,2,mousse_twists,33.0,31.0,1.7692307692307692,2.230769230769231
2024-02-19,hairspray,knotless,7.41,20,18,1,0,0,6,0,2,hairspray_knotless,19.0,19.0,2.5714285714285716,2.857142857142857
2024-02-20,premium_braiding_hair,cornrows,18.25,76,23,0,0,0,5,1,2,premium_braiding_hair_cornrows,33.0,36.666666666666664,3.8333333333333335,12.666666666666666
2024-02-20,standard_braiding_hair,knotless,14.7,28,27,0,0,0,9,1,2,standard_braiding_hair_knotless,28.0,24.333333333333332,2.7,2.8
2024-02-20,beads,knotless,5.89,59,33,1,0,0,11,1,2,beads_knotless,23.0,27.333333333333332,2.75,4.916666666666667
2024-02-20,edge_control,twists,6.74,67,10,0,0,0,8,1,2,edge_control_twists,18.0,15.666666666666666,1.1111111111111112,7.444444444444445
2024-02-20,hair_gel,box_braids,4.11,47,14,0,0,0,9,1,2,hair_gel_box_braids,14.0,15.666666666666666,1.4,4.7
2024-02-20,mousse,cornrows,8.11,55,23,0,0,0,9,1,2,mousse_cornrows,23.0,26.333333333333332,2.3,5.5
2024-02-20,hairspray,twists,9.24,69,15,0,0,0,8,1,2,hairspray_twists,18.0,17.333333333333332,1.6666666666666667,7.666666666666667
2024-02-21,premium_braiding_hair,twists,19.16,62,33,0,0,0,10,2,2,premium_braiding_hair_twists,23.0,29.666666666666668,3.0,5.636363636363637
2024-02-21,standard_braiding_hair,twists,13.88,75,25,0,0,0,9,2,2,standard_braiding_hair_twists,27.0,26.666666666666668,2.5,7.5
2024-02-21,beads,cornrows,3.89,65,36,1,0,0,9,2,2,beads_cornrows,33.0,30.666666666666668,3.6,6.5
2024-02-21,edge_control,knotless,7.73,42,24,0,0,0,14,2,2,edge_control_knotless,10.0,17.333333333333332,1.6,2.8
2024-02-21,hair_gel,cornrows,6.55,69,16,0,0,0,7,2,2,hair_gel_cornrows,14.0,14.666666666666666,2.0,8.625
2024-02-21,mousse,box_braids,9.81,39,30,0,0,0,16,2,2,mousse_box_braids,23.0,25.333333333333332,1.7647058823529411,2.2941176470588234
2024-02-21,hairspray,cornrows,7.92,49,8,0,0,0,10,2,2,hairspray_cornrows,15.0,13.666666666666666,0.7272727272727273,4.454545454545454
2024-02-22,premium_braiding_hair,twists,19.08,63,27,0,0,0,7,3,2,premium_braiding_hair_twists,33.0,27.666666666666668,3.375,7.875
2024-02-22,standard_braiding_hair,box_braids,14.88,23,23,0,0,0,8,3,2,standard_braiding_hair_box_braids,25.0,25.0,2.5555555555555554,2.5555555555555554
2024-02-22,beads,twists,5.2,65,19,0,0,0,10,3,2,beads_twists,36.0,29.333333333333332,1.7272727272727273,5.909090909090909
2024-02-22,edge_control,cornrows,6.35,15,15,0,0,0,12,3,2,edge_control_cornrows,24.0,16.333333333333332,1.1538461538461537,1.1538461538461537
2024-02-22,hair_gel,twists,4.8,26,8,1,0,0,4,3,2,hair_gel_twists,16.0,12.666666666666666,1.6,5.2
2024-02-22,mousse,knotless,9.15,61,33,1,0,0,13,3,2,mousse_knotless,30.0,28.666666666666668,2.357142857142857,4.357142857142857
2024-02-22,hairspray,cornrows,7.11,50,13,1,0,0,12,3,2,hairspray_cornrows,8.0,12.0,1.0,3.8461538461538463
2024-02-23,premium_braiding_hair,twists,18.86,29,29,0,0,0,9,4,2,premium_braiding_hair_twists,27.0,29.666666666666668,2.9,2.9
2024-02-23,standard_braiding_hair,box_braids,14.9,65,35,0,0,0,10,4,2,standard_braiding_hair_box_braids,23.0,27.666666666666668,3.1818181818181817,5.909090909090909
2024-02-23,beads,knotless,3.93,16,16,0,0,0,10,4,2,beads_knotless,19.0,23.666666666666668,1.4545454545454546,1.4545454545454546
2024-02-23,edge_control,box_braids,5.3,55,15,0,0,0,10,4,2,edge_control_box_braids,15.0,18.0,1.3636363636363635,5.0
2024-02-23,hair_gel,box_braids,5.8,76,17,0,0,0,8,4,2,hair_gel_box_braids,8.0,13.666666666666666,1.8888888888888888,8.444444444444445
2024-02-23,mousse,box_braids,9.47,52,24,1,0,0,9,4,2,mousse_box_braids,33.0,29.0,2.4,5.2
2024-02-23,hairspray,knotless,7.2,44,17,0,0,0,12,4,2,hairspray_knotless,13.0,12.666666666666666,1.3076923076923077,3.3846153846153846
2024-02-24,premium_braiding_hair,twists,17.87,58,33,0,1,0,8,5,2,premium_braiding_hair_twists,29.0,29.666666666666668,3.6666666666666665,6.444444444444445
2024-02-24,standard_braiding_hair,twists,14.65,38,38,1,1,0,12,5,2,standard_braiding_hair_twists,35.0,32.0,2.923076923076923,2.923076923076923
2024-02-24,beads,cornrows,4.69,51,24,0,1,0,6,5,2,beads_cornrows,16.0,19.666666666666668,3.4285714285714284,7.285714285714286
2024-02-24,edge_control,twists,7.33,49,13,0,1,0,12,5,2,edge_control_twists,15.0,14.333333333333334,1.0,3.769230769230769
2024-02-24,hair_gel,cornrows,6.11,52,21,0,1,0,13,5,2,hair_gel_cornrows,17.0,15.333333333333334,1.5,3.7142857142857144
2024-02-24,mousse,twists,9.28,18,18,0,1,0,13,5,2,mousse_twists,24.0,25.0,1.2857142857142858,1.2857142857142858
2024-02-24,hairspray,box_braids,6.89,73,11,0,1,0,9,5,2,hairspray_box_braids,17.0,13.666666666666666,1.1,7.3
2024-02-25,premium_braiding_hair,knotless,17.63,65,59,0,1,0,10,6,2,premium_braiding_hair_knotless,33.0,40.333333333333336,5.363636363636363,5.909090909090909
2024-02-25,standard_braiding_hair,knotless,14.91,56,29,0,1,0,7,6,2,standard_braiding_hair_knotless,38.0,34.0,3.625,7.0
2024-02-25,beads,cornrows,5.16,43,27,0,1,0,10,6,2,beads_cornrows,24.0,22.333333333333332,2.4545454545454546,3.909090909090909
2024-02-25,edge_control,box_braids,5.81,36,19,0,1,0,6,6,2,edge_control_box_braids,13.0,15.666666666666666,2.7142857142857144,5.142857142857143
2024-02-25,hair_gel,box_braids,5.32,65,16,0,1,0,10,6,2,hair_gel_box_braids,21.0,18.0,1.4545454545454546,5.909090909090909
2024-02-25,mousse,cornrows,7.89,60,18,0,1,0,6,6,2,mousse_cornrows,18.0,20.0,2.5714285714285716,8.571428571428571
2024-02-25,hairspray,cornrows,6.18,38,21,0,1,0,12,6,2,hairspray_cornrows,11.0,16.333333333333332,1.6153846153846154,2.923076923076923
2024-02-26,premium_braiding_hair,box_braids,18.71,65,46,0,0,0,16,0,2,premium_braiding_hair_box_braids,59.0,46.0,2.7058823529411766,3.823529411764706
2024-02-26,standard_braiding_hair,knotless,16.13,51,37,0,0,0,12,0,2,standard_braiding_hair_knotless,29.0,34.666666666666664,2.8461538461538463,3.923076923076923
2024-02-26,beads,cornrows,6.66,50,20,0,0,0,8,0,2,beads_cornrows,27.0,23.666666666666668,2.2222222222222223,5.555555555555555
2024-02-26,edge_control,knotless,7.28,70,19,0,0,0,14,0,2,edge_control_knotless,19.0,17.0,1.2666666666666666,4.666666666666667
2024-02-26,hair_gel,twists,5.09,33,17,1,0,0,8,0,2,hair_gel_twists,16.0,18.0,1.8888888888888888,3.6666666666666665
2024-02-26,mousse,twists,10.26,47,22,1,0,0,10,0,2,mousse_twists,18.0,19.333333333333332,2.0,4.2727272727272725
2024-02-26,hairspray,knotless,7.89,65,19,0,0,0,8,0,2,hairspray_knotless,21.0,17.0,2.111111111111111,7.222222222222222
2024-02-27,premium_braiding_hair,twists,19.49,49,46,1,0,0,12,1,2,premium_braiding_hair_twists,46.0,50.333333333333336,3.5384615384615383,3.769230769230769
2024-02-27,standard_braiding_hair,twists,15.72,73,25,0,0,0,6,1,2,standard_braiding_hair_twists,37.0,30.333333333333332,3.5714285714285716,10.428571428571429
2024-02-27,beads,knotless,5.95,68,25,0,0,0,7,1,2,beads_knotless,20.0,24.0,3.125,8.5
2024-02-27,edge_control,knotless,6.11,55,13,0,0,0,8,1,2,edge_control_knotless,19.0,17.0,1.4444444444444444,6.111111111111111
2024-02-27,hair_gel,box_braids,4.56,29,21,1,0,0,7,1,2,hair_gel_box_braids,17.0,18.0,2.625,3.625
2024-02-27,mousse,box_braids,8.23,49,34,1,0,0,11,1,2,mousse_box_braids,22.0,24.666666666666668,2.8333333333333335,4.083333333333333
2024-02-27,hairspray,box_braids,6.87,17,17,0,0,0,10,1,2,hairspray_box_braids,19.0,19.0,1.5454545454545454,1.5454545454545454
2024-02-28,premium_braiding_hair,knotless,18.66,48,44,0,0,0,4,2,2,premium_braiding_hair_knotless,46.0,45.333333333333336,8.8,9.6
2024-02-28,standard_braiding_hair,twists,16.24,45,37,0,0,0,12,2,2,standard_braiding_hair_twists,25.0,33.0,2.8461538461538463,3.4615384615384617
2024-02-28,beads,twists,4.72,69,26,0,0,0,9,2,2,beads_twists,25.0,23.666666666666668,2.6,6.9
2024-02-28,edge_control,box_braids,7.26,27,16,1,0,0,11,2,2,edge_control_box_braids,13.0,16.0,1.3333333333333333,2.25
2024-02-28,hair_gel,box_braids,6.01,45,12,1,0,0,8,2,2,hair_gel_box_braids,21.0,16.666666666666668,1.3333333333333333,5.0
2024-02-28,mousse,knotless,10.29,34,29,0,0,0,13,2,2,mousse_knotless,34.0,28.333333333333332,2.0714285714285716,2.4285714285714284
2024-02-28,hairspray,twists,8.24,67,15,0,0,0,3,2,2,hairspray_twists,17.0,17.0,3.75,16.75
2024-02-29,premium_braiding_hair,cornrows,18.43,26,26,0,0,0,14,3,2,premium_braiding_hair_cornrows,44.0,38.666666666666664,1.7333333333333334,1.7333333333333334
2024-02-29,standard_braiding_hair,cornrows,14.37,63,32,0,0,0,11,3,2,standard_braiding_hair_cornrows,37.0,31.333333333333332,2.6666666666666665,5.25
2024-02-29,beads,twists,5.9,22,22,0,0,0,10,3,2,beads_twists,26.0,24.333333333333332,2.0,2.0
2024-02-29,edge_control,box_braids,6.73,42,18,0,0,0,11,3,2,edge_control_box_braids,16.0,15.666666666666666,1.5,3.5
2024-02-29,hair_gel,cornrows,7.06,29,16,0,0,0,7,3,2,hair_gel_cornrows,12.0,16.333333333333332,2.0,3.625
2024-02-29,mousse,cornrows,9.27,65,22,0,0,0,12,3,2,mousse_cornrows,29.0,28.333333333333332,1.6923076923076923,5.0
2024-02-29,hairspray,knotless,8.41,35,10,0,0,0,8,3,2,hairspray_knotless,15.0,14.0,1.1111111111111112,3.888888888888889
2024-03-01,premium_braiding_hair,cornrows,18.4,31,31,1,0,0,10,4,3,premium_braiding_hair_cornrows,26.0,33.666666666666664,2.8181818181818183,2.8181818181818183
2024-03-01,standard_braiding_hair,box_braids,16.2,56,36,0,0,0,10,4,3,standard_braiding_hair_box_braids,32.0,35.0,3.272727272727273,5.090909090909091
2024-03-01,beads,box_braids,4.0,55,23,0,0,0,11,4,3,beads_box_braids,22.0,23.666666666666668,1.9166666666666667,4.583333333333333
2024-03-01,edge_control,twists,6.85,27,15,0,0,0,9,4,3,edge_control_twists,18.0,16.333333333333332,1.5,2.7
2024-03-01,hair_gel,knotless,5.63,23,15,0,0,0,3,4,3,hair_gel_knotless,16.0,14.333333333333334,3.75,5.75
2024-03-01,mousse,twists,9.76,48,30,0,0,0,16,4,3,mousse_twists,22.0,27.0,1.7647058823529411,2.823529411764706
2024-03-01,hairspray,box_braids,7.66,42,12,0,0,0,11,4,3,hairspray_box_braids,10.0,12.333333333333334,1.0,3.5
2024-03-02,premium_braiding_hair,box_braids,16.59,71,71,1,1,0,15,5,3,premium_braiding_hair_box_braids,31.0,42.666666666666664,4.4375,4.4375
2024-03-02,standard_braiding_hair,box_braids,13.92,67,37,0,1,0,10,5,3,standard_braiding_hair_box_braids,36.0,35.0,3.3636363636363638,6.090909090909091
2024-03-02,beads,knotless,2.36,31,28,0,1,0,12,5,3,beads_knotless,23.0,24.333333333333332,2.1538461538461537,2.3846153846153846
2024-03-02,edge_control,twists,8.41,74,20,0,1,0,9,5,3,edge_control_twists,15.0,17.666666666666668,2.0,7.4
2024-03-02,hair_gel,cornrows,7.55,72,25,1,1,0,8,5,3,hair_gel_cornrows,15.0,18.666666666666668,2.7777777777777777,8.0
2024-03-02,mousse,twists,7.11,20,20,0,1,0,12,5,3,mousse_twists,30.0,24.0,1.5384615384615385,1.5384615384615385
2024-03-02,hairspray,box_braids,8.26,26,10,1,1,0,7,5,3,hairspray_box_braids,12.0,10.666666666666666,1.25,3.25
2024-03-03,premium_braiding_hair,twists,18.67,65,47,0,1,0,15,6,3,premium_braiding_hair_twists,71.0,49.666666666666664,2.9375,4.0625
2024-03-03,standard_braiding_hair,twists,15.15,42,42,0,1,0,12,6,3,standard_braiding_hair_twists,37.0,38.333333333333336,3.230769230769231,3.230769230769231
2024-03-03,beads,box_braids,5.19,23,23,0,1,0,9,6,3,beads_box_braids,28.0,24.666666666666668,2.3,2.3
2024-03-03,edge_control,twists,6.38,71,11,0,1,0,5,6,3,edge_control_twists,20.0,15.333333333333334,1.8333333333333333,11.833333333333334
2024-03-03,hair_gel,knotless,6.9,67,20,0,1,0,8,6,3,hair_gel_knotless,25.0,20.0,2.2222222222222223,7.444444444444445
2024-03-03,mousse,cornrows,7.74,66,21,0,1,0,10,6,3,mousse_cornrows,20.0,23.666666666666668,1.9090909090909092,6.0
2024-03-03,hairspray,knotless,6.91,60,14,1,1,0,9,6,3,hairspray_knotless,10.0,12.0,1.4,6.0
2024-03-04,premium_braiding_hair,knotless,19.25,35,35,0,0,0,9,0,3,premium_braiding_hair_knotless,47.0,51.0,3.5,3.5
2024-03-04,standard_braiding_hair,knotless,14.44,60,33,1,0,0,9,0,3,standard_braiding_hair_knotless,42.0,37.333333333333336,3.3,6.0
2024-03-04,beads,knotless,4.96,47,32,1,0,0,9,0,3,beads_knotless,23.0,27.666666666666668,3.2,4.7
2024-03-04,edge_control,box_braids,6.97,30,22,1,0,0,8,0,3,edge_control_box_braids,11.0,17.666666666666668,2.4444444444444446,3.3333333333333335
2024-03-04,hair_gel,twists,6.33,25,20,0,0,0,16,0,3,hair_gel_twists,20.0,21.666666666666668,1.1764705882352942,1.4705882352941178
2024-03-04,mousse,box_braids,8.18,40,24,0,0,0,16,0,3,mousse_box_braids,21.0,21.666666666666668,1.411764705882353,2.3529411764705883
2024-03-04,hairspray,box_braids,8.02,22,22,1,0,0,13,0,3,hairspray_box_braids,14.0,15.333333333333334,1.5714285714285714,1.5714285714285714
2024-03-05,premium_braiding_hair,box_braids,19.49,79,48,0,0,0,11,1,3,premium_braiding_hair_box_braids,35.0,43.333333333333336,4.0,6.583333333333333
2024-03-05,standard_braiding_hair,twists,16.56,23,23,0,0,0,9,1,3,standard_braiding_hair_twists,33.0,32.666666666666664,2.3,2.3
2024-03-05,beads,box_braids,4.53,69,22,0,0,0,6,1,3,beads_box_braids,32.0,25.666666666666668,3.142857142857143,9.857142857142858
2024-03-05,edge_control,box_braids,6.78,59,21,0,0,0,10,1,3,edge_control_box_braids,22.0,18.0,1.9090909090909092,5.363636363636363
2024-03-05,hair_gel,knotless,6.25,34,18,0,0,0,20,1,3,hair_gel_knotless,20.0,19.333333333333332,0.8571428571428571,1.619047619047619
2024-03-05,mousse,box_braids,7.56,59,27,0,0,0,10,1,3,mousse_box_braids,24.0,24.0,2.4545454545454546,5.363636363636363
2024-03-05,hairspray,twists,7.29,79,8,0,0,0,13,1,3,hairspray_twists,22.0,14.666666666666666,0.5714285714285714,5.642857142857143
2024-03-06,premium_braiding_hair,box_braids,18.75,79,55,1,0,0,8,2,3,premium_braiding_hair_box_braids,48.0,46.0,6.111111111111111,8.777777777777779
2024-03-06,standard_braiding_hair,box_braids,13.07,25,25,0,0,0,11,2,3,standard_braiding_hair_box_braids,23.0,27.0,2.0833333333333335,2.0833333333333335
2024-03-06,beads,twists,3.67,61,29,1,0,0,15,2,3,beads_twists,22.0,27.666666666666668,1.8125,3.8125
2024-03-06,edge_control,cornrows,5.58,29,24,0,0,0,14,2,3,edge_control_cornrows,21.0,22.333333333333332,1.6,1.9333333333333333
2024-03-06,hair_gel,twists,5.58,42,19,0,0,0,10,2,3,hair_gel_twists,18.0,19.0,1.7272727272727273,3.8181818181818183
2024-03-06,mousse,knotless,9.9,38,28,0,0,0,10,2,3,mousse_knotless,27.0,26.333333333333332,2.5454545454545454,3.4545454545454546
2024-03-06,hairspray,twists,8.32,37,8,0,0,0,12,2,3,hairspray_twists,8.0,12.666666666666666,0.6153846153846154,2.8461538461538463
2024-03-07,premium_braiding_hair,box_braids,17.42,24,24,0,0,0,12,3,3,premium_braiding_hair_box_braids,55.0,42.333333333333336,1.8461538461538463,1.8461538461538463
2024-03-07,standard_braiding_hair,box_braids,13.85,55,35,0,0,0,8,3,3,standard_braiding_hair_box_braids,25.0,27.666666666666668,3.888888888888889,6.111111111111111
2024-03-07,beads,box_braids,4.15,39,35,1,0,0,11,3,3,beads_box_braids,29.0,28.666666666666668,2.9166666666666665,3.25
2024-03-07,edge_control,box_braids,5.28,30,21,0,0,0,7,3,3,edge_control_box_braids,24.0,22.0,2.625,3.75
2024-03-07,hair_gel,cornrows,6.42,48,19,0,0,0,14,3,3,hair_gel_cornrows,19.0,18.666666666666668,1.2666666666666666,3.2
2024-03-07,mousse,cornrows,8.71,62,15,0,0,0,14,3,3,mousse_cornrows,28.0,23.333333333333332,1.0,4.133333333333334
2024-03-07,hairspray,twists,7.15,79,12,0,0,0,7,3,3,hairspray_twists,8.0,9.333333333333334,1.5,9.875
2024-03-08,premium_braiding_hair,box_braids,18.89,53,53,1,0,0,11,4,3,premium_braiding_hair_box_braids,24.0,44.0,4.416666666666667,4.416666666666667
2024-03-08,standard_braiding_hair,cornrows,15.84,71,28,0,0,0,9,4,3,standard_braiding_hair_cornrows,35.0,29.333333333333332,2.8,7.1
2024-03-08,beads,box_braids,3.89,17,17,0,0,0,8,4,3,beads_box_braids,35.0,27.0,1.8888888888888888,1.8888888888888888
2024-03-08,edge_control,box_braids,5.12,69,24,0,0,0,13,4,3,edge_control_box_braids,21.0,23.0,1.7142857142857142,4.928571428571429
2024-03-08,hair_gel,knotless,6.85,32,19,0,0,0,11,4,3,hair_gel_knotless,19.0,19.0,1.5833333333333333,2.6666666666666665
2024-03-08,mousse,box_braids,10.88,73,25,0,0,0,9,4,3,mousse_box_braids,15.0,22.666666666666668,2.5,7.3
2024-03-08,hairspray,box_braids,7.34,41,18,1,0,0,10,4,3,hairspray_box_braids,12.0,12.666666666666666,1.6363636363636365,3.727272727272727
2024-03-09,premium_braiding_hair,twists,17.0,33,33,1,1,0,9,5,3,premium_braiding_hair_twists,53.0,36.666666666666664,3.3,3.3
2024-03-09,standard_braiding_hair,knotless,16.49,16,16,1,1,0,9,5,3,standard_braiding_hair_knotless,28.0,26.333333333333332,1.6,1.6
2024-03-09,beads,twists,5.03,70,32,0,1,0,10,5,3,beads_twists,17.0,28.0,2.909090909090909,6.363636363636363
2024-03-09,edge_control,twists,6.36,67,21,0,1,0,10,5,3,edge_control_twists,24.0,22.0,1.9090909090909092,6.090909090909091
2024-03-09,hair_gel,cornrows,5.37,19,19,1,1,0,8,5,3,hair_gel_cornrows,19.0,19.0,2.111111111111111,2.111111111111111
2024-03-09,mousse,knotless,8.77,33,31,0,1,0,14,5,3,mousse_knotless,25.0,23.666666666666668,2.066666666666667,2.2
2024-03-09,hairspray,knotless,9.39,47,15,0,1,0,8,5,3,hairspray_knotless,18.0,15.0,1.6666666666666667,5.222222222222222
2024-03-10,premium_braiding_hair,cornrows,18.66,34,34,0,1,0,13,6,3,premium_braiding_hair_cornrows,33.0,40.0,2.4285714285714284,2.4285714285714284
2024-03-10,standard_braiding_hair,box_braids,15.03,22,22,1,1,0,11,6,3,standard_braiding_hair_box_braids,16.0,22.0,1.8333333333333333,1.8333333333333333
2024-03-10,beads,box_braids,5.04,55,26,0,1,0,7,6,3,beads_box_braids,32.0,25.0,3.25,6.875
2024-03-10,edge_control,box_braids,5.5,63,16,0,1,0,11,6,3,edge_control_box_braids,21.0,20.333333333333332,1.3333333333333333,5.25
2024-03-10,hair_gel,knotless,7.36,38,19,0,1,0,8,6,3,hair_gel_knotless,19.0,19.0,2.111111111111111,4.222222222222222
2024-03-10,mousse,knotless,10.77,43,30,0,1,0,7,6,3,mousse_knotless,31.0,28.666666666666668,3.75,5.375
2024-03-10,hairspray,cornrows,8.83,48,9,0,1,0,8,6,3,hairspray_cornrows,15.0,14.0,1.0,5.333333333333333
2024-03-11,premium_braiding_hair,knotless,18.66,73,54,0,0,0,13,0,3,premium_braiding_hair_knotless,34.0,40.333333333333336,3.857142857142857,5.214285714285714
2024-03-11,standard_braiding_hair,box_braids,13.99,67,29,0,0,0,5,0,3,standard_braiding_hair_box_braids,22.0,22.333333333333332,4.833333333333333,11.166666666666666
2024-03-11,beads,cornrows,5.04,79,24,0,0,0,5,0,3,beads_cornrows,26.0,27.333333333333332,4.0,13.166666666666666
2024-03-11,edge_control,box_braids,8.46,46,20,0,0,0,9,0,3,edge_control_box_braids,16.0,19.0,2.0,4.6
2024-03-11,hair_gel,twists,5.14,41,12,0,0,0,11,0,3,hair_gel_twists,19.0,16.666666666666668,1.0,3.4166666666666665
2024-03-11,mousse,cornrows,9.3,18,18,0,0,0,9,0,3,mousse_cornrows,30.0,26.333333333333332,1.8,1.8
2024-03-11,hairspray,box_braids,9.97,31,14,1,0,0,3,0,3,hairspray_box_braids,9.0,12.666666666666666,3.5,7.75
2024-03-12,premium_braiding_hair,knotless,18.57,61,50,0,0,0,11,1,3,premium_braiding_hair_knotless,54.0,46.0,4.166666666666667,5.083333333333333
2024-03-12,standard_braiding_hair,twists,14.75,62,26,0,0,0,7,1,3,standard_braiding_hair_twists,29.0,25.666666666666668,3.25,7.75
2024-03-12,beads,knotless,6.0,62,31,0,0,0,12,1,3,beads_knotless,24.0,27.0,2.3846153846153846,4.769230769230769
2024-03-12,edge_control,cornrows,7.92,73,31,1,0,0,11,1,3,edge_control_cornrows,20.0,22.333333333333332,2.5833333333333335,6.083333333333333
2024-03-12,hair_gel,cornrows,6.89,22,19,0,0,0,7,1,3,hair_gel_cornrows,12.0,16.666666666666668,2.375,2.75
2024-03-12,mousse,cornrows,8.21,53,25,0,0,0,8,1,3,mousse_cornrows,18.0,24.333333333333332,2.7777777777777777,5.888888888888889
2024-03-12,hairspray,knotless,7.76,74,18,1,0,0,5,1,3,hairspray_knotless,14.0,13.666666666666666,3.0,12.333333333333334
2024-03-13,premium_braiding_hair,knotless,17.6,51,35,0,0,0,5,2,3,premium_braiding_hair_knotless,50.0,46.333333333333336,5.833333333333333,8.5
2024-03-13,standard_braiding_hair,cornrows,14.95,18,18,0,0,0,14,2,3,standard_braiding_hair_cornrows,26.0,24.333333333333332,1.2,1.2
2024-03-13,beads,knotless,4.51,15,15,0,0,0,7,2,3,beads_knotless,31.0,23.333333333333332,1.875,1.875
2024-03-13,edge_control,knotless,7.09,35,27,0,0,0,14,2,3,edge_control_knotless,31.0,26.0,1.8,2.3333333333333335
2024-03-13,hair_gel,knotless,5.9,49,16,0,0,0,10,2,3,hair_gel_knotless,19.0,15.666666666666666,1.4545454545454546,4.454545454545454
2024-03-13,mousse,knotless,7.68,66,22,0,0,0,12,2,3,mousse_knotless,25.0,21.666666666666668,1.6923076923076923,5.076923076923077
2024-03-13,hairspray,twists,6.85,19,18,1,0,0,7,2,3,hairspray_twists,18.0,16.666666666666668,2.25,2.375
2024-03-14,premium_braiding_hair,knotless,16.91,75,41,0,0,0,5,3,3,premium_braiding_hair_knotless,35.0,42.0,6.833333333333333,12.5
2024-03-14,standard_braiding_hair,box_braids,17.06,44,35,1,0,0,10,3,3,standard_braiding_hair_box_braids,18.0,26.333333333333332,3.1818181818181817,4.0
2024-03-14,beads,box_braids,4.36,37,26,0,0,0,6,3,3,beads_box_braids,15.0,24.0,3.7142857142857144,5.285714285714286
2024-03-14,edge_control,box_braids,4.94,36,23,0,0,0,12,3,3,edge_control_box_braids,27.0,27.0,1.7692307692307692,2.769230769230769
2024-03-14,hair_gel,knotless,6.42,24,15,0,0,0,11,3,3,hair_gel_knotless,16.0,16.666666666666668,1.25,2.0
2024-03-14,mousse,cornrows,8.1,42,19,0,0,0,9,3,3,mousse_cornrows,22.0,22.0,1.9,4.2
2024-03-14,hairspray,cornrows,7.3,42,9,0,0,0,8,3,3,hairspray_cornrows,18.0,15.0,1.0,4.666666666666667
2024-03-15,premium_braiding_hair,twists,18.38,76,43,0,0,0,13,4,3,premium_braiding_hair_twists,41.0,39.666666666666664,3.0714285714285716,5.428571428571429
2024-03-15,standard_braiding_hair,twists,13.7,27,27,0,0,0,12,4,3,standard_braiding_hair_twists,35.0,26.666666666666668,2.076923076923077,2.076923076923077
2024-03-15,beads,knotless,4.07,62,27,1,0,0,8,4,3,beads_knotless,26.0,22.666666666666668,3.0,6.888888888888889
2024-03-15,edge_control,box_braids,7.4,27,18,0,0,0,10,4,3,edge_control_box_braids,23.0,22.666666666666668,1.6363636363636365,2.4545454545454546
2024-03-15,hair_gel,box_braids,6.54,67,25,1,0,0,12,4,3,hair_gel_box_braids,15.0,18.666666666666668,1.9230769230769231,5.153846153846154
2024-03-15,mousse,cornrows,7.89,46,34,0,0,0,14,4,3,mousse_cornrows,19.0,25.0,2.2666666666666666,3.066666666666667
2024-03-15,hairspray,knotless,5.91,55,25,1,0,0,10,4,3,hairspray_knotless,9.0,17.333333333333332,2.272727272727273,5.0
2024-03-16,premium_braiding_hair,box_braids,18.04,55,55,0,1,0,9,5,3,premium_braiding_hair_box_braids,43.0,46.333333333333336,5.5,5.5
2024-03-16,standard_braiding_hair,box_braids,14.72,71,40,0,1,0,9,5,3,standard_braiding_hair_box_braids,27.0,34.0,4.0,7.1
2024-03-16,beads,box_braids,6.18,63,29,0,1,0,12,5,3,beads_box_braids,27.0,27.333333333333332,2.230769230769231,4.846153846153846
2024-03-16,edge_control,box_braids,5.92,34,16,1,1,0,12,5,3,edge_control_box_braids,18.0,19.0,1.2307692307692308,2.6153846153846154
2024-03-16,hair_gel,knotless,6.81,18,18,0,1,0,7,5,3,hair_gel_knotless,25.0,19.333333333333332,2.25,2.25
2024-03-16,mousse,cornrows,9.65,44,23,0,1,0,8,5,3,mousse_cornrows,34.0,25.333333333333332,2.5555555555555554,4.888888888888889
2024-03-16,hairspray,box_braids,8.25,62,11,0,1,0,6,5,3,hairspray_box_braids,25.0,15.0,1.5714285714285714,8.857142857142858
2024-03-17,premium_braiding_hair,box_braids,19.34,59,59,0,1,0,5,6,3,premium_braiding_hair_box_braids,55.0,52.333333333333336,9.833333333333334,9.833333333333334
2024-03-17,standard_braiding_hair,twists,16.53,43,40,0,1,0,6,6,3,standard_braiding_hair_twists,40.0,35.666666666666664,5.714285714285714,6.142857142857143
2024-03-17,beads,cornrows,4.51,43,31,1,1,0,8,6,3,beads_cornrows,29.0,29.0,3.4444444444444446,4.777777777777778
2024-03-17,edge_control,cornrows,7.31,76,28,0,1,0,7,6,3,edge_control_cornrows,16.0,20.666666666666668,3.5,9.5
2024-03-17,hair_gel,knotless,5.37,30,9,0,1,0,7,6,3,hair_gel_knotless,18.0,17.333333333333332,1.125,3.75
2024-03-17,mousse,twists,9.86,16,16,0,1,0,6,6,3,mousse_twists,23.0,24.333333333333332,2.2857142857142856,2.2857142857142856
2024-03-17,hairspray,knotless,6.91,76,18,0,1,0,13,6,3,hairspray_knotless,11.0,18.0,1.2857142857142858,5.428571428571429
2024-03-18,premium_braiding_hair,knotless,16.47,42,42,0,0,0,12,0,3,premium_braiding_hair_knotless,59.0,52.0,3.230769230769231,3.230769230769231
2024-03-18,standard_braiding_hair,box_braids,14.84,36,33,0,0,0,6,0,3,standard_braiding_hair_box_braids,40.0,37.666666666666664,4.714285714285714,5.142857142857143
2024-03-18,beads,cornrows,4.46,47,26,0,0,0,13,0,3,beads_cornrows,31.0,28.666666666666668,1.8571428571428572,3.357142857142857
2024-03-18,edge_control,twists,7.98,35,11,0,0,0,9,0,3,edge_control_twists,28.0,18.333333333333332,1.1,3.5
2024-03-18,hair_gel,twists,5.71,32,19,0,0,0,11,0,3,hair_gel_twists,9.0,15.333333333333334,1.5833333333333333,2.6666666666666665
2024-03-18,mousse,knotless,10.16,52,29,0,0,0,12,0,3,mousse_knotless,16.0,22.666666666666668,2.230769230769231,4.0
2024-03-18,hairspray,twists,7.81,29,11,0,0,0,7,0,3,hairspray_twists,18.0,13.333333333333334,1.375,3.625
2024-03-19,premium_braiding_hair,twists,17.7,73,28,0,0,0,6,1,3,premium_braiding_hair_twists,42.0,43.0,4.0,10.428571428571429
2024-03-19,standard_braiding_hair,knotless,15.69,52,25,0,0,0,13,1,3,standard_braiding_hair_knotless,33.0,32.666666666666664,1.7857142857142858,3.7142857142857144
2024-03-19,beads,cornrows,5.04,46,35,1,0,0,11,1,3,beads_cornrows,26.0,30.666666666666668,2.9166666666666665,3.8333333333333335
2024-03-19,edge_control,knotless,7.33,24,18,0,0,0,6,1,3,edge_control_knotless,11.0,19.0,2.5714285714285716,3.4285714285714284
2024-03-19,hair_gel,cornrows,5.16,57,22,1,0,0,10,1,3,hair_gel_cornrows,19.0,16.666666666666668,2.0,5.181818181818182
2024-03-19,mousse,box_braids,9.16,69,28,0,0,0,11,1,3,mousse_box_braids,29.0,24.333333333333332,2.3333333333333335,5.75
2024-03-19,hairspray,twists,9.14,26,12,1,0,0,5,1,3,hairspray_twists,11.0,13.666666666666666,2.0,4.333333333333333
2024-03-20,premium_braiding_hair,knotless,18.12,25,25,0,0,0,9,2,3,premium_braiding_hair_knotless,28.0,31.666666666666668,2.5,2.5
2024-03-20,standard_braiding_hair,box_braids,14.48,35,35,0,0,0,13,2,3,standard_braiding_hair_box_braids,25.0,31.0,2.5,2.5
2024-03-20,beads,cornrows,5.87,79,17,0,0,0,10,2,3,beads_cornrows,35.0,26.0,1.5454545454545454,7.181818181818182
2024-03-20,edge_control,twists,8.99,36,21,0,0,0,8,2,3,edge_control_twists,18.0,16.666666666666668,2.3333333333333335,4.0
2024-03-20,hair_gel,box_braids,5.6,47,18,1,0,0,8,2,3,hair_gel_box_braids,22.0,19.666666666666668,2.0,5.222222222222222
2024-03-20,mousse,cornrows,9.04,34,15,0,0,0,9,2,3,mousse_cornrows,28.0,24.0,1.5,3.4
2024-03-20,hairspray,twists,8.97,63,18,1,0,0,11,2,3,hairspray_twists,12.0,13.666666666666666,1.5,5.25
2024-03-21,premium_braiding_hair,knotless,19.63,54,47,0,0,0,8,3,3,premium_braiding_hair_knotless,25.0,33.333333333333336,5.222222222222222,6.0
2024-03-21,standard_braiding_hair,box_braids,14.24,69,36,0,0,0,12,3,3,standard_braiding_hair_box_braids,35.0,32.0,2.769230769230769,5.3076923076923075
2024-03-21,beads,twists,4.83,73,31,0,0,0,12,3,3,beads_twists,17.0,27.666666666666668,2.3846153846153846,5.615384615384615
2024-03-21,edge_control,box_braids,6.36,71,19,1,0,0,10,3,3,edge_control_box_braids,21.0,19.333333333333332,1.7272727272727273,6.454545454545454
2024-03-21,hair_gel,twists,6.34,26,10,0,0,0,8,3,3,hair_gel_twists,18.0,16.666666666666668,1.1111111111111112,2.888888888888889
2024-03-21,mousse,knotless,9.26,72,31,0,0,0,10,3,3,mousse_knotless,15.0,24.666666666666668,2.8181818181818183,6.545454545454546
2024-03-21,hairspray,knotless,7.74,46,16,1,0,0,7,3,3,hairspray_knotless,18.0,15.333333333333334,2.0,5.75
2024-03-22,premium_braiding_hair,cornrows,16.78,70,44,1,0,0,9,4,3,premium_braiding_hair_cornrows,47.0,38.666666666666664,4.4,7.0
2024-03-22,standard_braiding_hair,twists,14.62,27,27,0,0,0,8,4,3,standard_braiding_hair_twists,36.0,32.666666666666664,3.0,3.0
2024-03-22,beads,twists,6.5,76,26,0,0,0,10,4,3,beads_twists,31.0,24.666666666666668,2.3636363636363638,6.909090909090909
2024-03-22,edge_control,box_braids,5.57,38,20,0,0,0,14,4,3,edge_control_box_braids,19.0,20.0,1.3333333333333333,2.533333333333333
2024-03-22,hair_gel,knotless,5.96,71,22,1,0,0,12,4,3,hair_gel_knotless,10.0,16.666666666666668,1.6923076923076923,5.461538461538462
2024-03-22,mousse,cornrows,9.63,27,17,0,0,0,9,4,3,mousse_cornrows,31.0,21.0,1.7,2.7
2024-03-22,hairspray,twists,8.81,77,9,1,0,0,3,4,3,hairspray_twists,16.0,14.333333333333334,2.25,19.25
2024-03-23,premium_braiding_hair,cornrows,19.84,77,43,0,1,0,9,5,3,premium_braiding_hair_cornrows,44.0,44.666666666666664,4.3,7.7
2024-03-23,standard_braiding_hair,twists,16.05,69,38,0,1,0,11,5,3,standard_braiding_hair_twists,27.0,33.666666666666664,3.1666666666666665,5.75
2024-03-23,beads,cornrows,6.73,27,27,0,1,0,14,5,3,beads_cornrows,26.0,28.0,1.8,1.8
2024-03-23,edge_control,twists,7.66,53,16,0,1,0,10,5,3,edge_control_twists,20.0,18.333333333333332,1.4545454545454546,4.818181818181818
2024-03-23,hair_gel,twists,5.78,52,16,0,1,0,14,5,3,hair_gel_twists,22.0,16.0,1.0666666666666667,3.466666666666667
2024-03-23,mousse,cornrows,8.57,36,26,0,1,0,10,5,3,mousse_cornrows,17.0,24.666666666666668,2.3636363636363638,3.272727272727273
2024-03-23,hairspray,twists,7.28,24,13,0,1,0,6,5,3,hairspray_twists,9.0,12.666666666666666,1.8571428571428572,3.4285714285714284
2024-03-24,premium_braiding_hair,box_braids,18.84,66,48,0,1,0,9,6,3,premium_braiding_hair_box_braids,43.0,45.0,4.8,6.6
2024-03-24,standard_braiding_hair,box_braids,15.53,18,18,0,1,0,17,6,3,standard_braiding_hair_box_braids,38.0,27.666666666666668,1.0,1.0
2024-03-24,beads,box_braids,3.33,31,31,0,1,0,13,6,3,beads_box_braids,27.0,28.0,2.2142857142857144,2.2142857142857144
2024-03-24,edge_control,twists,7.7,60,22,0,1,0,12,6,3,edge_control_twists,16.0,19.333333333333332,1.6923076923076923,4.615384615384615
2024-03-24,hair_gel,cornrows,3.88,75,17,1,1,0,10,6,3,hair_gel_cornrows,16.0,18.333333333333332,1.5454545454545454,6.818181818181818
2024-03-24,mousse,twists,10.17,44,33,0,1,0,14,6,3,mousse_twists,26.0,25.333333333333332,2.2,2.933333333333333
2024-03-24,hairspray,box_braids,8.65,29,10,0,1,0,8,6,3,hairspray_box_braids,13.0,10.666666666666666,1.1111111111111112,3.2222222222222223
2024-03-25,premium_braiding_hair,box_braids,18.72,66,47,0,0,0,14,0,3,premium_braiding_hair_box_braids,48.0,46.0,3.1333333333333333,4.4
2024-03-25,standard_braiding_hair,box_braids,14.7,29,29,1,0,0,8,0,3,standard_braiding_hair_box_braids,18.0,28.333333333333332,3.2222222222222223,3.2222222222222223
2024-03-25,beads,twists,4.58,41,22,0,0,0,8,0,3,beads_twists,31.0,26.666666666666668,2.4444444444444446,4.555555555555555
2024-03-25,edge_control,twists,6.36,31,15,0,0,0,6,0,3,edge_control_twists,22.0,17.666666666666668,2.142857142857143,4.428571428571429
2024-03-25,hair_gel,box_braids,5.8,37,13,0,0,0,12,0,3,hair_gel_box_braids,17.0,15.333333333333334,1.0,2.8461538461538463
2024-03-25,mousse,knotless,10.3,63,27,0,0,0,11,0,3,mousse_knotless,33.0,28.666666666666668,2.25,5.25
2024-03-25,hairspray,cornrows,8.12,77,6,0,0,0,4,0,3,hairspray_cornrows,10.0,9.666666666666666,1.2,15.4
2024-03-26,premium_braiding_hair,cornrows,19.15,52,26,0,0,0,8,1,3,premium_braiding_hair_cornrows,47.0,40.333333333333336,2.888888888888889,5.777777777777778
2024-03-26,standard_braiding_hair,cornrows,15.88,63,38,0,0,0,10,1,3,standard_braiding_hair_cornrows,29.0,28.333333333333332,3.4545454545454546,5.7272727272727275
2024-03-26,beads,knotless,4.56,70,29,1,0,0,14,1,3,beads_knotless,22.0,27.333333333333332,1.9333333333333333,4.666666666666667
2024-03-26,edge_control,cornrows,6.52,18,18,1,0,0,10,1,3,edge_control_cornrows,15.0,18.333333333333332,1.6363636363636365,1.6363636363636365
2024-03-26,hair_gel,cornrows,6.3,28,12,0,0,0,8,1,3,hair_gel_cornrows,13.0,14.0,1.3333333333333333,3.111111111111111
2024-03-26,mousse,box_braids,7.69,40,12,0,0,0,10,1,3,mousse_box_braids,27.0,24.0,1.0909090909090908,3.6363636363636362
2024-03-26,hairspray,cornrows,8.7,29,20,1,0,0,12,1,3,hairspray_cornrows,6.0,12.0,1.5384615384615385,2.230769230769231
2024-03-27,premium_braiding_hair,cornrows,17.62,48,29,0,0,0,11,2,3,premium_braiding_hair_cornrows,26.0,34.0,2.4166666666666665,4.0
2024-03-27,standard_braiding_hair,twists,13.89,15,15,1,0,0,12,2,3,standard_braiding_hair_twists,38.0,27.333333333333332,1.1538461538461537,1.1538461538461537
2024-03-27,beads,knotless,4.58,63,19,0,0,0,8,2,3,beads_knotless,29.0,23.333333333333332,2.111111111111111,7.0
2024-03-27,edge_control,box_braids,5.15,66,18,0,0,0,11,2,3,edge_control_box_braids,18.0,17.0,1.5,5.5
2024-03-27,hair_gel,cornrows,5.59,19,14,0,0,0,6,2,3,hair_gel_cornrows,12.0,13.0,2.0,2.7142857142857144
2024-03-27,mousse,twists,9.2,37,24,0,0,0,9,2,3,mousse_twists,12.0,21.0,2.4,3.7
2024-03-27,hairspray,twists,7.76,75,16,0,0,0,9,2,3,hairspray_twists,20.0,14.0,1.6,7.5
2024-03-28,premium_braiding_hair,box_braids,18.6,74,51,0,0,0,10,3,3,premium_braiding_hair_box_braids,29.0,35.333333333333336,4.636363636363637,6.7272727272727275
2024-03-28,standard_braiding_hair,cornrows,13.43,77,37,0,0,0,11,3,3,standard_braiding_hair_cornrows,15.0,30.0,3.0833333333333335,6.416666666666667
2024-03-28,beads,twists,4.14,45,22,1,0,0,11,3,3,beads_twists,19.0,23.333333333333332,1.8333333333333333,3.75
2024-03-28,edge_control,twists,7.49,15,15,0,0,0,10,3,3,edge_control_twists,18.0,17.0,1.3636363636363635,1.3636363636363635
2024-03-28,hair_gel,knotless,6.15,22,14,1,0,0,5,3,3,hair_gel_knotless,14.0,13.333333333333334,2.3333333333333335,3.6666666666666665
2024-03-28,mousse,knotless,8.56,31,28,0,0,0,8,3,3,mousse_knotless,24.0,21.333333333333332,3.111111111111111,3.4444444444444446
2024-03-28,hairspray,box_braids,6.7,75,18,1,0,0,13,3,3,hairspray_box_braids,16.0,18.0,1.2857142857142858,5.357142857142857
2024-03-29,premium_braiding_hair,cornrows,17.86,49,36,0,0,0,8,4,3,premium_braiding_hair_cornrows,51.0,38.666666666666664,4.0,5.444444444444445
2024-03-29,standard_braiding_hair,knotless,14.34,73,15,0,0,0,7,4,3,standard_braiding_hair_knotless,37.0,22.333333333333332,1.875,9.125
2024-03-29,beads,twists,4.28,27,27,1,0,0,5,4,3,beads_twists,22.0,22.666666666666668,4.5,4.5
2024-03-29,edge_control,cornrows,7.49,49,21,0,0,0,7,4,3,edge_control_cornrows,15.0,18.0,2.625,6.125
2024-03-29,hair_gel,cornrows,6.43,58,19,1,0,0,12,4,3,hair_gel_cornrows,14.0,15.666666666666666,1.4615384615384615,4.461538461538462
2024-03-29,mousse,box_braids,9.53,50,33,1,0,0,13,4,3,mousse_box_braids,28.0,28.333333333333332,2.357142857142857,3.5714285714285716
2024-03-29,hairspray,box_braids,8.32,54,27,0,0,0,16,4,3,hairspray_box_braids,18.0,20.333333333333332,1.588235294117647,3.176470588235294
2024-03-30,premium_braiding_hair,knotless,16.48,45,45,0,1,0,9,5,3,premium_braiding_hair_knotless,36.0,44.0,4.5,4.5
2024-03-30,standard_braiding_hair,cornrows,12.74,59,27,0,1,0,10,5,3,standard_braiding_hair_cornrows,15.0,26.333333333333332,2.4545454545454546,5.363636363636363
2024-03-30,beads,box_braids,4.44,32,31,0,1,0,8,5,3,beads_box_braids,27.0,26.666666666666668,3.4444444444444446,3.5555555555555554
2024-03-30,edge_control,knotless,7.3,57,25,0,1,0,7,5,3,edge_control_knotless,21.0,20.333333333333332,3.125,7.125
2024-03-30,hair_gel,knotless,7.16,18,18,0,1,0,12,5,3,hair_gel_knotless,19.0,17.0,1.3846153846153846,1.3846153846153846
2024-03-30,mousse,box_braids,7.28,54,39,1,1,0,9,5,3,mousse_box_braids,33.0,33.333333333333336,3.9,5.4
2024-03-30,hairspray,knotless,7.91,25,18,0,1,0,11,5,3,hairspray_knotless,27.0,21.0,1.5,2.0833333333333335
2024-03-31,premium_braiding_hair,cornrows,17.87,49,40,0,1,0,14,6,3,premium_braiding_hair_cornrows,45.0,40.333333333333336,2.6666666666666665,3.2666666666666666
2024-03-31,standard_braiding_hair,twists,14.76,23,23,0,1,0,11,6,3,standard_braiding_hair_twists,27.0,21.666666666666668,1.9166666666666667,1.9166666666666667
2024-03-31,beads,twists,4.9,37,21,0,1,0,9,6,3,beads_twists,31.0,26.333333333333332,2.1,3.7
2024-03-31,edge_control,cornrows,6.66,39,20,0,1,0,3,6,3,edge_control_cornrows,25.0,22.0,5.0,9.75
2024-03-31,hair_gel,knotless,5.52,62,15,0,1,0,7,6,3,hair_gel_knotless,18.0,17.333333333333332,1.875,7.75
2024-03-31,mousse,cornrows,9.27,78,29,1,1,0,8,6,3,mousse_cornrows,39.0,33.666666666666664,3.2222222222222223,8.666666666666666
2024-03-31,hairspray,knotless,8.43,32,16,0,1,0,8,6,3,hairspray_knotless,18.0,20.333333333333332,1.7777777777777777,3.5555555555555554
2024-04-01,premium_braiding_hair,twists,19.0,62,31,0,0,0,12,0,4,premium_braiding_hair_twists,40.0,38.666666666666664,2.3846153846153846,4.769230769230769
2024-04-01,standard_braiding_hair,knotless,15.06,16,16,1,0,0,4,0,4,standard_braiding_hair_knotless,23.0,22.0,3.2,3.2
2024-04-01,beads,cornrows,5.78,60,19,0,0,0,7,0,4,beads_cornrows,21.0,23.666666666666668,2.375,7.5
2024-04-01,edge_control,cornrows,6.3,31,25,1,0,0,9,0,4,edge_control_cornrows,20.0,23.333333333333332,2.5,3.1
2024-04-01,hair_gel,twists,5.39,44,8,1,0,0,6,0,4,hair_gel_twists,15.0,13.666666666666666,1.1428571428571428,6.285714285714286
2024-04-01,mousse,cornrows,8.88,51,19,0,0,0,12,0,4,mousse_cornrows,29.0,29.0,1.4615384615384615,3.923076923076923
2024-04-01,hairspray,cornrows,6.81,78,19,0,0,0,15,0,4,hairspray_cornrows,16.0,17.666666666666668,1.1875,4.875
2024-04-02,premium_braiding_hair,box_braids,16.85,77,45,0,0,0,8,1,4,premium_braiding_hair_box_braids,31.0,38.666666666666664,5.0,8.555555555555555
2024-04-02,standard_braiding_hair,twists,16.21,33,28,0,0,0,4,1,4,standard_braiding_hair_twists,16.0,22.333333333333332,5.6,6.6
2024-04-02,beads,cornrows,3.74,36,30,1,0,0,8,1,4,beads_cornrows,19.0,23.333333333333332,3.3333333333333335,4.0
2024-04-02,edge_control,box_braids,6.5,71,8,0,0,0,6,1,4,edge_control_box_braids,25.0,17.666666666666668,1.1428571428571428,10.142857142857142
2024-04-02,hair_gel,twists,6.47,34,19,0,0,0,12,1,4,hair_gel_twists,8.0,14.0,1.4615384615384615,2.6153846153846154
2024-04-02,mousse,knotless,8.79,56,29,0,0,0,16,1,4,mousse_knotless,19.0,25.666666666666668,1.7058823529411764,3.2941176470588234
2024-04-02,hairspray,box_braids,7.63,67,26,1,0,0,12,1,4,hairspray_box_braids,19.0,20.333333333333332,2.0,5.153846153846154
2024-04-03,premium_braiding_hair,knotless,16.12,30,30,0,0,0,14,2,4,premium_braiding_hair_knotless,45.0,35.333333333333336,2.0,2.0
2024-04-03,standard_braiding_hair,twists,15.56,18,18,0,0,0,12,2,4,standard_braiding_hair_twists,28.0,20.666666666666668,1.3846153846153846,1.3846153846153846
2024-04-03,beads,twists,4.32,16,16,0,0,0,17,2,4,beads_twists,30.0,21.666666666666668,0.8888888888888888,0.8888888888888888
2024-04-03,edge_control,knotless,8.67,41,21,0,0,0,12,2,4,edge_control_knotless,8.0,18.0,1.6153846153846154,3.1538461538461537
2024-04-03,hair_gel,twists,5.94,56,21,0,0,0,14,2,4,hair_gel_twists,19.0,16.0,1.4,3.7333333333333334
2024-04-03,mousse,cornrows,7.41,55,24,0,0,0,13,2,4,mousse_cornrows,29.0,24.0,1.7142857142857142,3.9285714285714284
2024-04-03,hairspray,box_braids,9.91,50,14,0,0,0,15,2,4,hairspray_box_braids,26.0,19.666666666666668,0.875,3.125
2024-04-04,premium_braiding_hair,twists,18.39,43,43,1,0,0,16,3,4,premium_braiding_hair_twists,30.0,39.333333333333336,2.5294117647058822,2.5294117647058822
2024-04-04,standard_braiding_hair,twists,15.0,32,31,0,0,0,13,3,4,standard_braiding_hair_twists,18.0,25.666666666666668,2.2142857142857144,2.2857142857142856
2024-04-04,beads,twists,3.41,50,22,0,0,0,11,3,4,beads_twists,16.0,22.666666666666668,1.8333333333333333,4.166666666666667
2024-04-04,edge_control,box_braids,7.25,30,19,0,0,0,12,3,4,edge_control_box_braids,21.0,16.0,1.4615384615384615,2.3076923076923075
2024-04-04,hair_gel,cornrows,7.17,26,19,0,0,0,9,3,4,hair_gel_cornrows,21.0,19.666666666666668,1.9,2.6
2024-04-04,mousse,knotless,8.76,31,23,0,0,0,6,3,4,mousse_knotless,24.0,25.333333333333332,3.2857142857142856,4.428571428571429
2024-04-04,hairspray,box_braids,9.54,41,1,0,0,0,9,3,4,hairspray_box_braids,14.0,13.666666666666666,0.1,4.1
2024-04-05,premium_braiding_hair,cornrows,16.1,68,33,0,0,0,8,4,4,premium_braiding_hair_cornrows,43.0,35.333333333333336,3.6666666666666665,7.555555555555555
2024-04-05,standard_braiding_hair,knotless,15.12,49,38,1,0,0,13,4,4,standard_braiding_hair_knotless,31.0,29.0,2.7142857142857144,3.5
2024-04-05,beads,cornrows,3.41,15,15,0,0,0,12,4,4,beads_cornrows,22.0,17.666666666666668,1.1538461538461537,1.1538461538461537
2024-04-05,edge_control,twists,8.28,34,14,0,0,0,7,4,4,edge_control_twists,19.0,18.0,1.75,4.25
2024-04-05,hair_gel,knotless,3.99,22,16,0,0,0,11,4,4,hair_gel_knotless,19.0,18.666666666666668,1.3333333333333333,1.8333333333333333
2024-04-05,mousse,box_braids,9.53,34,28,0,0,0,7,4,4,mousse_box_braids,23.0,25.0,3.5,4.25
2024-04-05,hairspray,knotless,7.83,27,20,1,0,0,11,4,4,hairspray_knotless,1.0,11.666666666666666,1.6666666666666667,2.25
2024-04-06,premium_braiding_hair,twists,17.7,57,42,0,1,0,7,5,4,premium_braiding_hair_twists,33.0,39.333333333333336,5.25,7.125
2024-04-06,standard_braiding_hair,knotless,13.94,42,29,0,1,0,9,5,4,standard_braiding_hair_knotless,38.0,32.666666666666664,2.9,4.2
2024-04-06,beads,box_braids,6.1,25,23,0,1,0,10,5,4,beads_box_braids,15.0,20.0,2.090909090909091,2.272727272727273
2024-04-06,edge_control,knotless,5.47,56,19,0,1,0,11,5,4,edge_control_knotless,14.0,17.333333333333332,1.5833333333333333,4.666666666666667
2024-04-06,hair_gel,twists,7.01,25,23,0,1,0,14,5,4,hair_gel_twists,16.0,19.333333333333332,1.5333333333333334,1.6666666666666667
2024-04-06,mousse,twists,8.84,68,28,0,1,0,12,5,4,mousse_twists,28.0,26.333333333333332,2.1538461538461537,5.230769230769231
2024-04-06,hairspray,box_braids,5.74,21,21,1,1,0,10,5,4,hairspray_box_braids,20.0,14.0,1.9090909090909092,1.9090909090909092
2024-04-07,premium_braiding_hair,knotless,19.04,71,54,0,1,0,6,6,4,premium_braiding_hair_knotless,42.0,43.0,7.714285714285714,10.142857142857142
2024-04-07,standard_braiding_hair,knotless,15.46,28,28,0,1,0,9,6,4,standard_braiding_hair_knotless,29.0,31.666666666666668,2.8,2.8
2024-04-07,beads,box_braids,6.06,65,24,0,1,0,7,6,4,beads_box_braids,23.0,20.666666666666668,3.0,8.125
2024-04-07,edge_control,knotless,4.73,52,19,0,1,0,14,6,4,edge_control_knotless,19.0,17.333333333333332,1.2666666666666666,3.466666666666667
2024-04-07,hair_gel,cornrows,5.46,64,28,0,1,0,6,6,4,hair_gel_cornrows,23.0,22.333333333333332,4.0,9.142857142857142
2024-04-07,mousse,knotless,9.51,74,32,0,1,0,8,6,4,mousse_knotless,28.0,29.333333333333332,3.5555555555555554,8.222222222222221
2024-04-07,hairspray,cornrows,7.74,22,10,0,1,0,7,6,4,hairspray_cornrows,21.0,17.0,1.25,2.75
2024-04-08,premium_braiding_hair,box_braids,18.86,57,38,0,0,0,7,0,4,premium_braiding_hair_box_braids,54.0,44.666666666666664,4.75,7.125
2024-04-08,standard_braiding_hair,knotless,16.02,73,28,0,0,0,10,0,4,standard_braiding_hair_knotless,28.0,28.333333333333332,2.5454545454545454,6.636363636363637
2024-04-08,beads,cornrows,6.2,62,27,1,0,0,7,0,4,beads_cornrows,24.0,24.666666666666668,3.375,7.75
2024-04-08,edge_control,knotless,5.99,15,12,0,0,0,10,0,4,edge_control_knotless,19.0,16.666666666666668,1.0909090909090908,1.3636363636363635
2024-04-08,hair_gel,cornrows,8.63,33,15,0,0,0,11,0,4,hair_gel_cornrows,28.0,22.0,1.25,2.75
2024-04-08,mousse,box_braids,10.28,53,27,0,0,0,11,0,4,mousse_box_braids,32.0,29.0,2.25,4.416666666666667
2024-04-08,hairspray,box_braids,6.74,16,10,0,0,0,11,0,4,hairspray_box_braids,10.0,13.666666666666666,0.8333333333333334,1.3333333333333333
2024-04-09,premium_braiding_hair,knotless,16.64,52,50,0,0,0,14,1,4,premium_braiding_hair_knotless,38.0,47.333333333333336,3.3333333333333335,3.466666666666667
2024-04-09,standard_braiding_hair,box_braids,12.57,36,27,0,0,0,9,1,4,standard_braiding_hair_box_braids,28.0,27.666666666666668,2.7,3.6
2024-04-09,beads,box_braids,5.58,42,19,0,0,0,5,1,4,beads_box_braids,27.0,23.333333333333332,3.1666666666666665,7.0
2024-04-09,edge_control,twists,7.43,59,13,0,0,0,11,1,4,edge_control_twists,12.0,14.666666666666666,1.0833333333333333,4.916666666666667
2024-04-09,hair_gel,box_braids,6.13,53,13,1,0,0,11,1,4,hair_gel_box_braids,15.0,18.666666666666668,1.0833333333333333,4.416666666666667
2024-04-09,mousse,knotless,8.52,24,21,0,0,0,9,1,4,mousse_knotless,27.0,26.666666666666668,2.1,2.4
2024-04-09,hairspray,knotless,8.58,61,11,0,0,0,6,1,4,hairspray_knotless,10.0,10.333333333333334,1.5714285714285714,8.714285714285714
2024-04-10,premium_braiding_hair,twists,18.55,23,23,1,0,0,13,2,4,premium_braiding_hair_twists,50.0,37.0,1.6428571428571428,1.6428571428571428
2024-04-10,standard_braiding_hair,box_braids,15.52,36,36,1,0,0,10,2,4,standard_braiding_hair_box_braids,27.0,30.333333333333332,3.272727272727273,3.272727272727273
2024-04-10,beads,twists,5.71,70,22,0,0,0,3,2,4,beads_twists,19.0,22.666666666666668,5.5,17.5
2024-04-10,edge_control,box_braids,5.94,55,17,0,0,0,9,2,4,edge_control_box_braids,13.0,14.0,1.7,5.5
2024-04-10,hair_gel,twists,5.74,27,16,0,0,0,10,2,4,hair_gel_twists,13.0,14.666666666666666,1.4545454545454546,2.4545454545454546
2024-04-10,mousse,cornrows,10.39,41,24,0,0,0,8,2,4,mousse_cornrows,21.0,24.0,2.6666666666666665,4.555555555555555
2024-04-10,hairspray,twists,8.05,60,7,0,0,0,3,2,4,hairspray_twists,11.0,9.333333333333334,1.75,15.0
2024-04-11,premium_braiding_hair,twists,17.43,39,28,0,0,0,11,3,4,premium_braiding_hair_twists,23.0,33.666666666666664,2.3333333333333335,3.25
2024-04-11,standard_braiding_hair,twists,15.82,59,30,0,0,0,11,3,4,standard_braiding_hair_twists,36.0,31.0,2.5,4.916666666666667
2024-04-11,beads,cornrows,6.27,33,28,0,0,0,9,3,4,beads_cornrows,22.0,23.0,2.8,3.3
2024-04-11,edge_control,cornrows,6.5,59,26,1,0,0,13,3,4,edge_control_cornrows,17.0,18.666666666666668,1.8571428571428572,4.214285714285714
2024-04-11,hair_gel,cornrows,6.04,33,13,0,0,0,5,3,4,hair_gel_cornrows,16.0,14.0,2.1666666666666665,5.5
2024-04-11,mousse,knotless,9.43,47,27,0,0,0,8,3,4,mousse_knotless,24.0,24.0,3.0,5.222222222222222
2024-04-11,hairspray,box_braids,10.08,52,13,0,0,0,11,3,4,hairspray_box_braids,7.0,10.333333333333334,1.0833333333333333,4.333333333333333
2024-04-12,premium_braiding_hair,box_braids,17.03,42,42,0,0,0,13,4,4,premium_braiding_hair_box_braids,28.0,31.0,3.0,3.0
2024-04-12,standard_braiding_hair,knotless,16.63,40,33,0,0,0,14,4,4,standard_braiding_hair_knotless,30.0,33.0,2.2,2.6666666666666665
2024-04-12,beads,twists,5.92,78,18,0,0,0,9,4,4,beads_twists,28.0,22.666666666666668,1.8,7.8
2024-04-12,edge_control,twists,8.86,35,26,0,0,0,13,4,4,edge_control_twists,26.0,23.0,1.8571428571428572,2.5
2024-04-12,hair_gel,box_braids,5.95,61,10,0,0,0,8,4,4,hair_gel_box_braids,13.0,13.0,1.1111111111111112,6.777777777777778
2024-04-12,mousse,knotless,10.23,71,21,0,0,0,9,4,4,mousse_knotless,27.0,24.0,2.1,7.1
2024-04-12,hairspray,cornrows,7.6,63,8,0,0,0,10,4,4,hairspray_cornrows,13.0,9.333333333333334,0.7272727272727273,5.7272727272727275
2024-04-13,premium_braiding_hair,box_braids,18.57,72,51,0,1,0,8,5,4,premium_braiding_hair_box_braids,42.0,40.333333333333336,5.666666666666667,8.0
2024-04-13,standard_braiding_hair,knotless,15.06,20,20,0,1,0,12,5,4,standard_braiding_hair_knotless,33.0,27.666666666666668,1.5384615384615385,1.5384615384615385
2024-04-13,beads,twists,5.11,33,23,0,1,0,8,5,4,beads_twists,18.0,23.0,2.5555555555555554,3.6666666666666665
2024-04-13,edge_control,knotless,6.96,49,24,0,1,0,7,5,4,edge_control_knotless,26.0,25.333333333333332,3.0,6.125
2024-04-13,hair_gel,box_braids,5.02,30,19,0,1,0,10,5,4,hair_gel_box_braids,10.0,14.0,1.7272727272727273,2.727272727272727
2024-04-13,mousse,knotless,9.14,68,35,0,1,0,13,5,4,mousse_knotless,21.0,27.666666666666668,2.5,4.857142857142857
2024-04-13,hairspray,cornrows,7.43,32,19,0,1,0,12,5,4,hairspray_cornrows,8.0,13.333333333333334,1.4615384615384615,2.4615384615384617
2024-04-14,premium_braiding_hair,knotless,18.56,62,59,0,1,0,16,6,4,premium_braiding_hair_knotless,51.0,50.666666666666664,3.4705882352941178,3.6470588235294117
2024-04-14,standard_braiding_hair,knotless,14.08,29,28,0,1,0,7,6,4,standard_braiding_hair_knotless,20.0,27.0,3.5,3.625
2024-04-14,beads,twists,4.14,18,18,1,1,0,14,6,4,beads_twists,23.0,19.666666666666668,1.2,1.2
2024-04-14,edge_control,box_braids,5.52,32,32,1,1,0,6,6,4,edge_control_box_braids,24.0,27.333333333333332,4.571428571428571,4.571428571428571
2024-04-14,hair_gel,cornrows,6.65,75,28,1,1,0,11,6,4,hair_gel_cornrows,19.0,19.0,2.3333333333333335,6.25
2024-04-14,mousse,twists,7.94,66,19,0,1,0,8,6,4,mousse_twists,35.0,25.0,2.111111111111111,7.333333333333333
2024-04-14,hairspray,cornrows,6.46,54,6,0,1,0,7,6,4,hairspray_cornrows,19.0,11.0,0.75,6.75
2024-04-15,premium_braiding_hair,box_braids,17.72,16,16,1,0,0,5,0,4,premium_braiding_hair_box_braids,59.0,42.0,2.6666666666666665,2.6666666666666665
2024-04-15,standard_braiding_hair,box_braids,14.63,72,41,0,0,0,11,0,4,standard_braiding_hair_box_braids,28.0,29.666666666666668,3.4166666666666665,6.0
2024-04-15,beads,twists,3.58,76,19,0,0,0,8,0,4,beads_twists,18.0,20.0,2.111111111111111,8.444444444444445
2024-04-15,edge_control,twists,6.45,69,24,1,0,0,11,0,4,edge_control_twists,32.0,26.666666666666668,2.0,5.75
2024-04-15,hair_gel,cornrows,4.84,30,17,1,0,0,11,0,4,hair_gel_cornrows,28.0,21.333333333333332,1.4166666666666667,2.5
2024-04-15,mousse,cornrows,9.78,56,20,0,0,0,12,0,4,mousse_cornrows,19.0,24.666666666666668,1.5384615384615385,4.3076923076923075
2024-04-15,hairspray,cornrows,8.42,38,14,1,0,0,10,0,4,hairspray_cornrows,6.0,13.0,1.2727272727272727,3.4545454545454546
2024-04-16,premium_braiding_hair,knotless,18.16,60,49,0,0,0,10,1,4,premium_braiding_hair_knotless,16.0,41.333333333333336,4.454545454545454,5.454545454545454
2024-04-16,standard_braiding_hair,cornrows,14.87,62,32,0,0,0,16,1,4,standard_braiding_hair_cornrows,41.0,33.666666666666664,1.8823529411764706,3.6470588235294117
2024-04-16,beads,box_braids,4.86,65,28,1,0,0,6,1,4,beads_box_braids,19.0,21.666666666666668,4.0,9.285714285714286
2024-04-16,edge_control,cornrows,7.17,70,29,1,0,0,11,1,4,edge_control_cornrows,24.0,28.333333333333332,2.4166666666666665,5.833333333333333
2024-04-16,hair_gel,knotless,5.8,21,15,0,0,0,11,1,4,hair_gel_knotless,17.0,20.0,1.25,1.75
2024-04-16,mousse,knotless,8.52,56,32,0,0,0,15,1,4,mousse_knotless,20.0,23.666666666666668,2.0,3.5
2024-04-16,hairspray,box_braids,7.14,73,18,0,0,0,6,1,4,hairspray_box_braids,14.0,12.666666666666666,2.5714285714285716,10.428571428571429
2024-04-17,premium_braiding_hair,box_braids,15.6,75,62,1,0,0,16,2,4,premium_braiding_hair_box_braids,49.0,42.333333333333336,3.6470588235294117,4.411764705882353
2024-04-17,standard_braiding_hair,cornrows,13.92,64,23,0,0,0,8,2,4,standard_braiding_hair_cornrows,32.0,32.0,2.5555555555555554,7.111111111111111
2024-04-17,beads,cornrows,6.45,22,22,1,0,0,6,2,4,beads_cornrows,28.0,23.0,3.142857142857143,3.142857142857143
2024-04-17,edge_control,cornrows,7.19,46,21,0,0,0,12,2,4,edge_control_cornrows,29.0,24.666666666666668,1.6153846153846154,3.5384615384615383
2024-04-17,hair_gel,box_braids,5.84,45,15,0,0,0,4,2,4,hair_gel_box_braids,15.0,15.666666666666666,3.0,9.0
2024-04-17,mousse,twists,6.38,68,26,1,0,0,6,2,4,mousse_twists,32.0,26.0,3.7142857142857144,9.714285714285714
2024-04-17,hairspray,box_braids,6.21,36,4,0,0,0,5,2,4,hairspray_box_braids,18.0,12.0,0.6666666666666666,6.0
2024-04-18,premium_braiding_hair,cornrows,18.2,16,16,0,0,0,7,3,4,premium_braiding_hair_cornrows,62.0,42.333333333333336,2.0,2.0
2024-04-18,standard_braiding_hair,knotless,15.02,34,28,0,0,0,11,3,4,standard_braiding_hair_knotless,23.0,27.666666666666668,2.3333333333333335,2.8333333333333335
2024-04-18,beads,twists,4.29,56,20,0,0,0,8,3,4,beads_twists,22.0,23.333333333333332,2.2222222222222223,6.222222222222222
2024-04-18,edge_control,knotless,7.63,15,15,0,0,0,11,3,4,edge_control_knotless,21.0,21.666666666666668,1.25,1.25
2024-04-18,hair_gel,twists,7.46,73,9,0,0,0,6,3,4,hair_gel_twists,15.0,13.0,1.2857142857142858,10.428571428571429
2024-04-18,mousse,box_braids,8.19,70,29,0,0,0,12,3,4,mousse_box_braids,26.0,29.0,2.230769230769231,5.384615384615385
2024-04-18,hairspray,box_braids,8.1,57,15,0,0,0,13,3,4,hairspray_box_braids,4.0,12.333333333333334,1.0714285714285714,4.071428571428571
2024-04-19,premium_braiding_hair,cornrows,18.03,72,47,1,0,0,16,4,4,premium_braiding_hair_cornrows,16.0,41.666666666666664,2.764705882352941,4.235294117647059
2024-04-19,standard_braiding_hair,twists,15.91,54,41,1,0,0,9,4,4,standard_braiding_hair_twists,28.0,30.666666666666668,4.1,5.4
2024-04-19,beads,twists,6.3,61,22,1,0,0,7,4,4,beads_twists,20.0,21.333333333333332,2.75,7.625
2024-04-19,edge_control,twists,6.34,71,14,0,0,0,5,4,4,edge_control_twists,15.0,16.666666666666668,2.3333333333333335,11.833333333333334
2024-04-19,hair_gel,knotless,7.69,79,13,0,0,0,5,4,4,hair_gel_knotless,9.0,12.333333333333334,2.1666666666666665,13.166666666666666
2024-04-19,mousse,cornrows,8.08,52,24,1,0,0,13,4,4,mousse_cornrows,29.0,26.333333333333332,1.7142857142857142,3.7142857142857144
2024-04-19,hairspray,knotless,8.99,71,13,1,0,0,8,4,4,hairspray_knotless,15.0,10.666666666666666,1.4444444444444444,7.888888888888889
2024-04-20,premium_braiding_hair,twists,16.52,75,43,0,1,0,15,5,4,premium_braiding_hair_twists,47.0,35.333333333333336,2.6875,4.6875
2024-04-20,standard_braiding_hair,twists,14.11,48,48,1,1,0,9,5,4,standard_braiding_hair_twists,41.0,39.0,4.8,4.8
2024-04-20,beads,knotless,5.03,64,27,0,1,0,16,5,4,beads_knotless,22.0,23.0,1.588235294117647,3.764705882352941
2024-04-20,edge_control,knotless,6.05,72,23,0,1,0,4,5,4,edge_control_knotless,14.0,17.333333333333332,4.6,14.4
2024-04-20,hair_gel,knotless,5.87,37,19,0,1,0,8,5,4,hair_gel_knotless,13.0,13.666666666666666,2.111111111111111,4.111111111111111
2024-04-20,mousse,cornrows,10.88,52,26,0,1,0,11,5,4,mousse_cornrows,24.0,26.333333333333332,2.1666666666666665,4.333333333333333
2024-04-20,hairspray,cornrows,9.18,43,3,1,1,0,3,5,4,hairspray_cornrows,13.0,10.333333333333334,0.75,10.75
2024-04-21,premium_braiding_hair,cornrows,18.68,20,20,1,1,0,11,6,4,premium_braiding_hair_cornrows,43.0,36.666666666666664,1.6666666666666667,1.6666666666666667
2024-04-21,standard_braiding_hair,cornrows,14.03,35,35,0,1,0,13,6,4,standard_braiding_hair_cornrows,48.0,41.333333333333336,2.5,2.5
2024-04-21,beads,knotless,6.92,70,37,1,1,0,9,6,4,beads_knotless,27.0,28.666666666666668,3.7,7.0
2024-04-21,edge_control,twists,8.41,78,29,1,1,0,7,6,4,edge_control_twists,23.0,22.0,3.625,9.75
2024-04-21,hair_gel,knotless,6.51,74,7,0,1,0,9,6,4,hair_gel_knotless,19.0,13.0,0.7,7.4
2024-04-21,mousse,knotless,7.6,39,37,1,1,0,10,6,4,mousse_knotless,26.0,29.0,3.3636363636363638,3.5454545454545454
2024-04-21,hairspray,knotless,8.22,31,13,0,1,0,11,6,4,hairspray_knotless,3.0,9.666666666666666,1.0833333333333333,2.5833333333333335
2024-04-22,premium_braiding_hair,twists,18.66,31,29,0,0,0,6,0,4,premium_braiding_hair_twists,20.0,30.666666666666668,4.142857142857143,4.428571428571429
2024-04-22,standard_braiding_hair,box_braids,14.78,31,29,0,0,0,7,0,4,standard_braiding_hair_box_braids,35.0,37.333333333333336,3.625,3.875
2024-04-22,beads,knotless,6.33,31,24,0,0,0,7,0,4,beads_knotless,37.0,29.333333333333332,3.0,3.875
2024-04-22,edge_control,cornrows,7.06,61,32,0,0,0,8,0,4,edge_control_cornrows,29.0,28.0,3.5555555555555554,6.777777777777778
2024-04-22,hair_gel,cornrows,5.97,33,16,0,0,0,9,0,4,hair_gel_cornrows,7.0,14.0,1.6,3.3
2024-04-22,mousse,knotless,9.54,67,23,0,0,0,7,0,4,mousse_knotless,37.0,28.666666666666668,2.875,8.375
2024-04-22,hairspray,cornrows,6.2,47,14,0,0,0,12,0,4,hairspray_cornrows,13.0,10.0,1.0769230769230769,3.6153846153846154
2024-04-23,premium_braiding_hair,cornrows,19.0,66,29,0,0,0,8,1,4,premium_braiding_hair_cornrows,29.0,26.0,3.2222222222222223,7.333333333333333
2024-04-23,standard_braiding_hair,twists,14.63,30,30,0,0,0,10,1,4,standard_braiding_hair_twists,29.0,31.333333333333332,2.727272727272727,2.727272727272727
2024-04-23,beads,knotless,4.68,20,20,0,0,0,9,1,4,beads_knotless,24.0,27.0,2.0,2.0
2024-04-23,edge_control,twists,6.35,40,21,0,0,0,16,1,4,edge_control_twists,32.0,27.333333333333332,1.2352941176470589,2.3529411764705883
2024-04-23,hair_gel,knotless,5.74,40,10,0,0,0,7,1,4,hair_gel_knotless,16.0,11.0,1.25,5.0
2024-04-23,mousse,cornrows,11.26,58,25,0,0,0,13,1,4,mousse_cornrows,23.0,28.333333333333332,1.7857142857142858,4.142857142857143
2024-04-23,hairspray,knotless,7.66,54,16,0,0,0,12,1,4,hairspray_knotless,14.0,14.333333333333334,1.2307692307692308,4.153846153846154
2024-04-24,premium_braiding_hair,knotless,16.82,62,46,0,0,0,9,2,4,premium_braiding_hair_knotless,29.0,34.666666666666664,4.6,6.2
2024-04-24,standard_braiding_hair,cornrows,14.93,30,30,1,0,0,10,2,4,standard_braiding_hair_cornrows,30.0,29.666666666666668,2.727272727272727,2.727272727272727
2024-04-24,beads,cornrows,5.36,78,20,0,0,0,13,2,4,beads_cornrows,20.0,21.333333333333332,1.4285714285714286,5.571428571428571
2024-04-24,edge_control,box_braids,6.91,20,20,0,0,0,13,2,4,edge_control_box_braids,21.0,24.333333333333332,1.4285714285714286,1.4285714285714286
2024-04-24,hair_gel,twists,6.54,78,18,0,0,0,11,2,4,hair_gel_twists,10.0,14.666666666666666,1.5,6.5
2024-04-24,mousse,box_braids,9.52,31,21,0,0,0,12,2,4,mousse_box_braids,25.0,23.0,1.6153846153846154,2.3846153846153846
2024-04-24,hairspray,knotless,6.91,49,14,0,0,0,9,2,4,hairspray_knotless,16.0,14.666666666666666,1.4,4.9
2024-04-25,premium_braiding_hair,knotless,18.19,55,54,1,0,0,7,3,4,premium_braiding_hair_knotless,46.0,43.0,6.75,6.875
2024-04-25,standard_braiding_hair,knotless,17.02,15,15,0,0,0,8,3,4,standard_braiding_hair_knotless,30.0,25.0,1.6666666666666667,1.6666666666666667
2024-04-25,beads,box_braids,5.3,33,27,0,0,0,13,3,4,beads_box_braids,20.0,22.333333333333332,1.9285714285714286,2.357142857142857
2024-04-25,edge_control,knotless,6.55,65,16,0,0,0,11,3,4,edge_control_knotless,20.0,19.0,1.3333333333333333,5.416666666666667
2024-04-25,hair_gel,twists,6.36,67,6,0,0,0,9,3,4,hair_gel_twists,18.0,11.333333333333334,0.6,6.7
2024-04-25,mousse,twists,9.43,28,22,0,0,0,11,3,4,mousse_twists,21.0,22.666666666666668,1.8333333333333333,2.3333333333333335
2024-04-25,hairspray,knotless,7.81,21,18,0,0,0,11,3,4,hairspray_knotless,14.0,16.0,1.5,1.75
2024-04-26,premium_braiding_hair,box_braids,18.85,58,44,0,0,0,13,4,4,premium_braiding_hair_box_braids,54.0,48.0,3.142857142857143,4.142857142857143
2024-04-26,standard_braiding_hair,knotless,15.36,38,32,0,0,0,8,4,4,standard_braiding_hair_knotless,15.0,25.666666666666668,3.5555555555555554,4.222222222222222
2024-04-26,beads,cornrows,4.24,47,30,0,0,0,17,4,4,beads_cornrows,27.0,25.666666666666668,1.6666666666666667,2.611111111111111
2024-04-26,edge_control,box_braids,6.46,56,20,0,0,0,9,4,4,edge_control_box_braids,16.0,18.666666666666668,2.0,5.6
2024-04-26,hair_gel,twists,7.18,71,19,1,0,0,9,4,4,hair_gel_twists,6.0,14.333333333333334,1.9,7.1
2024-04-26,mousse,knotless,7.55,65,31,0,0,0,9,4,4,mousse_knotless,22.0,24.666666666666668,3.1,6.5
2024-04-26,hairspray,knotless,7.22,44,13,0,0,0,13,4,4,hairspray_knotless,18.0,15.0,0.9285714285714286,3.142857142857143
2024-04-27,premium_braiding_hair,twists,19.06,47,47,1,1,0,9,5,4,premium_braiding_hair_twists,44.0,48.333333333333336,4.7,4.7
2024-04-27,standard_braiding_hair,cornrows,14.35,33,33,1,1,0,10,5,4,standard_braiding_hair_cornrows,32.0,26.666666666666668,3.0,3.0
2024-04-27,beads,twists,4.97,19,19,0,1,0,7,5,4,beads_twists,30.0,25.333333333333332,2.375,2.375
2024-04-27,edge_control,knotless,6.06,72,18,0,1,0,5,5,4,edge_control_knotless,20.0,18.0,3.0,12.0
2024-04-27,hair_gel,cornrows,6.1,16,16,0,1,0,10,5,4,hair_gel_cornrows,19.0,13.666666666666666,1.4545454545454546,1.4545454545454546
2024-04-27,mousse,cornrows,8.54,30,26,0,1,0,11,5,4,mousse_cornrows,31.0,26.333333333333332,2.1666666666666665,2.5
2024-04-27,hairspray,box_braids,8.81,67,19,0,1,0,11,5,4,hairspray_box_braids,13.0,16.666666666666668,1.5833333333333333,5.583333333333333
2024-04-28,premium_braiding_hair,knotless,16.39,54,54,1,1,0,7,6,4,premium_braiding_hair_knotless,47.0,48.333333333333336,6.75,6.75
2024-04-28,standard_braiding_hair,cornrows,16.62,25,25,0,1,0,7,6,4,standard_braiding_hair_cornrows,33.0,30.0,3.125,3.125
2024-04-28,beads,twists,5.4,54,26,0,1,0,8,6,4,beads_twists,19.0,25.0,2.888888888888889,6.0
2024-04-28,edge_control,knotless,6.78,23,23,0,1,0,11,6,4,edge_control_knotless,18.0,20.333333333333332,1.9166666666666667,1.9166666666666667
2024-04-28,hair_gel,twists,6.56,72,17,0,1,0,15,6,4,hair_gel_twists,16.0,17.333333333333332,1.0625,4.5
2024-04-28,mousse,twists,7.75,65,29,0,1,0,9,6,4,mousse_twists,26.0,28.666666666666668,2.9,6.5
2024-04-28,hairspray,knotless,9.35,24,9,0,1,0,7,6,4,hairspray_knotless,19.0,13.666666666666666,1.125,3.0
2024-04-29,premium_braiding_hair,box_braids,16.68,23,23,0,0,0,12,0,4,premium_braiding_hair_box_braids,54.0,41.333333333333336,1.7692307692307692,1.7692307692307692
2024-04-29,standard_braiding_hair,box_braids,13.89,18,18,0,0,0,11,0,4,standard_braiding_hair_box_braids,25.0,25.333333333333332,1.5,1.5
2024-04-29,beads,knotless,3.11,53,21,0,0,0,9,0,4,beads_knotless,26.0,22.0,2.1,5.3
2024-04-29,edge_control,twists,8.8,49,8,0,0,0,6,0,4,edge_control_twists,23.0,16.333333333333332,1.1428571428571428,7.0
2024-04-29,hair_gel,knotless,7.8,63,14,0,0,0,12,0,4,hair_gel_knotless,17.0,15.666666666666666,1.0769230769230769,4.846153846153846
2024-04-29,mousse,cornrows,8.18,45,10,0,0,0,10,0,4,mousse_cornrows,29.0,21.666666666666668,0.9090909090909091,4.090909090909091
2024-04-29,hairspray,cornrows,8.48,71,17,0,0,0,13,0,4,hairspray_cornrows,9.0,15.0,1.2142857142857142,5.071428571428571
2024-04-30,premium_braiding_hair,cornrows,17.23,44,44,1,0,0,8,1,4,premium_braiding_hair_cornrows,23.0,40.333333333333336,4.888888888888889,4.888888888888889
2024-04-30,standard_braiding_hair,cornrows,15.38,72,29,0,0,0,9,1,4,standard_braiding_hair_cornrows,18.0,24.0,2.9,7.2
2024-04-30,beads,cornrows,6.15,31,25,0,0,0,8,1,4,beads_cornrows,21.0,24.0,2.7777777777777777,3.4444444444444446
2024-04-30,edge_control,knotless,5.69,66,17,0,0,0,9,1,4,edge_control_knotless,8.0,16.0,1.7,6.6
2024-04-30,hair_gel,cornrows,4.02,48,13,0,0,0,5,1,4,hair_gel_cornrows,14.0,14.666666666666666,2.1666666666666665,8.0
2024-04-30,mousse,cornrows,8.66,74,32,1,0,0,8,1,4,mousse_cornrows,10.0,23.666666666666668,3.5555555555555554,8.222222222222221
2024-04-30,hairspray,twists,7.9,63,15,0,0,0,7,1,4,hairspray_twists,17.0,13.666666666666666,1.875,7.875
2024-05-01,premium_braiding_hair,box_braids,17.63,64,50,1,0,0,6,2,5,premium_braiding_hair_box_braids,44.0,39.0,7.142857142857143,9.142857142857142
2024-05-01,standard_braiding_hair,box_braids,13.29,57,30,0,0,0,10,2,5,standard_braiding_hair_box_braids,29.0,25.666666666666668,2.727272727272727,5.181818181818182
2024-05-01,beads,knotless,5.09,35,28,0,0,0,17,2,5,beads_knotless,25.0,24.666666666666668,1.5555555555555556,1.9444444444444444
2024-05-01,edge_control,twists,6.8,42,14,0,0,0,3,2,5,edge_control_twists,17.0,13.0,3.5,10.5
2024-05-01,hair_gel,cornrows,4.43,79,10,0,0,0,4,2,5,hair_gel_cornrows,13.0,12.333333333333334,2.0,15.8
2024-05-01,mousse,box_braids,9.49,39,22,0,0,0,10,2,5,mousse_box_braids,32.0,21.333333333333332,2.0,3.5454545454545454
2024-05-01,hairspray,cornrows,7.76,33,15,0,0,0,3,2,5,hairspray_cornrows,15.0,15.666666666666666,3.75,8.25
2024-05-02,premium_braiding_hair,cornrows,17.68,73,41,0,0,0,12,3,5,premium_braiding_hair_cornrows,50.0,45.0,3.1538461538461537,5.615384615384615
2024-05-02,standard_braiding_hair,cornrows,15.83,53,32,0,0,0,10,3,5,standard_braiding_hair_cornrows,30.0,30.333333333333332,2.909090909090909,4.818181818181818
2024-05-02,beads,knotless,4.48,50,15,0,0,0,10,3,5,beads_knotless,28.0,22.666666666666668,1.3636363636363635,4.545454545454546
2024-05-02,edge_control,box_braids,6.39,37,22,0,0,0,9,3,5,edge_control_box_braids,14.0,17.666666666666668,2.2,3.7
2024-05-02,hair_gel,box_braids,5.24,34,10,1,0,0,10,3,5,hair_gel_box_braids,10.0,11.0,0.9090909090909091,3.090909090909091
2024-05-02,mousse,box_braids,8.66,32,21,0,0,0,7,3,5,mousse_box_braids,22.0,25.0,2.625,4.0
2024-05-02,hairspray,twists,7.64,53,18,1,0,0,10,3,5,hairspray_twists,15.0,16.0,1.6363636363636365,4.818181818181818
2024-05-03,premium_braiding_hair,twists,19.42,32,30,0,0,0,11,4,5,premium_braiding_hair_twists,41.0,40.333333333333336,2.5,2.6666666666666665
2024-05-03,standard_braiding_hair,twists,15.76,65,32,1,0,0,3,4,5,standard_braiding_hair_twists,32.0,31.333333333333332,8.0,16.25
2024-05-03,beads,twists,4.24,62,20,0,0,0,9,4,5,beads_twists,15.0,21.0,2.0,6.2
2024-05-03,edge_control,twists,7.08,15,15,1,0,0,8,4,5,edge_control_twists,22.0,17.0,1.6666666666666667,1.6666666666666667
2024-05-03,hair_gel,knotless,6.36,31,15,0,0,0,10,4,5,hair_gel_knotless,10.0,11.666666666666666,1.3636363636363635,2.8181818181818183
2024-05-03,mousse,twists,9.15,48,26,0,0,0,8,4,5,mousse_twists,21.0,23.0,2.888888888888889,5.333333333333333
2024-05-03,hairspray,knotless,7.1,64,20,0,0,0,8,4,5,hairspray_knotless,18.0,17.666666666666668,2.2222222222222223,7.111111111111111
2024-05-04,premium_braiding_hair,box_braids,19.21,65,51,0,1,0,5,5,5,premium_braiding_hair_box_braids,30.0,40.666666666666664,8.5,10.833333333333334
2024-05-04,standard_braiding_hair,twists,14.51,66,48,1,1,0,5,5,5,standard_braiding_hair_twists,32.0,37.333333333333336,8.0,11.0
2024-05-04,beads,knotless,5.29,35,32,0,1,0,12,5,5,beads_knotless,20.0,22.333333333333332,2.4615384615384617,2.6923076923076925
2024-05-04,edge_control,cornrows,6.49,62,19,0,1,0,9,5,5,edge_control_cornrows,15.0,18.666666666666668,1.9,6.2
2024-05-04,hair_gel,knotless,5.59,60,11,0,1,0,5,5,5,hair_gel_knotless,15.0,12.0,1.8333333333333333,10.0
2024-05-04,mousse,box_braids,7.73,16,16,0,1,0,13,5,5,mousse_box_braids,26.0,21.0,1.1428571428571428,1.1428571428571428
2024-05-04,hairspray,box_braids,8.94,36,17,0,1,0,7,5,5,hairspray_box_braids,20.0,18.333333333333332,2.125,4.5
2024-05-05,premium_braiding_hair,cornrows,17.08,27,27,1,1,0,8,6,5,premium_braiding_hair_cornrows,51.0,36.0,3.0,3.0
2024-05-05,standard_braiding_hair,twists,16.79,59,29,0,1,0,3,6,5,standard_braiding_hair_twists,48.0,36.333333333333336,7.25,14.75
2024-05-05,beads,box_braids,7.28,45,28,0,1,0,10,6,5,beads_box_braids,32.0,26.666666666666668,2.5454545454545454,4.090909090909091
2024-05-05,edge_control,cornrows,4.96,77,28,1,1,0,4,6,5,edge_control_cornrows,19.0,20.666666666666668,5.6,15.4
2024-05-05,hair_gel,knotless,6.48,59,11,0,1,0,10,6,5,hair_gel_knotless,11.0,12.333333333333334,1.0,5.363636363636363
2024-05-05,mousse,cornrows,9.59,52,20,0,1,0,8,6,5,mousse_cornrows,16.0,20.666666666666668,2.2222222222222223,5.777777777777778
2024-05-05,hairspray,box_braids,7.43,63,18,0,1,0,12,6,5,hairspray_box_braids,17.0,18.333333333333332,1.3846153846153846,4.846153846153846
2024-05-06,premium_braiding_hair,twists,17.33,32,32,0,0,0,12,0,5,premium_braiding_hair_twists,27.0,36.666666666666664,2.4615384615384617,2.4615384615384617
2024-05-06,standard_braiding_hair,knotless,14.1,62,23,0,0,0,10,0,5,standard_braiding_hair_knotless,29.0,33.333333333333336,2.090909090909091,5.636363636363637
2024-05-06,beads,twists,8.09,49,23,0,0,0,8,0,5,beads_twists,28.0,27.666666666666668,2.5555555555555554,5.444444444444445
2024-05-06,edge_control,box_braids,6.22,67,15,0,0,0,5,0,5,edge_control_box_braids,28.0,20.666666666666668,2.5,11.166666666666666
2024-05-06,hair_gel,cornrows,4.71,72,23,0,0,0,11,0,5,hair_gel_cornrows,11.0,15.0,1.9166666666666667,6.0
2024-05-06,mousse,cornrows,7.57,67,19,0,0,0,11,0,5,mousse_cornrows,20.0,18.333333333333332,1.5833333333333333,5.583333333333333
2024-05-06,hairspray,cornrows,8.84,78,2,0,0,0,11,0,5,hairspray_cornrows,18.0,12.333333333333334,0.16666666666666666,6.5
2024-05-07,premium_braiding_hair,cornrows,17.82,43,34,0,0,0,5,1,5,premium_braiding_hair_cornrows,32.0,31.0,5.666666666666667,7.166666666666667
2024-05-07,standard_braiding_hair,twists,15.49,50,22,0,0,0,4,1,5,standard_braiding_hair_twists,23.0,24.666666666666668,4.4,10.0
2024-05-07,beads,box_braids,5.26,15,15,0,0,0,13,1,5,beads_box_braids,23.0,22.0,1.0714285714285714,1.0714285714285714
2024-05-07,edge_control,box_braids,7.54,16,16,0,0,0,11,1,5,edge_control_box_braids,15.0,19.666666666666668,1.3333333333333333,1.3333333333333333
2024-05-07,hair_gel,twists,7.14,75,20,1,0,0,12,1,5,hair_gel_twists,23.0,18.0,1.5384615384615385,5.769230769230769
2024-05-07,mousse,cornrows,9.64,63,21,0,0,0,5,1,5,mousse_cornrows,19.0,20.0,3.5,10.5
2024-05-07,hairspray,cornrows,6.91,40,18,0,0,0,9,1,5,hairspray_cornrows,2.0,12.666666666666666,1.8,4.0
2024-05-08,premium_braiding_hair,twists,19.0,30,30,0,0,0,13,2,5,premium_braiding_hair_twists,34.0,32.0,2.142857142857143,2.142857142857143
2024-05-08,standard_braiding_hair,cornrows,15.37,68,35,1,0,0,10,2,5,standard_braiding_hair_cornrows,22.0,26.666666666666668,3.1818181818181817,6.181818181818182
2024-05-08,beads,cornrows,4.82,60,24,0,0,0,8,2,5,beads_cornrows,15.0,20.666666666666668,2.6666666666666665,6.666666666666667
2024-05-08,edge_control,box_braids,8.18,23,17,0,0,0,11,2,5,edge_control_box_braids,16.0,16.0,1.4166666666666667,1.9166666666666667
2024-05-08,hair_gel,cornrows,5.51,50,24,0,0,0,13,2,5,hair_gel_cornrows,20.0,22.333333333333332,1.7142857142857142,3.5714285714285716
2024-05-08,mousse,knotless,8.73,42,27,1,0,0,8,2,5,mousse_knotless,21.0,22.333333333333332,3.0,4.666666666666667
2024-05-08,hairspray,twists,8.75,43,17,0,0,0,13,2,5,hairspray_twists,18.0,12.333333333333334,1.2142857142857142,3.0714285714285716
2024-05-09,premium_braiding_hair,twists,18.32,56,38,0,0,0,14,3,5,premium_braiding_hair_twists,30.0,34.0,2.533333333333333,3.7333333333333334
2024-05-09,standard_braiding_hair,twists,15.11,41,29,0,0,0,12,3,5,standard_braiding_hair_twists,35.0,28.666666666666668,2.230769230769231,3.1538461538461537
2024-05-09,beads,twists,3.35,72,27,0,0,0,11,3,5,beads_twists,24.0,22.0,2.25,6.0
2024-05-09,edge_control,knotless,6.54,34,22,0,0,0,13,3,5,edge_control_knotless,17.0,18.333333333333332,1.5714285714285714,2.4285714285714284
2024-05-09,hair_gel,box_braids,5.93,17,15,0,0,0,12,3,5,hair_gel_box_braids,24.0,19.666666666666668,1.1538461538461537,1.3076923076923077
2024-05-09,mousse,knotless,9.42,59,26,0,0,0,7,3,5,mousse_knotless,27.0,24.666666666666668,3.25,7.375
2024-05-09,hairspray,twists,7.24,68,15,0,0,0,8,3,5,hairspray_twists,17.0,16.666666666666668,1.6666666666666667,7.555555555555555
2024-05-10,premium_braiding_hair,cornrows,17.84,57,30,0,0,0,11,4,5,premium_braiding_hair_cornrows,38.0,32.666666666666664,2.5,4.75
2024-05-10,standard_braiding_hair,twists,15.27,46,37,0,0,0,13,4,5,standard_braiding_hair_twists,29.0,33.666666666666664,2.642857142857143,3.2857142857142856
2024-05-10,beads,twists,4.23,15,15,0,0,0,15,4,5,beads_twists,27.0,22.0,0.9375,0.9375
2024-05-10,edge_control,knotless,6.65,65,22,0,0,0,9,4,5,edge_control_knotless,22.0,20.333333333333332,2.2,6.5
2024-05-10,hair_gel,knotless,5.85,50,21,1,0,0,15,4,5,hair_gel_knotless,15.0,20.0,1.3125,3.125
2024-05-10,mousse,knotless,11.08,35,27,0,0,0,9,4,5,mousse_knotless,26.0,26.666666666666668,2.7,3.5
2024-05-10,hairspray,twists,7.74,68,22,0,0,0,13,4,5,hairspray_twists,15.0,18.0,1.5714285714285714,4.857142857142857
2024-05-11,premium_braiding_hair,twists,17.12,28,28,0,1,0,6,5,5,premium_braiding_hair_twists,30.0,32.0,4.0,4.0
2024-05-11,standard_braiding_hair,cornrows,14.82,65,33,0,1,0,6,5,5,standard_braiding_hair_cornrows,37.0,33.0,4.714285714285714,9.285714285714286
2024-05-11,beads,cornrows,6.31,43,34,1,1,0,10,5,5,beads_cornrows,15.0,25.333333333333332,3.090909090909091,3.909090909090909
2024-05-11,edge_control,cornrows,7.13,57,25,0,1,0,7,5,5,edge_control_cornrows,22.0,23.0,3.125,7.125
2024-05-11,hair_gel,box_braids,5.93,76,21,0,1,0,9,5,5,hair_gel_box_braids,21.0,19.0,2.1,7.6
2024-05-11,mousse,box_braids,7.99,18,18,1,1,0,5,5,5,mousse_box_braids,27.0,23.666666666666668,3.0,3.0
2024-05-11,hairspray,twists,8.19,59,19,1,1,0,11,5,5,hairspray_twists,22.0,18.666666666666668,1.5833333333333333,4.916666666666667
2024-05-12,premium_braiding_hair,knotless,17.31,71,71,1,1,0,9,6,5,premium_braiding_hair_knotless,28.0,43.0,7.1,7.1
2024-05-12,standard_braiding_hair,knotless,14.87,19,19,0,1,0,7,6,5,standard_braiding_hair_knotless,33.0,29.666666666666668,2.375,2.375
2024-05-12,beads,knotless,4.55,43,26,0,1,0,10,6,5,beads_knotless,34.0,25.0,2.3636363636363638,3.909090909090909
2024-05-12,edge_control,knotless,5.19,39,17,0,1,0,13,6,5,edge_control_knotless,25.0,21.333333333333332,1.2142857142857142,2.7857142857142856
2024-05-12,hair_gel,cornrows,7.26,55,23,0,1,0,8,6,5,hair_gel_cornrows,21.0,21.666666666666668,2.5555555555555554,6.111111111111111
2024-05-12,mousse,cornrows,8.99,72,38,1,1,0,12,6,5,mousse_cornrows,18.0,27.666666666666668,2.923076923076923,5.538461538461538
2024-05-12,hairspray,knotless,7.39,48,24,0,1,0,13,6,5,hairspray_knotless,19.0,21.666666666666668,1.7142857142857142,3.4285714285714284
2024-05-13,premium_braiding_hair,knotless,18.36,57,51,0,0,0,10,0,5,premium_braiding_hair_knotless,71.0,50.0,4.636363636363637,5.181818181818182
2024-05-13,standard_braiding_hair,twists,13.84,25,25,0,0,0,12,0,5,standard_braiding_hair_twists,19.0,25.666666666666668,1.9230769230769231,1.9230769230769231
2024-05-13,beads,box_braids,4.77,67,27,0,0,0,15,0,5,beads_box_braids,26.0,29.0,1.6875,4.1875
2024-05-13,edge_control,cornrows,5.75,44,14,0,0,0,3,0,5,edge_control_cornrows,17.0,18.666666666666668,3.5,11.0
2024-05-13,hair_gel,box_braids,7.24,41,19,0,0,0,10,0,5,hair_gel_box_braids,23.0,21.0,1.7272727272727273,3.727272727272727
2024-05-13,mousse,twists,8.98,64,29,0,0,0,7,0,5,mousse_twists,38.0,28.333333333333332,3.625,8.0
2024-05-13,hairspray,box_braids,8.59,30,12,0,0,0,9,0,5,hairspray_box_braids,24.0,18.333333333333332,1.2,3.0
2024-05-14,premium_braiding_hair,cornrows,16.46,63,28,0,0,0,6,1,5,premium_braiding_hair_cornrows,51.0,50.0,4.0,9.0
2024-05-14,standard_braiding_hair,box_braids,15.06,32,29,0,0,0,8,1,5,standard_braiding_hair_box_braids,25.0,24.333333333333332,3.2222222222222223,3.5555555555555554
2024-05-14,beads,knotless,5.71,52,30,0,0,0,10,1,5,beads_knotless,27.0,27.666666666666668,2.727272727272727,4.7272727272727275
2024-05-14,edge_control,knotless,8.62,31,18,0,0,0,8,1,5,edge_control_knotless,14.0,16.333333333333332,2.0,3.4444444444444446
2024-05-14,hair_gel,cornrows,6.75,20,16,1,0,0,7,1,5,hair_gel_cornrows,19.0,19.333333333333332,2.0,2.5
2024-05-14,mousse,knotless,8.06,64,23,0,0,0,9,1,5,mousse_knotless,29.0,30.0,2.3,6.4
2024-05-14,hairspray,box_braids,7.68,23,23,1,0,0,7,1,5,hairspray_box_braids,12.0,19.666666666666668,2.875,2.875
2024-05-15,premium_braiding_hair,box_braids,17.92,73,56,1,0,0,6,2,5,premium_braiding_hair_box_braids,28.0,45.0,8.0,10.428571428571429
2024-05-15,standard_braiding_hair,knotless,15.47,19,19,0,0,0,13,2,5,standard_braiding_hair_knotless,29.0,24.333333333333332,1.3571428571428572,1.3571428571428572
2024-05-15,beads,twists,4.21,62,17,0,0,0,9,2,5,beads_twists,30.0,24.666666666666668,1.7,6.2
2024-05-15,edge_control,twists,7.4,60,18,0,0,0,14,2,5,edge_control_twists,18.0,16.666666666666668,1.2,4.0
2024-05-15,hair_gel,cornrows,4.75,52,15,0,0,0,13,2,5,hair_gel_cornrows,16.0,16.666666666666668,1.0714285714285714,3.7142857142857144
2024-05-15,mousse,cornrows,9.79,39,21,0,0,0,9,2,5,mousse_cornrows,23.0,24.333333333333332,2.1,3.9
2024-05-15,hairspray,knotless,9.24,58,17,1,0,0,10,2,5,hairspray_knotless,23.0,17.333333333333332,1.5454545454545454,5.2727272727272725
2024-05-16,premium_braiding_hair,twists,18.49,17,17,0,0,0,10,3,5,premium_braiding_hair_twists,56.0,33.666666666666664,1.5454545454545454,1.5454545454545454
2024-05-16,standard_braiding_hair,twists,16.08,45,24,0,0,0,11,3,5,standard_braiding_hair_twists,19.0,24.0,2.0,3.75
2024-05-16,beads,box_braids,5.04,74,20,1,0,0,7,3,5,beads_box_braids,17.0,22.333333333333332,2.5,9.25
2024-05-16,edge_control,cornrows,8.05,66,15,0,0,0,9,3,5,edge_control_cornrows,18.0,17.0,1.5,6.6
2024-05-16,hair_gel,box_braids,6.03,34,21,1,0,0,10,3,5,hair_gel_box_braids,15.0,17.333333333333332,1.9090909090909092,3.090909090909091
2024-05-16,mousse,twists,8.46,15,15,0,0,0,15,3,5,mousse_twists,21.0,19.666666666666668,0.9375,0.9375
2024-05-16,hairspray,cornrows,8.02,71,14,0,0,0,8,3,5,hairspray_cornrows,17.0,18.0,1.5555555555555556,7.888888888888889
2024-05-17,premium_braiding_hair,box_braids,17.1,45,45,0,0,0,11,4,5,premium_braiding_hair_box_braids,17.0,39.333333333333336,3.75,3.75
2024-05-17,standard_braiding_hair,box_braids,16.02,64,36,0,0,0,14,4,5,standard_braiding_hair_box_braids,24.0,26.333333333333332,2.4,4.266666666666667
2024-05-17,beads,twists,4.63,23,23,0,0,0,11,4,5,beads_twists,20.0,20.0,1.9166666666666667,1.9166666666666667
2024-05-17,edge_control,twists,7.66,29,17,0,0,0,8,4,5,edge_control_twists,15.0,16.666666666666668,1.8888888888888888,3.2222222222222223
2024-05-17,hair_gel,knotless,6.62,32,15,0,0,0,6,4,5,hair_gel_knotless,21.0,17.0,2.142857142857143,4.571428571428571
2024-05-17,mousse,cornrows,8.6,43,19,0,0,0,8,4,5,mousse_cornrows,15.0,18.333333333333332,2.111111111111111,4.777777777777778
2024-05-17,hairspray,box_braids,6.62,72,14,0,0,0,10,4,5,hairspray_box_braids,14.0,15.0,1.2727272727272727,6.545454545454546
2024-05-18,premium_braiding_hair,knotless,16.9,70,70,1,1,0,17,5,5,premium_braiding_hair_knotless,45.0,44.0,3.888888888888889,3.888888888888889
2024-05-18,standard_braiding_hair,knotless,16.32,46,36,0,1,0,3,5,5,standard_braiding_hair_knotless,36.0,32.0,9.0,11.5
2024-05-18,beads,box_braids,4.27,48,36,1,1,0,11,5,5,beads_box_braids,23.0,26.333333333333332,3.0,4.0
2024-05-18,edge_control,knotless,6.69,75,26,1,1,0,9,5,5,edge_control_knotless,17.0,19.333333333333332,2.6,7.5
2024-05-18,hair_gel,box_braids,3.95,30,13,0,1,0,5,5,5,hair_gel_box_braids,15.0,16.333333333333332,2.1666666666666665,5.0
2024-05-18,mousse,box_braids,8.07,46,26,0,1,0,12,5,5,mousse_box_braids,19.0,20.0,2.0,3.5384615384615383
2024-05-18,hairspray,box_braids,9.43,23,12,0,1,0,4,5,5,hairspray_box_braids,14.0,13.333333333333334,2.4,4.6
2024-05-19,premium_braiding_hair,box_braids,20.38,28,28,0,1,0,8,6,5,premium_braiding_hair_box_braids,70.0,47.666666666666664,3.111111111111111,3.111111111111111
2024-05-19,standard_braiding_hair,knotless,14.97,73,35,0,1,0,8,6,5,standard_braiding_hair_knotless,36.0,35.666666666666664,3.888888888888889,8.11111111111111
2024-05-19,beads,twists,4.0,39,25,0,1,0,6,6,5,beads_twists,36.0,28.0,3.5714285714285716,5.571428571428571
2024-05-19,edge_control,cornrows,3.95,40,30,0,1,0,10,6,5,edge_control_cornrows,26.0,24.333333333333332,2.727272727272727,3.6363636363636362
2024-05-19,hair_gel,twists,6.15,67,15,0,1,0,8,6,5,hair_gel_twists,13.0,14.333333333333334,1.6666666666666667,7.444444444444445
2024-05-19,mousse,twists,8.53,33,31,0,1,0,11,6,5,mousse_twists,26.0,25.333333333333332,2.5833333333333335,2.75
2024-05-19,hairspray,box_braids,8.25,16,14,0,1,0,7,6,5,hairspray_box_braids,12.0,13.333333333333334,1.75,2.0
2024-05-20,premium_braiding_hair,twists,18.11,37,37,1,0,0,9,0,5,premium_braiding_hair_twists,28.0,45.0,3.7,3.7
2024-05-20,standard_braiding_hair,twists,15.48,64,32,0,0,0,13,0,5,standard_braiding_hair_twists,35.0,34.333333333333336,2.2857142857142856,4.571428571428571
2024-05-20,beads,knotless,4.03,77,33,1,0,0,17,0,5,beads_knotless,25.0,31.333333333333332,1.8333333333333333,4.277777777777778
2024-05-20,edge_control,cornrows,7.95,62,27,0,0,0,11,0,5,edge_control_cornrows,30.0,27.666666666666668,2.25,5.166666666666667
2024-05-20,hair_gel,knotless,4.63,37,17,0,0,0,12,0,5,hair_gel_knotless,15.0,15.0,1.3076923076923077,2.8461538461538463
2024-05-20,mousse,knotless,7.62,35,24,0,0,0,7,0,5,mousse_knotless,31.0,27.0,3.0,4.375
2024-05-20,hairspray,knotless,6.15,57,6,0,0,0,8,0,5,hairspray_knotless,14.0,10.666666666666666,0.6666666666666666,6.333333333333333
2024-05-21,premium_braiding_hair,cornrows,17.76,42,33,0,0,0,12,1,5,premium_braiding_hair_cornrows,37.0,32.666666666666664,2.5384615384615383,3.230769230769231
2024-05-21,standard_braiding_hair,knotless,15.05,38,29,0,0,0,7,1,5,standard_braiding_hair_knotless,32.0,32.0,3.625,4.75
2024-05-21,beads,knotless,3.31,38,20,0,0,0,12,1,5,beads_knotless,33.0,26.0,1.5384615384615385,2.923076923076923
2024-05-21,edge_control,twists,6.7,19,14,0,0,0,6,1,5,edge_control_twists,27.0,23.666666666666668,2.0,2.7142857142857144
2024-05-21,hair_gel,twists,5.63,21,10,0,0,0,8,1,5,hair_gel_twists,17.0,14.0,1.1111111111111112,2.3333333333333335
2024-05-21,mousse,cornrows,8.48,67,22,0,0,0,13,1,5,mousse_cornrows,24.0,25.666666666666668,1.5714285714285714,4.785714285714286
2024-05-21,hairspray,cornrows,7.82,34,16,0,0,0,13,1,5,hairspray_cornrows,6.0,12.0,1.1428571428571428,2.4285714285714284
2024-05-22,premium_braiding_hair,cornrows,16.88,21,21,1,0,0,14,2,5,premium_braiding_hair_cornrows,33.0,30.333333333333332,1.4,1.4
2024-05-22,standard_braiding_hair,knotless,15.81,55,32,0,0,0,11,2,5,standard_braiding_hair_knotless,29.0,31.0,2.6666666666666665,4.583333333333333
2024-05-22,beads,twists,4.95,41,25,1,0,0,10,2,5,beads_twists,20.0,26.0,2.272727272727273,3.727272727272727
2024-05-22,edge_control,cornrows,7.59,47,23,0,0,0,9,2,5,edge_control_cornrows,14.0,21.333333333333332,2.3,4.7
2024-05-22,hair_gel,twists,7.2,54,24,1,0,0,10,2,5,hair_gel_twists,10.0,17.0,2.1818181818181817,4.909090909090909
2024-05-22,mousse,box_braids,10.04,74,34,0,0,0,13,2,5,mousse_box_braids,22.0,26.666666666666668,2.4285714285714284,5.285714285714286
2024-05-22,hairspray,box_braids,7.27,33,18,1,0,0,8,2,5,hairspray_box_braids,16.0,13.333333333333334,2.0,3.6666666666666665
2024-05-23,premium_braiding_hair,twists,18.2,22,22,0,0,0,10,3,5,premium_braiding_hair_twists,21.0,25.333333333333332,2.0,2.0
2024-05-23,standard_braiding_hair,box_braids,16.01,67,31,0,0,0,9,3,5,standard_braiding_hair_box_braids,32.0,30.666666666666668,3.1,6.7
2024-05-23,beads,knotless,4.31,22,22,0,0,0,6,3,5,beads_knotless,25.0,22.333333333333332,3.142857142857143,3.142857142857143
2024-05-23,edge_control,cornrows,6.67,68,25,0,0,0,14,3,5,edge_control_cornrows,23.0,20.666666666666668,1.6666666666666667,4.533333333333333
2024-05-23,hair_gel,knotless,7.14,61,13,0,0,0,10,3,5,hair_gel_knotless,24.0,15.666666666666666,1.1818181818181819,5.545454545454546
2024-05-23,mousse,knotless,9.27,74,26,0,0,0,6,3,5,mousse_knotless,34.0,27.333333333333332,3.7142857142857144,10.571428571428571
2024-05-23,hairspray,knotless,7.66,27,12,0,0,0,5,3,5,hairspray_knotless,18.0,15.333333333333334,2.0,4.5
2024-05-24,premium_braiding_hair,box_braids,17.34,25,25,0,0,0,9,4,5,premium_braiding_hair_box_braids,22.0,22.666666666666668,2.5,2.5
2024-05-24,standard_braiding_hair,box_braids,14.29,67,37,1,0,0,9,4,5,standard_braiding_hair_box_braids,31.0,33.333333333333336,3.7,6.7
2024-05-24,beads,knotless,5.73,26,26,1,0,0,14,4,5,beads_knotless,22.0,24.333333333333332,1.7333333333333334,1.7333333333333334
2024-05-24,edge_control,cornrows,7.46,21,21,0,0,0,6,4,5,edge_control_cornrows,25.0,23.0,3.0,3.0
2024-05-24,hair_gel,knotless,6.01,78,17,0,0,0,15,4,5,hair_gel_knotless,13.0,18.0,1.0625,4.875
2024-05-24,mousse,twists,10.49,69,21,0,0,0,9,4,5,mousse_twists,26.0,27.0,2.1,6.9
2024-05-24,hairspray,cornrows,6.64,27,10,0,0,0,9,4,5,hairspray_cornrows,12.0,13.333333333333334,1.0,2.7
2024-05-25,premium_braiding_hair,twists,16.74,34,34,0,1,0,12,5,5,premium_braiding_hair_twists,25.0,27.0,2.6153846153846154,2.6153846153846154
2024-05-25,standard_braiding_hair,knotless,15.73,28,28,1,1,0,6,5,5,standard_braiding_hair_knotless,37.0,32.0,4.0,4.0
2024-05-25,beads,twists,6.36,61,32,0,1,0,11,5,5,beads_twists,26.0,26.666666666666668,2.6666666666666665,5.083333333333333
2024-05-25,edge_control,cornrows,7.5,53,42,1,1,0,10,5,5,edge_control_cornrows,21.0,29.333333333333332,3.8181818181818183,4.818181818181818
2024-05-25,hair_gel,knotless,7.38,56,16,0,1,0,4,5,5,hair_gel_knotless,17.0,15.333333333333334,3.2,11.2
2024-05-25,mousse,twists,8.88,37,20,0,1,0,9,5,5,mousse_twists,21.0,22.333333333333332,2.0,3.7
2024-05-25,hairspray,twists,7.73,31,21,1,1,0,12,5,5,hairspray_twists,10.0,14.333333333333334,1.6153846153846154,2.3846153846153846
2024-05-26,premium_braiding_hair,twists,19.04,67,42,0,1,0,9,6,5,premium_braiding_hair_twists,34.0,33.666666666666664,4.2,6.7
2024-05-26,standard_braiding_hair,cornrows,16.05,53,30,0,1,0,7,6,5,standard_braiding_hair_cornrows,28.0,31.666666666666668,3.75,6.625
2024-05-26,beads,knotless,4.98,20,20,0,1,0,10,6,5,beads_knotless,32.0,26.0,1.8181818181818181,1.8181818181818181
2024-05-26,edge_control,cornrows,7.19,30,23,0,1,0,10,6,5,edge_control_cornrows,42.0,28.666666666666668,2.090909090909091,2.727272727272727
2024-05-26,hair_gel,twists,7.54,45,23,0,1,0,9,6,5,hair_gel_twists,16.0,18.666666666666668,2.3,4.5
2024-05-26,mousse,cornrows,8.87,68,27,0,1,0,10,6,5,mousse_cornrows,20.0,22.666666666666668,2.4545454545454546,6.181818181818182
2024-05-26,hairspray,knotless,6.89,53,19,0,1,0,7,6,5,hairspray_knotless,21.0,16.666666666666668,2.375,6.625
2024-05-27,premium_braiding_hair,cornrows,17.29,60,42,0,0,1,15,0,5,premium_braiding_hair_cornrows,42.0,39.333333333333336,2.625,3.75
2024-05-27,standard_braiding_hair,twists,15.7,52,39,0,0,1,11,0,5,standard_braiding_hair_twists,30.0,32.333333333333336,3.25,4.333333333333333
2024-05-27,beads,cornrows,5.07,73,28,0,0,1,11,0,5,beads_cornrows,20.0,26.666666666666668,2.3333333333333335,6.083333333333333
2024-05-27,edge_control,box_braids,8.25,76,35,1,0,1,12,0,5,edge_control_box_braids,23.0,33.333333333333336,2.6923076923076925,5.846153846153846
2024-05-27,hair_gel,box_braids,6.08,33,17,0,0,1,12,0,5,hair_gel_box_braids,23.0,18.666666666666668,1.3076923076923077,2.5384615384615383
2024-05-27,mousse,cornrows,8.67,20,20,0,0,1,17,0,5,mousse_cornrows,27.0,22.333333333333332,1.1111111111111112,1.1111111111111112
2024-05-27,hairspray,twists,7.41,26,22,0,0,1,8,0,5,hairspray_twists,19.0,20.666666666666668,2.4444444444444446,2.888888888888889
2024-05-28,premium_braiding_hair,box_braids,18.96,50,36,0,0,0,7,1,5,premium_braiding_hair_box_braids,42.0,40.0,4.5,6.25
2024-05-28,standard_braiding_hair,cornrows,14.32,38,29,0,0,0,9,1,5,standard_braiding_hair_cornrows,39.0,32.666666666666664,2.9,3.8
2024-05-28,beads,cornrows,4.11,71,21,0,0,0,10,1,5,beads_cornrows,28.0,23.0,1.9090909090909092,6.454545454545454
2024-05-28,edge_control,box_braids,7.43,45,16,0,0,0,6,1,5,edge_control_box_braids,35.0,24.666666666666668,2.2857142857142856,6.428571428571429
2024-05-28,hair_gel,box_braids,7.69,29,14,0,0,0,11,1,5,hair_gel_box_braids,17.0,18.0,1.1666666666666667,2.4166666666666665
2024-05-28,mousse,twists,9.54,51,21,0,0,0,10,1,5,mousse_twists,20.0,22.666666666666668,1.9090909090909092,4.636363636363637
2024-05-28,hairspray,box_braids,8.19,22,20,0,0,0,12,1,5,hairspray_box_braids,22.0,20.333333333333332,1.5384615384615385,1.6923076923076923
2024-05-29,premium_braiding_hair,knotless,17.32,43,43,0,0,0,13,2,5,premium_braiding_hair_knotless,36.0,40.333333333333336,3.0714285714285716,3.0714285714285716
2024-05-29,standard_braiding_hair,cornrows,14.13,71,29,0,0,0,16,2,5,standard_braiding_hair_cornrows,29.0,32.333333333333336,1.7058823529411764,4.176470588235294
2024-05-29,beads,cornrows,4.15,25,25,0,0,0,9,2,5,beads_cornrows,21.0,24.666666666666668,2.5,2.5
2024-05-29,edge_control,box_braids,6.5,45,9,0,0,0,9,2,5,edge_control_box_braids,16.0,20.0,0.9,4.5
2024-05-29,hair_gel,box_braids,6.95,39,16,0,0,0,9,2,5,hair_gel_box_braids,14.0,15.666666666666666,1.6,3.9
2024-05-29,mousse,knotless,6.94,35,23,0,0,0,6,2,5,mousse_knotless,21.0,21.333333333333332,3.2857142857142856,5.0
2024-05-29,hairspray,box_braids,10.03,70,9,0,0,0,13,2,5,hairspray_box_braids,20.0,17.0,0.6428571428571429,5.0
2024-05-30,premium_braiding_hair,twists,19.04,43,43,1,0,0,10,3,5,premium_braiding_hair_twists,43.0,40.666666666666664,3.909090909090909,3.909090909090909
2024-05-30,standard_braiding_hair,box_braids,15.08,27,17,0,0,0,4,3,5,standard_braiding_hair_box_braids,29.0,25.0,3.4,5.4
2024-05-30,beads,box_braids,5.91,38,17,0,0,0,7,3,5,beads_box_braids,25.0,21.0,2.125,4.75
2024-05-30,edge_control,box_braids,6.65,42,18,0,0,0,14,3,5,edge_control_box_braids,9.0,14.333333333333334,1.2,2.8
2024-05-30,hair_gel,twists,3.41,71,19,0,0,0,10,3,5,hair_gel_twists,16.0,16.333333333333332,1.7272727272727273,6.454545454545454
2024-05-30,mousse,knotless,9.06,57,33,0,0,0,16,3,5,mousse_knotless,23.0,25.666666666666668,1.9411764705882353,3.3529411764705883
2024-05-30,hairspray,cornrows,8.35,20,16,0,0,0,11,3,5,hairspray_cornrows,9.0,15.0,1.3333333333333333,1.6666666666666667
2024-05-31,premium_braiding_hair,box_braids,15.67,65,50,0,0,0,16,4,5,premium_braiding_hair_box_braids,43.0,45.333333333333336,2.9411764705882355,3.823529411764706
2024-05-31,standard_braiding_hair,twists,14.57,79,27,0,0,0,9,4,5,standard_braiding_hair_twists,17.0,24.333333333333332,2.7,7.9
2024-05-31,beads,twists,4.2,25,25,0,0,0,11,4,5,beads_twists,17.0,22.333333333333332,2.0833333333333335,2.0833333333333335
2024-05-31,edge_control,twists,6.92,72,15,0,0,0,11,4,5,edge_control_twists,18.0,14.0,1.25,6.0
2024-05-31,hair_gel,cornrows,5.16,29,15,0,0,0,7,4,5,hair_gel_cornrows,19.0,16.666666666666668,1.875,3.625
2024-05-31,mousse,cornrows,9.9,29,27,0,0,0,14,4,5,mousse_cornrows,33.0,27.666666666666668,1.8,1.9333333333333333
2024-05-31,hairspray,knotless,8.82,16,11,0,0,0,7,4,5,hairspray_knotless,16.0,12.0,1.375,2.0
2024-06-01,premium_braiding_hair,twists,18.44,56,51,0,1,0,11,5,6,premium_braiding_hair_twists,50.0,48.0,4.25,4.666666666666667
2024-06-01,standard_braiding_hair,twists,14.22,35,35,0,1,0,15,5,6,standard_braiding_hair_twists,27.0,26.333333333333332,2.1875,2.1875
2024-06-01,beads,twists,4.39,38,28,0,1,0,13,5,6,beads_twists,25.0,23.333333333333332,2.0,2.7142857142857144
2024-06-01,edge_control,twists,8.29,38,35,1,1,0,12,5,6,edge_control_twists,15.0,22.666666666666668,2.6923076923076925,2.923076923076923
2024-06-01,hair_gel,knotless,6.01,65,31,0,1,0,13,5,6,hair_gel_knotless,15.0,21.666666666666668,2.2142857142857144,4.642857142857143
2024-06-01,mousse,box_braids,7.74,57,22,0,1,0,8,5,6,mousse_box_braids,27.0,27.333333333333332,2.4444444444444446,6.333333333333333
2024-06-01,hairspray,cornrows,9.8,46,16,1,1,0,12,5,6,hairspray_cornrows,11.0,14.333333333333334,1.2307692307692308,3.5384615384615383
2024-06-02,premium_braiding_hair,box_braids,18.91,44,44,0,1,0,9,6,6,premium_braiding_hair_box_braids,51.0,48.333333333333336,4.4,4.4
2024-06-02,standard_braiding_hair,twists,15.37,48,42,0,1,0,7,6,6,standard_braiding_hair_twists,35.0,34.666666666666664,5.25,6.0
2024-06-02,beads,twists,5.28,23,23,0,1,0,11,6,6,beads_twists,28.0,25.333333333333332,1.9166666666666667,1.9166666666666667
2024-06-02,edge_control,box_braids,6.18,53,15,0,1,0,5,6,6,edge_control_box_braids,35.0,21.666666666666668,2.5,8.833333333333334
2024-06-02,hair_gel,knotless,5.17,51,27,0,1,0,9,6,6,hair_gel_knotless,31.0,24.333333333333332,2.7,5.1
2024-06-02,mousse,cornrows,9.04,76,29,0,1,0,9,6,6,mousse_cornrows,22.0,26.0,2.9,7.6
2024-06-02,hairspray,knotless,7.78,38,14,1,1,0,8,6,6,hairspray_knotless,16.0,13.666666666666666,1.5555555555555556,4.222222222222222
2024-06-03,premium_braiding_hair,twists,17.85,32,32,1,0,0,10,0,6,premium_braiding_hair_twists,44.0,42.333333333333336,2.909090909090909,2.909090909090909
2024-06-03,standard_braiding_hair,twists,14.03,24,24,0,0,0,12,0,6,standard_braiding_hair_twists,42.0,33.666666666666664,1.8461538461538463,1.8461538461538463
2024-06-03,beads,box_braids,4.42,71,26,0,0,0,9,0,6,beads_box_braids,23.0,25.666666666666668,2.6,7.1
2024-06-03,edge_control,twists,6.82,48,23,0,0,0,11,0,6,edge_control_twists,15.0,24.333333333333332,1.9166666666666667,4.0
2024-06-03,hair_gel,cornrows,5.49,74,15,0,0,0,7,0,6,hair_gel_cornrows,27.0,24.333333333333332,1.875,9.25
2024-06-03,mousse,box_braids,11.73,22,22,0,0,0,7,0,6,mousse_box_braids,29.0,24.333333333333332,2.75,2.75
2024-06-03,hairspray,knotless,9.0,65,11,1,0,0,10,0,6,hairspray_knotless,14.0,13.666666666666666,1.0,5.909090909090909
2024-06-04,premium_braiding_hair,box_braids,18.26,15,15,0,0,0,7,1,6,premium_braiding_hair_box_braids,32.0,30.333333333333332,1.875,1.875
2024-06-04,standard_braiding_hair,cornrows,15.41,34,34,0,0,0,16,1,6,standard_braiding_hair_cornrows,24.0,33.333333333333336,2.0,2.0
2024-06-04,beads,knotless,4.64,15,15,0,0,0,11,1,6,beads_knotless,26.0,21.333333333333332,1.25,1.25
2024-06-04,edge_control,box_braids,6.31,31,16,1,0,0,4,1,6,edge_control_box_braids,23.0,18.0,3.2,6.2
2024-06-04,hair_gel,cornrows,3.81,78,20,0,0,0,10,1,6,hair_gel_cornrows,15.0,20.666666666666668,1.8181818181818181,7.090909090909091
2024-06-04,mousse,cornrows,9.16,44,26,0,0,0,10,1,6,mousse_cornrows,22.0,25.666666666666668,2.3636363636363638,4.0
2024-06-04,hairspray,twists,7.5,68,10,0,0,0,8,1,6,hairspray_twists,11.0,11.666666666666666,1.1111111111111112,7.555555555555555
2024-06-05,premium_braiding_hair,knotless,18.61,48,48,0,0,0,11,2,6,premium_braiding_hair_knotless,15.0,31.666666666666668,4.0,4.0
2024-06-05,standard_braiding_hair,knotless,14.55,29,29,0,0,0,8,2,6,standard_braiding_hair_knotless,34.0,29.0,3.2222222222222223,3.2222222222222223
2024-06-05,beads,box_braids,6.35,33,23,0,0,0,11,2,6,beads_box_braids,15.0,21.333333333333332,1.9166666666666667,2.75
2024-06-05,edge_control,box_braids,8.61,64,20,0,0,0,5,2,6,edge_control_box_braids,16.0,19.666666666666668,3.3333333333333335,10.666666666666666
2024-06-05,hair_gel,knotless,4.67,45,22,0,0,0,10,2,6,hair_gel_knotless,20.0,19.0,2.0,4.090909090909091
2024-06-05,mousse,box_braids,10.12,31,18,0,0,0,3,2,6,mousse_box_braids,26.0,22.0,4.5,7.75
2024-06-05,hairspray,cornrows,8.45,40,10,0,0,0,13,2,6,hairspray_cornrows,10.0,10.333333333333334,0.7142857142857143,2.857142857142857
2024-06-06,premium_braiding_hair,cornrows,18.31,27,24,0,0,0,9,3,6,premium_braiding_hair_cornrows,48.0,29.0,2.4,2.7
2024-06-06,standard_braiding_hair,box_braids,16.62,49,39,1,0,0,10,3,6,standard_braiding_hair_box_braids,29.0,34.0,3.5454545454545454,4.454545454545454
2024-06-06,beads,twists,6.12,68,20,0,0,0,8,3,6,beads_twists,23.0,19.333333333333332,2.2222222222222223,7.555555555555555
2024-06-06,edge_control,twists,6.43,28,20,0,0,0,13,3,6,edge_control_twists,20.0,18.666666666666668,1.4285714285714286,2.0
2024-06-06,hair_gel,twists,8.13,43,13,0,0,0,6,3,6,hair_gel_twists,22.0,18.333333333333332,1.8571428571428572,6.142857142857143
2024-06-06,mousse,knotless,8.23,45,29,0,0,0,11,3,6,mousse_knotless,18.0,24.333333333333332,2.4166666666666665,3.75
2024-06-06,hairspray,cornrows,8.98,17,10,0,0,0,4,3,6,hairspray_cornrows,10.0,10.0,2.0,3.4
2024-06-07,premium_braiding_hair,cornrows,17.94,28,28,0,0,0,7,4,6,premium_braiding_hair_cornrows,24.0,33.333333333333336,3.5,3.5
2024-06-07,standard_braiding_hair,box_braids,16.52,66,31,0,0,0,13,4,6,standard_braiding_hair_box_braids,39.0,33.0,2.2142857142857144,4.714285714285714
2024-06-07,beads,twists,4.82,58,31,0,0,0,11,4,6,beads_twists,20.0,24.666666666666668,2.5833333333333335,4.833333333333333
2024-06-07,edge_control,twists,7.11,18,16,0,0,0,10,4,6,edge_control_twists,20.0,18.666666666666668,1.4545454545454546,1.6363636363636365
2024-06-07,hair_gel,twists,4.96,53,16,1,0,0,12,4,6,hair_gel_twists,13.0,17.0,1.2307692307692308,4.076923076923077
2024-06-07,mousse,cornrows,8.4,24,20,0,0,0,9,4,6,mousse_cornrows,29.0,22.333333333333332,2.0,2.4
2024-06-07,hairspray,knotless,9.52,29,18,1,0,0,12,4,6,hairspray_knotless,10.0,12.666666666666666,1.3846153846153846,2.230769230769231
2024-06-08,premium_braiding_hair,knotless,18.75,57,57,0,1,0,11,5,6,premium_braiding_hair_knotless,28.0,36.333333333333336,4.75,4.75
2024-06-08,standard_braiding_hair,twists,16.18,73,47,1,1,0,9,5,6,standard_braiding_hair_twists,31.0,39.0,4.7,7.3
2024-06-08,beads,cornrows,4.29,59,36,0,1,0,13,5,6,beads_cornrows,31.0,29.0,2.5714285714285716,4.214285714285714
2024-06-08,edge_control,knotless,6.87,78,17,0,1,0,7,5,6,edge_control_knotless,16.0,17.666666666666668,2.125,9.75
2024-06-08,hair_gel,knotless,4.89,66,15,0,1,0,8,5,6,hair_gel_knotless,16.0,14.666666666666666,1.6666666666666667,7.333333333333333
2024-06-08,mousse,knotless,8.52,47,28,0,1,0,11,5,6,mousse_knotless,20.0,25.666666666666668,2.3333333333333335,3.9166666666666665
2024-06-08,hairspray,cornrows,9.18,75,15,0,1,0,12,5,6,hairspray_cornrows,18.0,14.333333333333334,1.1538461538461537,5.769230769230769
2024-06-09,premium_braiding_hair,cornrows,19.8,50,38,0,1,0,13,6,6,premium_braiding_hair_cornrows,57.0,41.0,2.7142857142857144,3.5714285714285716
2024-06-09,standard_braiding_hair,cornrows,15.67,71,33,0,1,0,12,6,6,standard_braiding_hair_cornrows,47.0,37.0,2.5384615384615383,5.461538461538462
2024-06-09,beads,cornrows,4.25,29,18,0,1,0,5,6,6,beads_cornrows,36.0,28.333333333333332,3.0,4.833333333333333
2024-06-09,edge_control,cornrows,5.86,37,27,0,1,0,8,6,6,edge_control_cornrows,17.0,20.0,3.0,4.111111111111111
2024-06-09,hair_gel,cornrows,5.84,32,22,0,1,0,9,6,6,hair_gel_cornrows,15.0,17.666666666666668,2.2,3.2
2024-06-09,mousse,cornrows,7.66,26,26,0,1,0,17,6,6,mousse_cornrows,28.0,24.666666666666668,1.4444444444444444,1.4444444444444444
2024-06-09,hairspray,knotless,7.51,39,9,0,1,0,8,6,6,hairspray_knotless,15.0,14.0,1.0,4.333333333333333
2024-06-10,premium_braiding_hair,twists,18.68,28,28,0,0,0,13,0,6,premium_braiding_hair_twists,38.0,41.0,2.0,2.0
2024-06-10,standard_braiding_hair,box_braids,13.16,33,33,1,0,0,9,0,6,standard_braiding_hair_box_braids,33.0,37.666666666666664,3.3,3.3
2024-06-10,beads,knotless,3.26,72,32,1,0,0,3,0,6,beads_knotless,18.0,28.666666666666668,8.0,18.0
2024-06-10,edge_control,box_braids,6.22,28,20,0,0,0,10,0,6,edge_control_box_braids,27.0,21.333333333333332,1.8181818181818181,2.5454545454545454
2024-06-10,hair_gel,cornrows,5.99,37,18,0,0,0,16,0,6,hair_gel_cornrows,22.0,18.333333333333332,1.0588235294117647,2.176470588235294
2024-06-10,mousse,twists,11.19,27,22,0,0,0,9,0,6,mousse_twists,26.0,25.333333333333332,2.2,2.7
2024-06-10,hairspray,twists,8.2,24,5,0,0,0,9,0,6,hairspray_twists,9.0,9.666666666666666,0.5,2.4
2024-06-11,premium_braiding_hair,box_braids,17.66,79,60,1,0,0,9,1,6,premium_braiding_hair_box_braids,28.0,42.0,6.0,7.9
2024-06-11,standard_braiding_hair,cornrows,15.99,67,27,0,0,0,7,1,6,standard_braiding_hair_cornrows,33.0,31.0,3.375,8.375
2024-06-11,beads,knotless,7.1,45,24,0,0,0,10,1,6,beads_knotless,32.0,24.666666666666668,2.1818181818181817,4.090909090909091
2024-06-11,edge_control,knotless,6.38,57,27,1,0,0,9,1,6,edge_control_knotless,20.0,24.666666666666668,2.7,5.7
2024-06-11,hair_gel,cornrows,6.27,23,17,0,0,0,11,1,6,hair_gel_cornrows,18.0,19.0,1.4166666666666667,1.9166666666666667
2024-06-11,mousse,twists,9.97,47,21,0,0,0,8,1,6,mousse_twists,22.0,23.0,2.3333333333333335,5.222222222222222
2024-06-11,hairspray,twists,7.95,44,10,0,0,0,9,1,6,hairspray_twists,5.0,8.0,1.0,4.4
2024-06-12,premium_braiding_hair,knotless,18.74,49,49,1,0,0,6,2,6,premium_braiding_hair_knotless,60.0,45.666666666666664,7.0,7.0
2024-06-12,standard_braiding_hair,box_braids,15.84,49,35,0,0,0,17,2,6,standard_braiding_hair_box_braids,27.0,31.666666666666668,1.9444444444444444,2.7222222222222223
2024-06-12,beads,knotless,5.58,42,28,0,0,0,10,2,6,beads_knotless,24.0,28.0,2.5454545454545454,3.8181818181818183
2024-06-12,edge_control,cornrows,4.17,33,22,0,0,0,12,2,6,edge_control_cornrows,27.0,23.0,1.6923076923076923,2.5384615384615383
2024-06-12,hair_gel,twists,6.13,65,18,0,0,0,14,2,6,hair_gel_twists,17.0,17.666666666666668,1.2,4.333333333333333
2024-06-12,mousse,box_braids,8.89,72,33,0,0,0,14,2,6,mousse_box_braids,21.0,25.333333333333332,2.2,4.8
2024-06-12,hairspray,twists,9.13,38,7,0,0,0,5,2,6,hairspray_twists,10.0,7.333333333333333,1.1666666666666667,6.333333333333333
2024-06-13,premium_braiding_hair,knotless,17.51,43,43,0,0,0,10,3,6,premium_braiding_hair_knotless,49.0,50.666666666666664,3.909090909090909,3.909090909090909
2024-06-13,standard_braiding_hair,box_braids,13.11,16,16,0,0,0,5,3,6,standard_braiding_hair_box_braids,35.0,26.0,2.6666666666666665,2.6666666666666665
2024-06-13,beads,box_braids,6.28,41,24,1,0,0,8,3,6,beads_box_braids,28.0,25.333333333333332,2.6666666666666665,4.555555555555555
2024-06-13,edge_control,box_braids,7.53,51,15,1,0,0,3,3,6,edge_control_box_braids,22.0,21.333333333333332,3.75,12.75
2024-06-13,hair_gel,cornrows,6.06,61,12,0,0,0,4,3,6,hair_gel_cornrows,18.0,15.666666666666666,2.4,12.2
2024-06-13,mousse,knotless,7.12,45,29,1,0,0,6,3,6,mousse_knotless,33.0,27.666666666666668,4.142857142857143,6.428571428571429
2024-06-13,hairspray,twists,7.73,62,18,0,0,0,9,3,6,hairspray_twists,7.0,11.666666666666666,1.8,6.2
2024-06-14,premium_braiding_hair,box_braids,17.25,38,38,0,0,0,10,4,6,premium_braiding_hair_box_braids,43.0,43.333333333333336,3.4545454545454546,3.4545454545454546
2024-06-14,standard_braiding_hair,box_braids,12.98,24,24,0,0,0,9,4,6,standard_braiding_hair_box_braids,16.0,25.0,2.4,2.4
2024-06-14,beads,twists,5.51,29,20,0,0,0,11,4,6,beads_twists,24.0,24.0,1.6666666666666667,2.4166666666666665
2024-06-14,edge_control,knotless,6.87,53,13,0,0,0,10,4,6,edge_control_knotless,15.0,16.666666666666668,1.1818181818181819,4.818181818181818
2024-06-14,hair_gel,twists,5.78,25,20,0,0,0,10,4,6,hair_gel_twists,12.0,16.666666666666668,1.8181818181818181,2.272727272727273
2024-06-14,mousse,knotless,7.38,35,26,1,0,0,5,4,6,mousse_knotless,29.0,29.333333333333332,4.333333333333333,5.833333333333333
2024-06-14,hairspray,knotless,7.1,45,10,1,0,0,8,4,6,hairspray_knotless,18.0,11.666666666666666,1.1111111111111112,5.0
2024-06-15,premium_braiding_hair,knotless,18.1,72,68,1,1,0,4,5,6,premium_braiding_hair_knotless,38.0,49.666666666666664,13.6,14.4
2024-06-15,standard_braiding_hair,cornrows,14.44,35,35,0,1,0,11,5,6,standard_braiding_hair_cornrows,24.0,25.0,2.9166666666666665,2.9166666666666665
2024-06-15,beads,twists,6.3,47,26,0,1,0,8,5,6,beads_twists,20.0,23.333333333333332,2.888888888888889,5.222222222222222
2024-06-15,edge_control,box_braids,6.94,79,21,0,1,0,10,5,6,edge_control_box_braids,13.0,16.333333333333332,1.9090909090909092,7.181818181818182
2024-06-15,hair_gel,twists,7.09,39,17,0,1,0,8,5,6,hair_gel_twists,20.0,16.333333333333332,1.8888888888888888,4.333333333333333
2024-06-15,mousse,cornrows,8.79,16,16,0,1,0,15,5,6,mousse_cornrows,26.0,23.666666666666668,1.0,1.0
2024-06-15,hairspray,box_braids,7.47,31,12,0,1,0,9,5,6,hairspray_box_braids,10.0,13.333333333333334,1.2,3.1
2024-06-16,premium_braiding_hair,knotless,17.32,64,64,1,1,0,10,6,6,premium_braiding_hair_knotless,68.0,56.666666666666664,5.818181818181818,5.818181818181818
2024-06-16,standard_braiding_hair,box_braids,15.11,34,34,0,1,0,10,6,6,standard_braiding_hair_box_braids,35.0,31.0,3.090909090909091,3.090909090909091
2024-06-16,beads,box_braids,5.5,75,25,0,1,0,9,6,6,beads_box_braids,26.0,23.666666666666668,2.5,7.5
2024-06-16,edge_control,cornrows,8.49,60,25,0,1,0,12,6,6,edge_control_cornrows,21.0,19.666666666666668,1.9230769230769231,4.615384615384615
2024-06-16,hair_gel,cornrows,6.27,21,21,1,1,0,16,6,6,hair_gel_cornrows,17.0,19.333333333333332,1.2352941176470589,1.2352941176470589
2024-06-16,mousse,twists,8.53,50,24,0,1,0,12,6,6,mousse_twists,16.0,22.0,1.8461538461538463,3.8461538461538463
2024-06-16,hairspray,box_braids,6.3,36,18,0,1,0,13,6,6,hairspray_box_braids,12.0,13.333333333333334,1.2857142857142858,2.5714285714285716
2024-06-17,premium_braiding_hair,box_braids,21.1,49,46,0,0,0,10,0,6,premium_braiding_hair_box_braids,64.0,59.333333333333336,4.181818181818182,4.454545454545454
2024-06-17,standard_braiding_hair,knotless,15.53,40,23,0,0,0,9,0,6,standard_braiding_hair_knotless,34.0,30.666666666666668,2.3,4.0
2024-06-17,beads,knotless,6.18,58,23,0,0,0,7,0,6,beads_knotless,25.0,24.666666666666668,2.875,7.25
2024-06-17,edge_control,box_braids,6.88,75,18,0,0,0,10,0,6,edge_control_box_braids,25.0,21.333333333333332,1.6363636363636365,6.818181818181818
2024-06-17,hair_gel,twists,4.29,57,18,0,0,0,10,0,6,hair_gel_twists,21.0,18.666666666666668,1.6363636363636365,5.181818181818182
2024-06-17,mousse,box_braids,9.68,33,13,0,0,0,8,0,6,mousse_box_braids,24.0,17.666666666666668,1.4444444444444444,3.6666666666666665
2024-06-17,hairspray,cornrows,9.83,75,9,0,0,0,9,0,6,hairspray_cornrows,18.0,13.0,0.9,7.5
2024-06-18,premium_braiding_hair,cornrows,17.11,45,39,0,0,0,11,1,6,premium_braiding_hair_cornrows,46.0,49.666666666666664,3.25,3.75
2024-06-18,standard_braiding_hair,box_braids,15.31,67,29,0,0,0,11,1,6,standard_braiding_hair_box_braids,23.0,28.666666666666668,2.4166666666666665,5.583333333333333
2024-06-18,beads,box_braids,5.37,68,19,0,0,0,11,1,6,beads_box_braids,23.0,22.333333333333332,1.5833333333333333,5.666666666666667
2024-06-18,edge_control,knotless,5.54,17,17,0,0,0,17,1,6,edge_control_knotless,18.0,20.0,0.9444444444444444,0.9444444444444444
2024-06-18,hair_gel,cornrows,6.16,66,14,0,0,0,15,1,6,hair_gel_cornrows,18.0,17.666666666666668,0.875,4.125
2024-06-18,mousse,knotless,8.11,46,27,0,0,0,8,1,6,mousse_knotless,13.0,21.333333333333332,3.0,5.111111111111111
2024-06-18,hairspray,box_braids,8.41,67,12,0,0,0,11,1,6,hairspray_box_braids,9.0,13.0,1.0,5.583333333333333
2024-06-19,premium_braiding_hair,twists,17.02,70,37,0,0,0,15,2,6,premium_braiding_hair_twists,39.0,40.666666666666664,2.3125,4.375
2024-06-19,standard_braiding_hair,twists,15.22,43,32,0,0,0,12,2,6,standard_braiding_hair_twists,29.0,28.0,2.4615384615384617,3.3076923076923075
2024-06-19,beads,box_braids,6.6,18,18,0,0,0,8,2,6,beads_box_braids,19.0,20.0,2.0,2.0
2024-06-19,edge_control,box_braids,8.77,37,19,0,0,0,9,2,6,edge_control_box_braids,17.0,18.0,1.9,3.7
2024-06-19,hair_gel,twists,7.96,55,14,0,0,0,7,2,6,hair_gel_twists,14.0,15.333333333333334,1.75,6.875
2024-06-19,mousse,cornrows,8.52,33,19,1,0,0,8,2,6,mousse_cornrows,27.0,19.666666666666668,2.111111111111111,3.6666666666666665
2024-06-19,hairspray,knotless,8.13,28,11,1,0,0,3,2,6,hairspray_knotless,12.0,10.666666666666666,2.75,7.0
2024-06-20,premium_braiding_hair,knotless,19.57,47,47,1,0,0,12,3,6,premium_braiding_hair_knotless,37.0,41.0,3.6153846153846154,3.6153846153846154
2024-06-20,standard_braiding_hair,box_braids,14.85,66,38,0,0,0,10,3,6,standard_braiding_hair_box_braids,32.0,33.0,3.4545454545454546,6.0
2024-06-20,beads,knotless,5.21,27,23,0,0,0,13,3,6,beads_knotless,18.0,20.0,1.6428571428571428,1.9285714285714286
2024-06-20,edge_control,box_braids,6.88,75,22,1,0,0,10,3,6,edge_control_box_braids,19.0,19.333333333333332,2.0,6.818181818181818
2024-06-20,hair_gel,knotless,5.23,70,13,0,0,0,10,3,6,hair_gel_knotless,14.0,13.666666666666666,1.1818181818181819,6.363636363636363
2024-06-20,mousse,box_braids,8.36,48,21,0,0,0,11,3,6,mousse_box_braids,19.0,22.333333333333332,1.75,4.0
2024-06-20,hairspray,box_braids,6.38,47,20,0,0,0,12,3,6,hairspray_box_braids,11.0,14.333333333333334,1.5384615384615385,3.6153846153846154
2024-06-21,premium_braiding_hair,twists,18.8,26,26,0,0,0,13,4,6,premium_braiding_hair_twists,47.0,36.666666666666664,1.8571428571428572,1.8571428571428572
2024-06-21,standard_braiding_hair,twists,15.28,17,17,0,0,0,12,4,6,standard_braiding_hair_twists,38.0,29.0,1.3076923076923077,1.3076923076923077
2024-06-21,beads,knotless,4.71,35,34,0,0,0,13,4,6,beads_knotless,23.0,25.0,2.4285714285714284,2.5
2024-06-21,edge_control,cornrows,6.99,56,19,0,0,0,8,4,6,edge_control_cornrows,22.0,20.0,2.111111111111111,6.222222222222222
2024-06-21,hair_gel,box_braids,6.7,34,11,0,0,0,6,4,6,hair_gel_box_braids,13.0,12.666666666666666,1.5714285714285714,4.857142857142857
2024-06-21,mousse,cornrows,11.78,78,19,0,0,0,8,4,6,mousse_cornrows,21.0,19.666666666666668,2.111111111111111,8.666666666666666
2024-06-21,hairspray,twists,11.24,41,10,0,0,0,4,4,6,hairspray_twists,20.0,13.666666666666666,2.0,8.2
2024-06-22,premium_braiding_hair,knotless,17.72,47,47,1,1,0,12,5,6,premium_braiding_hair_knotless,26.0,40.0,3.6153846153846154,3.6153846153846154
2024-06-22,standard_braiding_hair,cornrows,15.95,46,46,1,1,0,12,5,6,standard_braiding_hair_cornrows,17.0,33.666666666666664,3.5384615384615383,3.5384615384615383
2024-06-22,beads,knotless,5.14,24,20,0,1,0,7,5,6,beads_knotless,34.0,25.666666666666668,2.5,3.0
2024-06-22,edge_control,twists,6.24,66,31,1,1,0,14,5,6,edge_control_twists,19.0,24.0,2.066666666666667,4.4
2024-06-22,hair_gel,knotless,4.96,59,21,0,1,0,14,5,6,hair_gel_knotless,11.0,15.0,1.4,3.933333333333333
2024-06-22,mousse,twists,9.11,20,20,0,1,0,11,5,6,mousse_twists,19.0,20.0,1.6666666666666667,1.6666666666666667
2024-06-22,hairspray,twists,8.52,47,11,0,1,0,10,5,6,hairspray_twists,10.0,13.666666666666666,1.0,4.2727272727272725
2024-06-23,premium_braiding_hair,cornrows,18.42,52,38,0,1,0,13,6,6,premium_braiding_hair_cornrows,47.0,37.0,2.7142857142857144,3.7142857142857144
2024-06-23,standard_braiding_hair,box_braids,15.84,30,30,0,1,0,13,6,6,standard_braiding_hair_box_braids,46.0,31.0,2.142857142857143,2.142857142857143
2024-06-23,beads,twists,5.2,27,27,1,1,0,8,6,6,beads_twists,20.0,27.0,3.0,3.0
2024-06-23,edge_control,box_braids,5.89,70,28,0,1,0,13,6,6,edge_control_box_braids,31.0,26.0,2.0,5.0
2024-06-23,hair_gel,twists,4.36,59,13,0,1,0,9,6,6,hair_gel_twists,21.0,15.0,1.3,5.9
2024-06-23,mousse,cornrows,9.14,30,30,1,1,0,12,6,6,mousse_cornrows,20.0,23.0,2.3076923076923075,2.3076923076923075
2024-06-23,hairspray,box_braids,8.86,63,11,0,1,0,5,6,6,hairspray_box_braids,11.0,10.666666666666666,1.8333333333333333,10.5
2024-06-24,premium_braiding_hair,twists,18.95,22,22,0,0,0,4,0,6,premium_braiding_hair_twists,38.0,35.666666666666664,4.4,4.4
2024-06-24,standard_braiding_hair,cornrows,14.65,55,28,0,0,0,8,0,6,standard_braiding_hair_cornrows,30.0,34.666666666666664,3.111111111111111,6.111111111111111
2024-06-24,beads,twists,3.85,20,20,1,0,0,10,0,6,beads_twists,27.0,22.333333333333332,1.8181818181818181,1.8181818181818181
2024-06-24,edge_control,box_braids,8.0,46,25,1,0,0,9,0,6,edge_control_box_braids,28.0,28.0,2.5,4.6
2024-06-24,hair_gel,cornrows,6.02,43,25,1,0,0,10,0,6,hair_gel_cornrows,13.0,19.666666666666668,2.272727272727273,3.909090909090909
2024-06-24,mousse,box_braids,9.76,44,27,0,0,0,10,0,6,mousse_box_braids,30.0,25.666666666666668,2.4545454545454546,4.0
2024-06-24,hairspray,box_braids,9.68,33,18,0,0,0,12,0,6,hairspray_box_braids,11.0,13.333333333333334,1.3846153846153846,2.5384615384615383
2024-06-25,premium_braiding_hair,cornrows,18.9,50,34,0,0,0,11,1,6,premium_braiding_hair_cornrows,22.0,31.333333333333332,2.8333333333333335,4.166666666666667
2024-06-25,standard_braiding_hair,box_braids,16.34,61,35,1,0,0,6,1,6,standard_braiding_hair_box_braids,28.0,31.0,5.0,8.714285714285714
2024-06-25,beads,knotless,4.32,67,35,1,0,0,10,1,6,beads_knotless,20.0,27.333333333333332,3.1818181818181817,6.090909090909091
2024-06-25,edge_control,knotless,6.96,64,14,0,0,0,4,1,6,edge_control_knotless,25.0,22.333333333333332,2.8,12.8
2024-06-25,hair_gel,twists,7.69,62,17,0,0,0,11,1,6,hair_gel_twists,25.0,18.333333333333332,1.4166666666666667,5.166666666666667
2024-06-25,mousse,cornrows,9.09,23,15,0,0,0,8,1,6,mousse_cornrows,27.0,24.0,1.6666666666666667,2.5555555555555554
2024-06-25,hairspray,knotless,8.57,73,15,0,0,0,12,1,6,hairspray_knotless,18.0,14.666666666666666,1.1538461538461537,5.615384615384615
2024-06-26,premium_braiding_hair,twists,17.27,65,38,0,0,0,14,2,6,premium_braiding_hair_twists,34.0,31.333333333333332,2.533333333333333,4.333333333333333
2024-06-26,standard_braiding_hair,twists,16.04,75,21,0,0,0,7,2,6,standard_braiding_hair_twists,35.0,28.0,2.625,9.375
2024-06-26,beads,box_braids,5.81,60,30,0,0,0,6,2,6,beads_box_braids,35.0,28.333333333333332,4.285714285714286,8.571428571428571
2024-06-26,edge_control,knotless,7.14,29,19,0,0,0,10,2,6,edge_control_knotless,14.0,19.333333333333332,1.7272727272727273,2.6363636363636362
2024-06-26,hair_gel,cornrows,7.5,46,20,0,0,0,7,2,6,hair_gel_cornrows,17.0,20.666666666666668,2.5,5.75
2024-06-26,mousse,knotless,10.15,76,22,0,0,0,7,2,6,mousse_knotless,15.0,21.333333333333332,2.75,9.5
2024-06-26,hairspray,box_braids,7.43,49,18,0,0,0,9,2,6,hairspray_box_braids,15.0,17.0,1.8,4.9
2024-06-27,premium_braiding_hair,box_braids,16.62,39,39,0,0,0,3,3,6,premium_braiding_hair_box_braids,38.0,37.0,9.75,9.75
2024-06-27,standard_braiding_hair,cornrows,14.78,35,31,0,0,0,12,3,6,standard_braiding_hair_cornrows,21.0,29.0,2.3846153846153846,2.6923076923076925
2024-06-27,beads,box_braids,4.02,17,17,1,0,0,5,3,6,beads_box_braids,30.0,27.333333333333332,2.8333333333333335,2.8333333333333335
2024-06-27,edge_control,box_braids,6.66,45,15,0,0,0,11,3,6,edge_control_box_braids,19.0,16.0,1.25,3.75
2024-06-27,hair_gel,twists,5.84,40,12,1,0,0,10,3,6,hair_gel_twists,20.0,16.333333333333332,1.0909090909090908,3.6363636363636362
2024-06-27,mousse,twists,10.25,53,28,0,0,0,7,3,6,mousse_twists,22.0,21.666666666666668,3.5,6.625
2024-06-27,hairspray,box_braids,8.46,53,15,1,0,0,10,3,6,hairspray_box_braids,18.0,16.0,1.3636363636363635,4.818181818181818
2024-06-28,premium_braiding_hair,cornrows,18.44,39,39,1,0,0,15,4,6,premium_braiding_hair_cornrows,39.0,38.666666666666664,2.4375,2.4375
2024-06-28,standard_braiding_hair,twists,17.08,52,25,0,0,0,8,4,6,standard_braiding_hair_twists,31.0,25.666666666666668,2.7777777777777777,5.777777777777778
2024-06-28,beads,cornrows,6.53,76,20,0,0,0,11,4,6,beads_cornrows,17.0,22.333333333333332,1.6666666666666667,6.333333333333333
2024-06-28,edge_control,cornrows,5.72,65,20,0,0,0,7,4,6,edge_control_cornrows,15.0,18.0,2.5,8.125
2024-06-28,hair_gel,twists,5.85,69,6,0,0,0,12,4,6,hair_gel_twists,12.0,12.666666666666666,0.46153846153846156,5.3076923076923075
2024-06-28,mousse,box_braids,7.52,70,27,0,0,0,12,4,6,mousse_box_braids,28.0,25.666666666666668,2.076923076923077,5.384615384615385
2024-06-28,hairspray,twists,7.96,21,17,0,0,0,13,4,6,hairspray_twists,15.0,16.666666666666668,1.2142857142857142,1.5
2024-06-29,premium_braiding_hair,knotless,17.46,66,66,0,1,0,16,5,6,premium_braiding_hair_knotless,39.0,48.0,3.8823529411764706,3.8823529411764706
2024-06-29,standard_braiding_hair,knotless,13.14,45,38,0,1,0,5,5,6,standard_braiding_hair_knotless,25.0,31.333333333333332,6.333333333333333,7.5
2024-06-29,beads,box_braids,5.01,76,28,0,1,0,8,5,6,beads_box_braids,20.0,21.666666666666668,3.111111111111111,8.444444444444445
2024-06-29,edge_control,cornrows,8.86,23,23,0,1,0,6,5,6,edge_control_cornrows,20.0,19.333333333333332,3.2857142857142856,3.2857142857142856
2024-06-29,hair_gel,twists,6.7,65,17,0,1,0,11,5,6,hair_gel_twists,6.0,11.666666666666666,1.4166666666666667,5.416666666666667
2024-06-29,mousse,cornrows,10.28,61,24,0,1,0,12,5,6,mousse_cornrows,27.0,26.333333333333332,1.8461538461538463,4.6923076923076925
2024-06-29,hairspray,twists,8.97,15,15,0,1,0,9,5,6,hairspray_twists,17.0,15.666666666666666,1.5,1.5
2024-06-30,premium_braiding_hair,box_braids,16.94,26,26,0,1,0,14,6,6,premium_braiding_hair_box_braids,66.0,43.666666666666664,1.7333333333333334,1.7333333333333334
2024-06-30,standard_braiding_hair,cornrows,14.02,20,20,1,1,0,8,6,6,standard_braiding_hair_cornrows,38.0,27.666666666666668,2.2222222222222223,2.2222222222222223
2024-06-30,beads,box_braids,2.79,37,25,0,1,0,9,6,6,beads_box_braids,28.0,24.333333333333332,2.5,3.7
2024-06-30,edge_control,twists,7.34,70,23,0,1,0,12,6,6,edge_control_twists,23.0,22.0,1.7692307692307692,5.384615384615385
2024-06-30,hair_gel,knotless,7.3,33,15,1,1,0,7,6,6,hair_gel_knotless,17.0,12.666666666666666,1.875,4.125
2024-06-30,mousse,cornrows,8.23,57,30,1,1,0,10,6,6,mousse_cornrows,24.0,27.0,2.727272727272727,5.181818181818182
2024-06-30,hairspray,twists,9.61,40,20,1,1,0,8,6,6,hairspray_twists,15.0,17.333333333333332,2.2222222222222223,4.444444444444445
2024-07-01,premium_braiding_hair,box_braids,18.92,55,55,1,0,0,6,0,7,premium_braiding_hair_box_braids,26.0,49.0,7.857142857142857,7.857142857142857
2024-07-01,standard_braiding_hair,cornrows,16.59,46,29,0,0,0,13,0,7,standard_braiding_hair_cornrows,20.0,29.0,2.0714285714285716,3.2857142857142856
2024-07-01,beads,twists,5.51,75,22,1,0,0,3,0,7,beads_twists,25.0,25.0,5.5,18.75
2024-07-01,edge_control,box_braids,7.77,64,19,0,0,0,11,0,7,edge_control_box_braids,23.0,21.666666666666668,1.5833333333333333,5.333333333333333
2024-07-01,hair_gel,box_braids,6.96,39,17,0,0,0,10,0,7,hair_gel_box_braids,15.0,16.333333333333332,1.5454545454545454,3.5454545454545454
2024-07-01,mousse,box_braids,8.13,66,33,1,0,0,13,0,7,mousse_box_braids,30.0,29.0,2.357142857142857,4.714285714285714
2024-07-01,hairspray,twists,8.54,27,13,0,0,0,8,0,7,hairspray_twists,20.0,16.0,1.4444444444444444,3.0
2024-07-02,premium_braiding_hair,twists,17.47,24,24,1,0,0,3,1,7,premium_braiding_hair_twists,55.0,35.0,6.0,6.0
2024-07-02,standard_braiding_hair,twists,13.85,34,34,1,0,0,9,1,7,standard_braiding_hair_twists,29.0,27.666666666666668,3.4,3.4
2024-07-02,beads,cornrows,5.62,25,25,0,0,0,16,1,7,beads_cornrows,22.0,24.0,1.4705882352941178,1.4705882352941178
2024-07-02,edge_control,twists,7.41,77,23,1,0,0,5,1,7,edge_control_twists,19.0,21.666666666666668,3.8333333333333335,12.833333333333334
2024-07-02,hair_gel,twists,5.95,31,20,1,0,0,11,1,7,hair_gel_twists,17.0,17.333333333333332,1.6666666666666667,2.5833333333333335
2024-07-02,mousse,box_braids,8.78,61,30,0,0,0,8,1,7,mousse_box_braids,33.0,31.0,3.3333333333333335,6.777777777777778
2024-07-02,hairspray,twists,7.83,46,8,0,0,0,4,1,7,hairspray_twists,13.0,13.666666666666666,1.6,9.2
2024-07-03,premium_braiding_hair,cornrows,17.88,22,22,0,0,0,12,2,7,premium_braiding_hair_cornrows,24.0,33.666666666666664,1.6923076923076923,1.6923076923076923
2024-07-03,standard_braiding_hair,twists,13.98,61,36,1,0,0,5,2,7,standard_braiding_hair_twists,34.0,33.0,6.0,10.166666666666666
2024-07-03,beads,cornrows,4.65,48,23,0,0,0,8,2,7,beads_cornrows,25.0,23.333333333333332,2.5555555555555554,5.333333333333333
2024-07-03,edge_control,cornrows,5.57,24,24,1,0,0,10,2,7,edge_control_cornrows,23.0,22.0,2.1818181818181817,2.1818181818181817
2024-07-03,hair_gel,cornrows,6.4,50,18,0,0,0,13,2,7,hair_gel_cornrows,20.0,18.333333333333332,1.2857142857142858,3.5714285714285716
2024-07-03,mousse,cornrows,8.23,20,20,1,0,0,10,2,7,mousse_cornrows,30.0,27.666666666666668,1.8181818181818181,1.8181818181818181
2024-07-03,hairspray,knotless,10.06,74,17,0,0,0,12,2,7,hairspray_knotless,8.0,12.666666666666666,1.3076923076923077,5.6923076923076925
2024-07-04,premium_braiding_hair,cornrows,19.37,42,42,1,0,1,5,3,7,premium_braiding_hair_cornrows,22.0,29.333333333333332,7.0,7.0
2024-07-04,standard_braiding_hair,cornrows,13.06,64,39,0,0,1,9,3,7,standard_braiding_hair_cornrows,36.0,36.333333333333336,3.9,6.4
2024-07-04,beads,cornrows,4.79,53,21,0,0,1,9,3,7,beads_cornrows,23.0,23.0,2.1,5.3
2024-07-04,edge_control,box_braids,6.25,32,18,0,0,1,7,3,7,edge_control_box_braids,24.0,21.666666666666668,2.25,4.0
2024-07-04,hair_gel,cornrows,6.5,23,23,1,0,1,9,3,7,hair_gel_cornrows,18.0,20.333333333333332,2.3,2.3
2024-07-04,mousse,twists,9.94,19,19,0,0,1,11,3,7,mousse_twists,20.0,23.0,1.5833333333333333,1.5833333333333333
2024-07-04,hairspray,box_braids,7.64,75,12,0,0,1,5,3,7,hairspray_box_braids,17.0,12.333333333333334,2.0,12.5
2024-07-05,premium_braiding_hair,cornrows,19.01,77,30,0,0,0,10,4,7,premium_braiding_hair_cornrows,42.0,31.333333333333332,2.727272727272727,7.0
2024-07-05,standard_braiding_hair,cornrows,15.14,62,30,0,0,0,7,4,7,standard_braiding_hair_cornrows,39.0,35.0,3.75,7.75
2024-07-05,beads,twists,5.37,50,23,0,0,0,8,4,7,beads_twists,21.0,22.333333333333332,2.5555555555555554,5.555555555555555
2024-07-05,edge_control,cornrows,5.98,55,25,1,0,0,7,4,7,edge_control_cornrows,18.0,22.333333333333332,3.125,6.875
2024-07-05,hair_gel,box_braids,7.53,33,6,0,0,0,5,4,7,hair_gel_box_braids,23.0,15.666666666666666,1.0,5.5
2024-07-05,mousse,knotless,7.6,20,20,0,0,0,13,4,7,mousse_knotless,19.0,19.666666666666668,1.4285714285714286,1.4285714285714286
2024-07-05,hairspray,box_braids,7.6,39,13,0,0,0,12,4,7,hairspray_box_braids,12.0,14.0,1.0,3.0
2024-07-06,premium_braiding_hair,cornrows,17.4,75,40,0,1,0,12,5,7,premium_braiding_hair_cornrows,30.0,37.333333333333336,3.076923076923077,5.769230769230769
2024-07-06,standard_braiding_hair,knotless,15.64,43,31,0,1,0,11,5,7,standard_braiding_hair_knotless,30.0,33.333333333333336,2.5833333333333335,3.5833333333333335
2024-07-06,beads,twists,4.86,27,27,0,1,0,15,5,7,beads_twists,23.0,23.666666666666668,1.6875,1.6875
2024-07-06,edge_control,knotless,8.06,77,21,0,1,0,6,5,7,edge_control_knotless,25.0,21.333333333333332,3.0,11.0
2024-07-06,hair_gel,twists,6.99,40,9,0,1,0,9,5,7,hair_gel_twists,6.0,12.666666666666666,0.9,4.0
2024-07-06,mousse,twists,9.69,48,37,1,1,0,10,5,7,mousse_twists,20.0,25.333333333333332,3.3636363636363638,4.363636363636363
2024-07-06,hairspray,knotless,9.5,66,14,1,1,0,3,5,7,hairspray_knotless,13.0,13.0,3.5,16.5
2024-07-07,premium_braiding_hair,cornrows,18.36,46,32,0,1,0,10,6,7,premium_braiding_hair_cornrows,40.0,34.0,2.909090909090909,4.181818181818182
2024-07-07,standard_braiding_hair,knotless,14.22,70,35,0,1,0,9,6,7,standard_braiding_hair_knotless,31.0,32.0,3.5,7.0
2024-07-07,beads,twists,5.44,17,17,0,1,0,8,6,7,beads_twists,27.0,22.333333333333332,1.8888888888888888,1.8888888888888888
2024-07-07,edge_control,cornrows,7.58,32,25,0,1,0,5,6,7,edge_control_cornrows,21.0,23.666666666666668,4.166666666666667,5.333333333333333
2024-07-07,hair_gel,knotless,5.77,54,26,1,1,0,6,6,7,hair_gel_knotless,9.0,13.666666666666666,3.7142857142857144,7.714285714285714
2024-07-07,mousse,twists,10.42,62,30,1,1,0,9,6,7,mousse_twists,37.0,29.0,3.0,6.2
2024-07-07,hairspray,box_braids,8.59,43,19,0,1,0,6,6,7,hairspray_box_braids,14.0,15.333333333333334,2.7142857142857144,6.142857142857143
2024-07-08,premium_braiding_hair,twists,18.4,23,23,0,0,0,17,0,7,premium_braiding_hair_twists,32.0,31.666666666666668,1.2777777777777777,1.2777777777777777
2024-07-08,standard_braiding_hair,cornrows,15.69,25,25,0,0,0,8,0,7,standard_braiding_hair_cornrows,35.0,30.333333333333332,2.7777777777777777,2.7777777777777777
2024-07-08,beads,box_braids,5.2,51,27,1,0,0,10,0,7,beads_box_braids,17.0,23.666666666666668,2.4545454545454546,4.636363636363637
2024-07-08,edge_control,box_braids,6.31,68,24,1,0,0,11,0,7,edge_control_box_braids,25.0,23.333333333333332,2.0,5.666666666666667
2024-07-08,hair_gel,twists,5.0,36,18,0,0,0,12,0,7,hair_gel_twists,26.0,17.666666666666668,1.3846153846153846,2.769230769230769
2024-07-08,mousse,knotless,9.08,40,39,1,0,0,11,0,7,mousse_knotless,30.0,35.333333333333336,3.25,3.3333333333333335
2024-07-08,hairspray,knotless,7.8,72,14,1,0,0,8,0,7,hairspray_knotless,19.0,15.666666666666666,1.5555555555555556,8.0
2024-07-09,premium_braiding_hair,twists,17.89,51,27,0,0,0,8,1,7,premium_braiding_hair_twists,23.0,27.333333333333332,3.0,5.666666666666667
2024-07-09,standard_braiding_hair,knotless,14.8,56,26,0,0,0,13,1,7,standard_braiding_hair_knotless,25.0,28.666666666666668,1.8571428571428572,4.0
2024-07-09,beads,knotless,6.48,31,16,0,0,0,5,1,7,beads_knotless,27.0,20.0,2.6666666666666665,5.166666666666667
2024-07-09,edge_control,cornrows,6.93,26,24,0,0,0,9,1,7,edge_control_cornrows,24.0,24.333333333333332,2.4,2.6
2024-07-09,hair_gel,twists,6.37,73,8,0,0,0,6,1,7,hair_gel_twists,18.0,17.333333333333332,1.1428571428571428,10.428571428571429
2024-07-09,mousse,box_braids,10.32,55,27,0,0,0,8,1,7,mousse_box_braids,39.0,32.0,3.0,6.111111111111111
2024-07-09,hairspray,twists,8.9,66,17,0,0,0,9,1,7,hairspray_twists,14.0,16.666666666666668,1.7,6.6
2024-07-10,premium_braiding_hair,knotless,17.61,41,41,0,0,0,14,2,7,premium_braiding_hair_knotless,27.0,30.333333333333332,2.7333333333333334,2.7333333333333334
2024-07-10,standard_braiding_hair,twists,14.31,59,34,0,0,0,4,2,7,standard_braiding_hair_twists,26.0,28.333333333333332,6.8,11.8
2024-07-10,beads,box_braids,4.99,78,24,0,0,0,10,2,7,beads_box_braids,16.0,22.333333333333332,2.1818181818181817,7.090909090909091
2024-07-10,edge_control,box_braids,5.14,20,16,0,0,0,7,2,7,edge_control_box_braids,24.0,21.333333333333332,2.0,2.5
2024-07-10,hair_gel,box_braids,6.6,56,21,1,0,0,13,2,7,hair_gel_box_braids,8.0,15.666666666666666,1.5,4.0
2024-07-10,mousse,cornrows,6.62,20,20,0,0,0,13,2,7,mousse_cornrows,27.0,28.666666666666668,1.4285714285714286,1.4285714285714286
2024-07-10,hairspray,box_braids,8.71,55,13,0,0,0,10,2,7,hairspray_box_braids,17.0,14.666666666666666,1.1818181818181819,5.0
2024-07-11,premium_braiding_hair,cornrows,17.29,40,22,0,0,0,8,3,7,premium_braiding_hair_cornrows,41.0,30.0,2.4444444444444446,4.444444444444445
2024-07-11,standard_braiding_hair,box_braids,13.26,42,32,0,0,0,8,3,7,standard_braiding_hair_box_braids,34.0,30.666666666666668,3.5555555555555554,4.666666666666667
2024-07-11,beads,knotless,3.33,76,17,0,0,0,8,3,7,beads_knotless,24.0,19.0,1.8888888888888888,8.444444444444445
2024-07-11,edge_control,twists,7.2,28,22,0,0,0,10,3,7,edge_control_twists,16.0,20.666666666666668,2.0,2.5454545454545454
2024-07-11,hair_gel,box_braids,5.2,69,21,0,0,0,11,3,7,hair_gel_box_braids,21.0,16.666666666666668,1.75,5.75
2024-07-11,mousse,twists,8.91,54,31,1,0,0,11,3,7,mousse_twists,20.0,26.0,2.5833333333333335,4.5
2024-07-11,hairspray,box_braids,8.86,67,24,1,0,0,16,3,7,hairspray_box_braids,13.0,18.0,1.411764705882353,3.9411764705882355
2024-07-12,premium_braiding_hair,twists,18.48,36,36,1,0,0,3,4,7,premium_braiding_hair_twists,22.0,33.0,9.0,9.0
2024-07-12,standard_braiding_hair,box_braids,15.14,59,34,0,0,0,8,4,7,standard_braiding_hair_box_braids,32.0,33.333333333333336,3.7777777777777777,6.555555555555555
2024-07-12,beads,cornrows,5.07,41,22,0,0,0,9,4,7,beads_cornrows,17.0,21.0,2.2,4.1
2024-07-12,edge_control,box_braids,5.89,65,15,0,0,0,6,4,7,edge_control_box_braids,22.0,17.666666666666668,2.142857142857143,9.285714285714286
2024-07-12,hair_gel,knotless,6.68,31,17,0,0,0,7,4,7,hair_gel_knotless,21.0,19.666666666666668,2.125,3.875
2024-07-12,mousse,box_braids,10.31,65,31,1,0,0,10,4,7,mousse_box_braids,31.0,27.333333333333332,2.8181818181818183,5.909090909090909
2024-07-12,hairspray,knotless,6.9,35,16,0,0,0,12,4,7,hairspray_knotless,24.0,17.666666666666668,1.2307692307692308,2.6923076923076925
2024-07-13,premium_braiding_hair,knotless,18.61,76,52,0,1,0,7,5,7,premium_braiding_hair_knotless,36.0,36.666666666666664,6.5,9.5
2024-07-13,standard_braiding_hair,cornrows,14.61,18,18,0,1,0,13,5,7,standard_braiding_hair_cornrows,34.0,28.0,1.2857142857142858,1.2857142857142858
2024-07-13,beads,box_braids,6.43,49,43,1,1,0,13,5,7,beads_box_braids,22.0,27.333333333333332,3.0714285714285716,3.5
2024-07-13,edge_control,box_braids,6.16,67,18,0,1,0,10,5,7,edge_control_box_braids,15.0,18.333333333333332,1.6363636363636365,6.090909090909091
2024-07-13,hair_gel,twists,6.28,44,29,1,1,0,12,5,7,hair_gel_twists,17.0,22.333333333333332,2.230769230769231,3.3846153846153846
2024-07-13,mousse,twists,10.2,26,26,0,1,0,13,5,7,mousse_twists,31.0,29.333333333333332,1.8571428571428572,1.8571428571428572
2024-07-13,hairspray,box_braids,8.02,28,14,0,1,0,10,5,7,hairspray_box_braids,16.0,18.0,1.2727272727272727,2.5454545454545454
2024-07-14,premium_braiding_hair,knotless,18.51,67,62,0,1,0,10,6,7,premium_braiding_hair_knotless,52.0,50.0,5.636363636363637,6.090909090909091
2024-07-14,standard_braiding_hair,twists,15.82,57,54,1,1,0,10,6,7,standard_braiding_hair_twists,18.0,35.333333333333336,4.909090909090909,5.181818181818182
2024-07-14,beads,box_braids,4.78,16,16,0,1,0,10,6,7,beads_box_braids,43.0,27.0,1.4545454545454546,1.4545454545454546
2024-07-14,edge_control,knotless,7.89,42,20,0,1,0,7,6,7,edge_control_knotless,18.0,17.666666666666668,2.5,5.25
2024-07-14,hair_gel,box_braids,5.51,29,17,0,1,0,7,6,7,hair_gel_box_braids,29.0,21.0,2.125,3.625
2024-07-14,mousse,cornrows,7.76,45,21,0,1,0,7,6,7,mousse_cornrows,26.0,26.0,2.625,5.625
2024-07-14,hairspray,cornrows,8.43,24,13,0,1,0,4,6,7,hairspray_cornrows,14.0,14.333333333333334,2.6,4.8
2024-07-15,premium_braiding_hair,twists,18.87,70,22,0,0,0,3,0,7,premium_braiding_hair_twists,62.0,45.333333333333336,5.5,17.5
2024-07-15,standard_braiding_hair,cornrows,13.18,33,33,0,0,0,10,0,7,standard_braiding_hair_cornrows,54.0,35.0,3.0,3.0
2024-07-15,beads,knotless,6.2,43,28,1,0,0,10,0,7,beads_knotless,16.0,29.0,2.5454545454545454,3.909090909090909
2024-07-15,edge_control,twists,8.12,40,19,1,0,0,10,0,7,edge_control_twists,20.0,19.0,1.7272727272727273,3.6363636363636362
2024-07-15,hair_gel,cornrows,6.4,47,5,0,0,0,6,0,7,hair_gel_cornrows,17.0,17.0,0.7142857142857143,6.714285714285714
2024-07-15,mousse,cornrows,10.4,29,25,1,0,0,10,0,7,mousse_cornrows,21.0,24.0,2.272727272727273,2.6363636363636362
2024-07-15,hairspray,cornrows,8.26,18,17,0,0,0,13,0,7,hairspray_cornrows,13.0,14.666666666666666,1.2142857142857142,1.2857142857142858
2024-07-16,premium_braiding_hair,knotless,18.72,26,26,0,0,0,4,1,7,premium_braiding_hair_knotless,22.0,36.666666666666664,5.2,5.2
2024-07-16,standard_braiding_hair,box_braids,14.04,48,27,0,0,0,8,1,7,standard_braiding_hair_box_braids,33.0,38.0,3.0,5.333333333333333
2024-07-16,beads,twists,3.52,73,9,0,0,0,3,1,7,beads_twists,28.0,17.666666666666668,2.25,18.25
2024-07-16,edge_control,box_braids,7.48,52,23,0,0,0,18,1,7,edge_control_box_braids,19.0,20.666666666666668,1.2105263157894737,2.736842105263158
2024-07-16,hair_gel,knotless,5.99,21,10,1,0,0,6,1,7,hair_gel_knotless,5.0,10.666666666666666,1.4285714285714286,3.0
2024-07-16,mousse,cornrows,9.83,42,17,0,0,0,7,1,7,mousse_cornrows,25.0,21.0,2.125,5.25
2024-07-16,hairspray,box_braids,6.82,68,18,1,0,0,9,1,7,hairspray_box_braids,17.0,16.0,1.8,6.8
2024-07-17,premium_braiding_hair,knotless,17.7,53,46,0,0,0,4,2,7,premium_braiding_hair_knotless,26.0,31.333333333333332,9.2,10.6
2024-07-17,standard_braiding_hair,twists,12.67,24,24,1,0,0,6,2,7,standard_braiding_hair_twists,27.0,28.0,3.4285714285714284,3.4285714285714284
2024-07-17,beads,knotless,3.92,51,16,0,0,0,6,2,7,beads_knotless,9.0,17.666666666666668,2.2857142857142856,7.285714285714286
2024-07-17,edge_control,box_braids,5.75,33,26,1,0,0,11,2,7,edge_control_box_braids,23.0,22.666666666666668,2.1666666666666665,2.75
2024-07-17,hair_gel,twists,7.06,35,18,1,0,0,11,2,7,hair_gel_twists,10.0,11.0,1.5,2.9166666666666665
2024-07-17,mousse,knotless,10.56,38,32,1,0,0,12,2,7,mousse_knotless,17.0,24.666666666666668,2.4615384615384617,2.923076923076923
2024-07-17,hairspray,twists,5.22,78,19,0,0,0,7,2,7,hairspray_twists,18.0,18.0,2.375,9.75
2024-07-18,premium_braiding_hair,cornrows,19.55,37,36,0,0,0,6,3,7,premium_braiding_hair_cornrows,46.0,36.0,5.142857142857143,5.285714285714286
2024-07-18,standard_braiding_hair,knotless,16.36,78,26,0,0,0,8,3,7,standard_braiding_hair_knotless,24.0,25.666666666666668,2.888888888888889,8.666666666666666
2024-07-18,beads,box_braids,4.16,78,24,0,0,0,11,3,7,beads_box_braids,16.0,16.333333333333332,2.0,6.5
2024-07-18,edge_control,knotless,8.43,50,20,0,0,0,11,3,7,edge_control_knotless,26.0,23.0,1.6666666666666667,4.166666666666667
2024-07-18,hair_gel,knotless,6.06,40,17,0,0,0,7,3,7,hair_gel_knotless,18.0,15.0,2.125,5.0
2024-07-18,mousse,cornrows,9.89,60,24,0,0,0,11,3,7,mousse_cornrows,32.0,24.333333333333332,2.0,5.0
2024-07-18,hairspray,cornrows,9.34,20,5,0,0,0,10,3,7,hairspray_cornrows,19.0,14.0,0.45454545454545453,1.8181818181818181
2024-07-19,premium_braiding_hair,box_braids,17.1,28,28,0,0,0,7,4,7,premium_braiding_hair_box_braids,36.0,36.666666666666664,3.5,3.5
2024-07-19,standard_braiding_hair,twists,13.79,61,29,0,0,0,8,4,7,standard_braiding_hair_twists,26.0,26.333333333333332,3.2222222222222223,6.777777777777778
2024-07-19,beads,twists,4.5,30,21,0,0,0,9,4,7,beads_twists,24.0,20.333333333333332,2.1,3.0
2024-07-19,edge_control,twists,7.08,72,7,0,0,0,15,4,7,edge_control_twists,20.0,17.666666666666668,0.4375,4.5
2024-07-19,hair_gel,box_braids,7.59,64,21,0,0,0,9,4,7,hair_gel_box_braids,17.0,18.666666666666668,2.1,6.4
2024-07-19,mousse,twists,8.68,41,22,0,0,0,10,4,7,mousse_twists,24.0,26.0,2.0,3.727272727272727
2024-07-19,hairspray,knotless,7.58,50,13,0,0,0,13,4,7,hairspray_knotless,5.0,12.333333333333334,0.9285714285714286,3.5714285714285716
2024-07-20,premium_braiding_hair,cornrows,16.67,59,39,0,1,0,4,5,7,premium_braiding_hair_cornrows,28.0,34.333333333333336,7.8,11.8
2024-07-20,standard_braiding_hair,box_braids,15.09,70,35,0,1,0,5,5,7,standard_braiding_hair_box_braids,29.0,30.0,5.833333333333333,11.666666666666666
2024-07-20,beads,cornrows,3.98,44,27,0,1,0,15,5,7,beads_cornrows,21.0,24.0,1.6875,2.75
2024-07-20,edge_control,box_braids,7.05,39,23,1,1,0,10,5,7,edge_control_box_braids,7.0,16.666666666666668,2.090909090909091,3.5454545454545454
2024-07-20,hair_gel,knotless,5.97,23,12,0,1,0,5,5,7,hair_gel_knotless,21.0,16.666666666666668,2.0,3.8333333333333335
2024-07-20,mousse,twists,8.14,33,24,0,1,0,6,5,7,mousse_twists,22.0,23.333333333333332,3.4285714285714284,4.714285714285714
2024-07-20,hairspray,knotless,8.26,60,19,0,1,0,10,5,7,hairspray_knotless,13.0,12.333333333333334,1.7272727272727273,5.454545454545454
2024-07-21,premium_braiding_hair,cornrows,18.65,43,43,0,1,0,7,6,7,premium_braiding_hair_cornrows,39.0,36.666666666666664,5.375,5.375
2024-07-21,standard_braiding_hair,box_braids,15.2,61,36,0,1,0,9,6,7,standard_braiding_hair_box_braids,35.0,33.333333333333336,3.6,6.1
2024-07-21,beads,cornrows,5.1,47,34,1,1,0,11,6,7,beads_cornrows,27.0,27.333333333333332,2.8333333333333335,3.9166666666666665
2024-07-21,edge_control,twists,8.07,29,26,0,1,0,12,6,7,edge_control_twists,23.0,18.666666666666668,2.0,2.230769230769231
2024-07-21,hair_gel,twists,5.72,70,19,1,1,0,9,6,7,hair_gel_twists,12.0,17.333333333333332,1.9,7.0
2024-07-21,mousse,box_braids,9.31,16,16,0,1,0,9,6,7,mousse_box_braids,24.0,20.666666666666668,1.6,1.6
2024-07-21,hairspray,box_braids,8.87,43,13,1,1,0,11,6,7,hairspray_box_braids,19.0,15.0,1.0833333333333333,3.5833333333333335
2024-07-22,premium_braiding_hair,knotless,18.23,75,51,0,0,0,16,0,7,premium_braiding_hair_knotless,43.0,44.333333333333336,3.0,4.411764705882353
2024-07-22,standard_braiding_hair,twists,16.14,73,37,0,0,0,14,0,7,standard_braiding_hair_twists,36.0,36.0,2.466666666666667,4.866666666666666
2024-07-22,beads,knotless,5.99,26,22,0,0,0,11,0,7,beads_knotless,34.0,27.666666666666668,1.8333333333333333,2.1666666666666665
2024-07-22,edge_control,box_braids,6.3,64,14,0,0,0,8,0,7,edge_control_box_braids,26.0,21.0,1.5555555555555556,7.111111111111111
2024-07-22,hair_gel,box_braids,5.31,74,21,0,0,0,10,0,7,hair_gel_box_braids,19.0,17.333333333333332,1.9090909090909092,6.7272727272727275
2024-07-22,mousse,box_braids,9.46,27,27,1,0,0,12,0,7,mousse_box_braids,16.0,22.333333333333332,2.076923076923077,2.076923076923077
2024-07-22,hairspray,twists,7.35,52,12,0,0,0,5,0,7,hairspray_twists,13.0,14.666666666666666,2.0,8.666666666666666
2024-07-23,premium_braiding_hair,box_braids,15.21,29,29,0,0,0,5,1,7,premium_braiding_hair_box_braids,51.0,41.0,4.833333333333333,4.833333333333333
2024-07-23,standard_braiding_hair,knotless,15.6,23,23,1,0,0,13,1,7,standard_braiding_hair_knotless,37.0,32.0,1.6428571428571428,1.6428571428571428
2024-07-23,beads,cornrows,4.62,29,17,0,0,0,9,1,7,beads_cornrows,22.0,24.333333333333332,1.7,2.9
2024-07-23,edge_control,twists,8.36,21,21,0,0,0,9,1,7,edge_control_twists,14.0,20.333333333333332,2.1,2.1
2024-07-23,hair_gel,twists,4.44,25,15,0,0,0,13,1,7,hair_gel_twists,21.0,18.333333333333332,1.0714285714285714,1.7857142857142858
2024-07-23,mousse,cornrows,9.53,65,18,0,0,0,14,1,7,mousse_cornrows,27.0,20.333333333333332,1.2,4.333333333333333
2024-07-23,hairspray,twists,8.05,67,4,0,0,0,9,1,7,hairspray_twists,12.0,9.666666666666666,0.4,6.7
2024-07-24,premium_braiding_hair,box_braids,19.14,34,34,0,0,0,12,2,7,premium_braiding_hair_box_braids,29.0,38.0,2.6153846153846154,2.6153846153846154
2024-07-24,standard_braiding_hair,box_braids,14.78,31,31,0,0,0,18,2,7,standard_braiding_hair_box_braids,23.0,30.333333333333332,1.631578947368421,1.631578947368421
2024-07-24,beads,cornrows,5.76,24,15,0,0,0,9,2,7,beads_cornrows,17.0,18.0,1.5,2.4
2024-07-24,edge_control,cornrows,7.02,56,22,0,0,0,9,2,7,edge_control_cornrows,21.0,19.0,2.2,5.6
2024-07-24,hair_gel,twists,5.05,33,23,0,0,0,13,2,7,hair_gel_twists,15.0,19.666666666666668,1.6428571428571428,2.357142857142857
2024-07-24,mousse,box_braids,8.16,36,23,0,0,0,10,2,7,mousse_box_braids,18.0,22.666666666666668,2.090909090909091,3.272727272727273
2024-07-24,hairspray,twists,6.28,62,8,0,0,0,12,2,7,hairspray_twists,4.0,8.0,0.6153846153846154,4.769230769230769
2024-07-25,premium_braiding_hair,twists,19.34,40,40,0,0,0,9,3,7,premium_braiding_hair_twists,34.0,34.333333333333336,4.0,4.0
2024-07-25,standard_braiding_hair,cornrows,13.63,37,24,0,0,0,10,3,7,standard_braiding_hair_cornrows,31.0,26.0,2.1818181818181817,3.3636363636363638
2024-07-25,beads,knotless,5.87,78,23,1,0,0,12,3,7,beads_knotless,15.0,18.333333333333332,1.7692307692307692,6.0
2024-07-25,edge_control,twists,5.32,61,19,0,0,0,12,3,7,edge_control_twists,22.0,20.666666666666668,1.4615384615384615,4.6923076923076925
2024-07-25,hair_gel,cornrows,6.51,78,22,0,0,0,8,3,7,hair_gel_cornrows,23.0,20.0,2.4444444444444446,8.666666666666666
2024-07-25,mousse,twists,9.66,59,27,1,0,0,12,3,7,mousse_twists,23.0,22.666666666666668,2.076923076923077,4.538461538461538
2024-07-25,hairspray,knotless,7.62,19,19,0,0,0,8,3,7,hairspray_knotless,8.0,10.333333333333334,2.111111111111111,2.111111111111111
2024-07-26,premium_braiding_hair,box_braids,19.9,74,45,0,0,0,9,4,7,premium_braiding_hair_box_braids,40.0,39.666666666666664,4.5,7.4
2024-07-26,standard_braiding_hair,box_braids,14.3,53,39,1,0,0,13,4,7,standard_braiding_hair_box_braids,24.0,31.333333333333332,2.7857142857142856,3.7857142857142856
2024-07-26,beads,knotless,6.36,74,28,1,0,0,11,4,7,beads_knotless,23.0,22.0,2.3333333333333335,6.166666666666667
2024-07-26,edge_control,cornrows,8.02,79,27,0,0,0,12,4,7,edge_control_cornrows,19.0,22.666666666666668,2.076923076923077,6.076923076923077
2024-07-26,hair_gel,twists,6.99,53,23,1,0,0,16,4,7,hair_gel_twists,22.0,22.666666666666668,1.3529411764705883,3.1176470588235294
2024-07-26,mousse,box_braids,9.14,69,32,0,0,0,11,4,7,mousse_box_braids,27.0,27.333333333333332,2.6666666666666665,5.75
2024-07-26,hairspray,twists,8.39,69,23,0,0,0,15,4,7,hairspray_twists,19.0,16.666666666666668,1.4375,4.3125
2024-07-27,premium_braiding_hair,knotless,17.41,35,35,1,1,0,8,5,7,premium_braiding_hair_knotless,45.0,40.0,3.888888888888889,3.888888888888889
2024-07-27,standard_braiding_hair,cornrows,15.54,48,34,0,1,0,14,5,7,standard_braiding_hair_cornrows,39.0,32.333333333333336,2.2666666666666666,3.2
2024-07-27,beads,knotless,4.34,56,32,0,1,0,11,5,7,beads_knotless,28.0,27.666666666666668,2.6666666666666665,4.666666666666667
2024-07-27,edge_control,twists,7.73,33,18,0,1,0,6,5,7,edge_control_twists,27.0,21.333333333333332,2.5714285714285716,4.714285714285714
2024-07-27,hair_gel,knotless,5.6,79,22,1,1,0,11,5,7,hair_gel_knotless,23.0,22.333333333333332,1.8333333333333333,6.583333333333333
2024-07-27,mousse,knotless,8.36,29,29,1,1,0,8,5,7,mousse_knotless,32.0,29.333333333333332,3.2222222222222223,3.2222222222222223
2024-07-27,hairspray,cornrows,8.97,23,12,0,1,0,8,5,7,hairspray_cornrows,23.0,18.0,1.3333333333333333,2.5555555555555554
2024-07-28,premium_braiding_hair,box_braids,16.6,24,24,0,1,0,12,6,7,premium_braiding_hair_box_braids,35.0,34.666666666666664,1.8461538461538463,1.8461538461538463
2024-07-28,standard_braiding_hair,twists,15.08,76,47,1,1,0,5,6,7,standard_braiding_hair_twists,34.0,40.0,7.833333333333333,12.666666666666666
2024-07-28,beads,box_braids,6.07,33,27,0,1,0,10,6,7,beads_box_braids,32.0,29.0,2.4545454545454546,3.0
2024-07-28,edge_control,cornrows,5.34,27,27,1,1,0,12,6,7,edge_control_cornrows,18.0,24.0,2.076923076923077,2.076923076923077
2024-07-28,hair_gel,cornrows,5.17,47,29,1,1,0,12,6,7,hair_gel_cornrows,22.0,24.666666666666668,2.230769230769231,3.6153846153846154
2024-07-28,mousse,box_braids,6.25,26,26,1,1,0,11,6,7,mousse_box_braids,29.0,29.0,2.1666666666666665,2.1666666666666665
2024-07-28,hairspray,cornrows,7.93,42,13,0,1,0,13,6,7,hairspray_cornrows,12.0,16.0,0.9285714285714286,3.0
2024-07-29,premium_braiding_hair,cornrows,16.5,20,20,0,0,0,15,0,7,premium_braiding_hair_cornrows,24.0,26.333333333333332,1.25,1.25
2024-07-29,standard_braiding_hair,cornrows,13.94,49,35,0,0,0,13,0,7,standard_braiding_hair_cornrows,47.0,38.666666666666664,2.5,3.5
2024-07-29,beads,cornrows,4.4,74,35,1,0,0,9,0,7,beads_cornrows,27.0,31.333333333333332,3.5,7.4
2024-07-29,edge_control,knotless,6.58,43,16,0,0,0,7,0,7,edge_control_knotless,27.0,20.333333333333332,2.0,5.375
2024-07-29,hair_gel,cornrows,5.54,41,22,0,0,0,11,0,7,hair_gel_cornrows,29.0,24.333333333333332,1.8333333333333333,3.4166666666666665
2024-07-29,mousse,cornrows,8.27,31,19,1,0,0,11,0,7,mousse_cornrows,26.0,24.666666666666668,1.5833333333333333,2.5833333333333335
2024-07-29,hairspray,twists,8.68,28,22,1,0,0,10,0,7,hairspray_twists,13.0,15.666666666666666,2.0,2.5454545454545454
2024-07-30,premium_braiding_hair,cornrows,17.21,18,18,0,0,0,6,1,7,premium_braiding_hair_cornrows,20.0,20.666666666666668,2.5714285714285716,2.5714285714285716
2024-07-30,standard_braiding_hair,twists,15.44,52,41,1,0,0,5,1,7,standard_braiding_hair_twists,35.0,41.0,6.833333333333333,8.666666666666666
2024-07-30,beads,twists,6.47,58,32,1,0,0,11,1,7,beads_twists,35.0,31.333333333333332,2.6666666666666665,4.833333333333333
2024-07-30,edge_control,twists,9.47,60,12,0,0,0,5,1,7,edge_control_twists,16.0,18.333333333333332,2.0,10.0
2024-07-30,hair_gel,twists,5.54,45,14,1,0,0,6,1,7,hair_gel_twists,22.0,21.666666666666668,2.0,6.428571428571429
2024-07-30,mousse,box_braids,10.04,40,29,0,0,0,10,1,7,mousse_box_braids,19.0,24.666666666666668,2.6363636363636362,3.6363636363636362
2024-07-30,hairspray,cornrows,6.71,25,9,0,0,0,9,1,7,hairspray_cornrows,22.0,14.666666666666666,0.9,2.5
2024-07-31,premium_braiding_hair,box_braids,16.72,70,38,0,0,0,12,2,7,premium_braiding_hair_box_braids,18.0,25.333333333333332,2.923076923076923,5.384615384615385
2024-07-31,standard_braiding_hair,cornrows,16.94,21,21,1,0,0,7,2,7,standard_braiding_hair_cornrows,41.0,32.333333333333336,2.625,2.625
2024-07-31,beads,knotless,6.73,47,23,0,0,0,13,2,7,beads_knotless,32.0,30.0,1.6428571428571428,3.357142857142857
2024-07-31,edge_control,box_braids,7.55,16,13,0,0,0,8,2,7,edge_control_box_braids,12.0,13.666666666666666,1.4444444444444444,1.7777777777777777
2024-07-31,hair_gel,knotless,6.37,23,18,0,0,0,15,2,7,hair_gel_knotless,14.0,18.0,1.125,1.4375
2024-07-31,mousse,twists,9.33,69,19,0,0,0,12,2,7,mousse_twists,29.0,22.333333333333332,1.4615384615384615,5.3076923076923075
2024-07-31,hairspray,box_braids,8.21,73,13,0,0,0,13,2,7,hairspray_box_braids,9.0,14.666666666666666,0.9285714285714286,5.214285714285714
2024-08-01,premium_braiding_hair,box_braids,17.01,38,38,0,0,0,9,3,8,premium_braiding_hair_box_braids,38.0,31.333333333333332,3.8,3.8
2024-08-01,standard_braiding_hair,twists,15.63,28,24,0,0,0,10,3,8,standard_braiding_hair_twists,21.0,28.666666666666668,2.1818181818181817,2.5454545454545454
2024-08-01,beads,twists,3.94,77,28,1,0,0,5,3,8,beads_twists,23.0,27.666666666666668,4.666666666666667,12.833333333333334
2024-08-01,edge_control,box_braids,6.77,21,21,0,0,0,12,3,8,edge_control_box_braids,13.0,15.333333333333334,1.6153846153846154,1.6153846153846154
2024-08-01,hair_gel,knotless,5.28,71,17,0,0,0,11,3,8,hair_gel_knotless,18.0,16.333333333333332,1.4166666666666667,5.916666666666667
2024-08-01,mousse,cornrows,8.1,68,25,1,0,0,5,3,8,mousse_cornrows,19.0,24.333333333333332,4.166666666666667,11.333333333333334
2024-08-01,hairspray,twists,7.65,77,9,0,0,0,3,3,8,hairspray_twists,13.0,10.333333333333334,2.25,19.25
2024-08-02,premium_braiding_hair,box_braids,19.16,68,42,0,0,0,9,4,8,premium_braiding_hair_box_braids,38.0,39.333333333333336,4.2,6.8
2024-08-02,standard_braiding_hair,knotless,15.78,16,16,0,0,0,12,4,8,standard_braiding_hair_knotless,24.0,20.333333333333332,1.2307692307692308,1.2307692307692308
2024-08-02,beads,twists,7.21,70,22,0,0,0,10,4,8,beads_twists,28.0,24.333333333333332,2.0,6.363636363636363
2024-08-02,edge_control,box_braids,9.06,34,28,1,0,0,13,4,8,edge_control_box_braids,21.0,20.666666666666668,2.0,2.4285714285714284
2024-08-02,hair_gel,knotless,4.98,71,16,0,0,0,11,4,8,hair_gel_knotless,17.0,17.0,1.3333333333333333,5.916666666666667
2024-08-02,mousse,box_braids,9.51,68,18,0,0,0,6,4,8,mousse_box_braids,25.0,20.666666666666668,2.5714285714285716,9.714285714285714
2024-08-02,hairspray,twists,7.53,62,5,0,0,0,3,4,8,hairspray_twists,9.0,9.0,1.25,15.5
2024-08-03,premium_braiding_hair,cornrows,18.18,28,28,0,1,0,3,5,8,premium_braiding_hair_cornrows,42.0,36.0,7.0,7.0
2024-08-03,standard_braiding_hair,twists,15.34,30,30,0,1,0,10,5,8,standard_braiding_hair_twists,16.0,23.333333333333332,2.727272727272727,2.727272727272727
2024-08-03,beads,twists,5.9,47,24,0,1,0,9,5,8,beads_twists,22.0,24.666666666666668,2.4,4.7
2024-08-03,edge_control,cornrows,8.37,18,18,0,1,0,10,5,8,edge_control_cornrows,28.0,22.333333333333332,1.6363636363636365,1.6363636363636365
2024-08-03,hair_gel,box_braids,6.98,37,13,0,1,0,9,5,8,hair_gel_box_braids,16.0,15.333333333333334,1.3,3.7
2024-08-03,mousse,twists,8.44,74,38,1,1,0,15,5,8,mousse_twists,18.0,27.0,2.375,4.625
2024-08-03,hairspray,cornrows,8.28,30,13,0,1,0,9,5,8,hairspray_cornrows,5.0,9.0,1.3,3.0
2024-08-04,premium_braiding_hair,box_braids,18.49,59,47,0,1,0,10,6,8,premium_braiding_hair_box_braids,28.0,39.0,4.2727272727272725,5.363636363636363
2024-08-04,standard_braiding_hair,box_braids,14.3,68,47,0,1,0,6,6,8,standard_braiding_hair_box_braids,30.0,31.0,6.714285714285714,9.714285714285714
2024-08-04,beads,twists,5.21,29,29,1,1,0,10,6,8,beads_twists,24.0,25.0,2.6363636363636362,2.6363636363636362
2024-08-04,edge_control,knotless,6.21,75,16,0,1,0,7,6,8,edge_control_knotless,18.0,20.666666666666668,2.0,9.375
2024-08-04,hair_gel,cornrows,5.94,76,18,0,1,0,12,6,8,hair_gel_cornrows,13.0,15.666666666666666,1.3846153846153846,5.846153846153846
2024-08-04,mousse,cornrows,9.22,58,25,1,1,0,4,6,8,mousse_cornrows,38.0,27.0,5.0,11.6
2024-08-04,hairspray,twists,7.81,72,9,0,1,0,8,6,8,hairspray_twists,13.0,9.0,1.0,8.0
2024-08-05,premium_braiding_hair,cornrows,17.73,23,23,0,0,0,11,0,8,premium_braiding_hair_cornrows,47.0,32.666666666666664,1.9166666666666667,1.9166666666666667
2024-08-05,standard_braiding_hair,cornrows,14.97,74,29,1,0,0,7,0,8,standard_braiding_hair_cornrows,47.0,35.333333333333336,3.625,9.25
2024-08-05,beads,twists,6.26,64,17,0,0,0,8,0,8,beads_twists,29.0,23.333333333333332,1.8888888888888888,7.111111111111111
2024-08-05,edge_control,knotless,8.18,64,17,0,0,0,5,0,8,edge_control_knotless,16.0,17.0,2.8333333333333335,10.666666666666666
2024-08-05,hair_gel,twists,4.79,47,19,0,0,0,10,0,8,hair_gel_twists,18.0,16.666666666666668,1.7272727272727273,4.2727272727272725
2024-08-05,mousse,knotless,8.86,15,15,1,0,0,9,0,8,mousse_knotless,25.0,26.0,1.5,1.5
2024-08-05,hairspray,knotless,7.34,72,12,0,0,0,8,0,8,hairspray_knotless,9.0,11.333333333333334,1.3333333333333333,8.0
2024-08-06,premium_braiding_hair,knotless,17.29,32,32,0,0,0,11,1,8,premium_braiding_hair_knotless,23.0,34.0,2.6666666666666665,2.6666666666666665
2024-08-06,standard_braiding_hair,cornrows,14.42,54,31,0,0,0,9,1,8,standard_braiding_hair_cornrows,29.0,35.666666666666664,3.1,5.4
2024-08-06,beads,knotless,2.85,44,27,0,0,0,8,1,8,beads_knotless,17.0,24.333333333333332,3.0,4.888888888888889
2024-08-06,edge_control,twists,7.89,38,17,0,0,0,9,1,8,edge_control_twists,17.0,16.666666666666668,1.7,3.8
2024-08-06,hair_gel,box_braids,6.03,64,8,0,0,0,9,1,8,hair_gel_box_braids,19.0,15.0,0.8,6.4
2024-08-06,mousse,box_braids,9.17,38,25,0,0,0,9,1,8,mousse_box_braids,15.0,21.666666666666668,2.5,3.8
2024-08-06,hairspray,cornrows,9.13,27,7,0,0,0,5,1,8,hairspray_cornrows,12.0,9.333333333333334,1.1666666666666667,4.5
2024-08-07,premium_braiding_hair,cornrows,17.64,59,23,0,0,0,3,2,8,premium_braiding_hair_cornrows,32.0,26.0,5.75,14.75
2024-08-07,standard_braiding_hair,cornrows,14.62,56,35,1,0,0,12,2,8,standard_braiding_hair_cornrows,31.0,31.666666666666668,2.6923076923076925,4.3076923076923075
2024-08-07,beads,twists,5.27,37,19,0,0,0,9,2,8,beads_twists,27.0,21.0,1.9,3.7
2024-08-07,edge_control,knotless,5.69,43,16,1,0,0,9,2,8,edge_control_knotless,17.0,16.666666666666668,1.6,4.3
2024-08-07,hair_gel,cornrows,6.61,38,19,0,0,0,11,2,8,hair_gel_cornrows,8.0,15.333333333333334,1.5833333333333333,3.1666666666666665
2024-08-07,mousse,knotless,7.39,20,20,1,0,0,12,2,8,mousse_knotless,25.0,20.0,1.5384615384615385,1.5384615384615385
2024-08-07,hairspray,cornrows,8.25,56,11,0,0,0,11,2,8,hairspray_cornrows,7.0,10.0,0.9166666666666666,4.666666666666667
2024-08-08,premium_braiding_hair,box_braids,16.25,40,40,0,0,0,14,3,8,premium_braiding_hair_box_braids,23.0,31.666666666666668,2.6666666666666665,2.6666666666666665
2024-08-08,standard_braiding_hair,knotless,14.23,64,31,1,0,0,4,3,8,standard_braiding_hair_knotless,35.0,32.333333333333336,6.2,12.8
2024-08-08,beads,cornrows,2.63,34,21,0,0,0,8,3,8,beads_cornrows,19.0,22.333333333333332,2.3333333333333335,3.7777777777777777
2024-08-08,edge_control,cornrows,5.82,64,11,0,0,0,6,3,8,edge_control_cornrows,16.0,14.666666666666666,1.5714285714285714,9.142857142857142
2024-08-08,hair_gel,knotless,5.76,50,10,0,0,0,14,3,8,hair_gel_knotless,19.0,12.333333333333334,0.6666666666666666,3.3333333333333335
2024-08-08,mousse,cornrows,8.08,25,25,1,0,0,7,3,8,mousse_cornrows,20.0,23.333333333333332,3.125,3.125
2024-08-08,hairspray,cornrows,6.85,24,8,0,0,0,6,3,8,hairspray_cornrows,11.0,8.666666666666666,1.1428571428571428,3.4285714285714284
2024-08-09,premium_braiding_hair,knotless,17.26,27,27,1,0,0,9,4,8,premium_braiding_hair_knotless,40.0,30.0,2.7,2.7
2024-08-09,standard_braiding_hair,knotless,15.94,39,23,0,0,0,5,4,8,standard_braiding_hair_knotless,31.0,29.666666666666668,3.8333333333333335,6.5
2024-08-09,beads,box_braids,5.84,71,21,0,0,0,12,4,8,beads_box_braids,21.0,20.333333333333332,1.6153846153846154,5.461538461538462
2024-08-09,edge_control,knotless,6.52,17,16,0,0,0,9,4,8,edge_control_knotless,11.0,14.333333333333334,1.6,1.7
2024-08-09,hair_gel,box_braids,6.9,17,17,0,0,0,12,4,8,hair_gel_box_braids,10.0,15.333333333333334,1.3076923076923077,1.3076923076923077
2024-08-09,mousse,knotless,10.01,77,30,0,0,0,8,4,8,mousse_knotless,25.0,25.0,3.3333333333333335,8.555555555555555
2024-08-09,hairspray,cornrows,9.25,58,9,0,0,0,11,4,8,hairspray_cornrows,8.0,9.333333333333334,0.75,4.833333333333333
2024-08-10,premium_braiding_hair,cornrows,18.2,15,15,0,1,0,7,5,8,premium_braiding_hair_cornrows,27.0,27.333333333333332,1.875,1.875
2024-08-10,standard_braiding_hair,box_braids,13.77,20,20,1,1,0,8,5,8,standard_braiding_hair_box_braids,23.0,24.666666666666668,2.2222222222222223,2.2222222222222223
2024-08-10,beads,box_braids,6.28,33,29,0,1,0,7,5,8,beads_box_braids,21.0,23.666666666666668,3.625,4.125
2024-08-10,edge_control,knotless,5.57,51,39,1,1,0,18,5,8,edge_control_knotless,16.0,22.0,2.0526315789473686,2.6842105263157894
2024-08-10,hair_gel,twists,5.77,64,15,0,1,0,9,5,8,hair_gel_twists,17.0,14.0,1.5,6.4
2024-08-10,mousse,cornrows,10.47,46,27,0,1,0,10,5,8,mousse_cornrows,30.0,27.333333333333332,2.4545454545454546,4.181818181818182
2024-08-10,hairspray,box_braids,8.71,19,19,1,1,0,15,5,8,hairspray_box_braids,9.0,12.0,1.1875,1.1875
2024-08-11,premium_braiding_hair,knotless,18.47,39,39,1,1,0,9,6,8,premium_braiding_hair_knotless,15.0,27.0,3.9,3.9
2024-08-11,standard_braiding_hair,knotless,15.82,57,27,0,1,0,6,6,8,standard_braiding_hair_knotless,20.0,23.333333333333332,3.857142857142857,8.142857142857142
2024-08-11,beads,knotless,6.63,18,18,0,1,0,6,6,8,beads_knotless,29.0,22.666666666666668,2.5714285714285716,2.5714285714285716
2024-08-11,edge_control,knotless,7.19,30,22,1,1,0,13,6,8,edge_control_knotless,39.0,25.666666666666668,1.5714285714285714,2.142857142857143
2024-08-11,hair_gel,box_braids,7.74,42,20,1,1,0,12,6,8,hair_gel_box_braids,15.0,17.333333333333332,1.5384615384615385,3.230769230769231
2024-08-11,mousse,box_braids,8.71,27,27,0,1,0,12,6,8,mousse_box_braids,27.0,28.0,2.076923076923077,2.076923076923077
2024-08-11,hairspray,knotless,7.66,77,23,0,1,0,11,6,8,hairspray_knotless,19.0,17.0,1.9166666666666667,6.416666666666667
2024-08-12,premium_braiding_hair,twists,18.11,69,35,0,0,0,11,0,8,premium_braiding_hair_twists,39.0,29.666666666666668,2.9166666666666665,5.75
2024-08-12,standard_braiding_hair,cornrows,15.2,60,48,1,0,0,17,0,8,standard_braiding_hair_cornrows,27.0,31.666666666666668,2.6666666666666665,3.3333333333333335
2024-08-12,beads,cornrows,6.92,47,16,0,0,0,3,0,8,beads_cornrows,18.0,21.0,4.0,11.75
2024-08-12,edge_control,knotless,6.16,32,17,0,0,0,12,0,8,edge_control_knotless,22.0,26.0,1.3076923076923077,2.4615384615384617
2024-08-12,hair_gel,box_braids,7.42,39,10,0,0,0,7,0,8,hair_gel_box_braids,20.0,15.0,1.25,4.875
2024-08-12,mousse,twists,7.08,62,28,0,0,0,8,0,8,mousse_twists,27.0,27.333333333333332,3.111111111111111,6.888888888888889
2024-08-12,hairspray,twists,7.42,53,17,0,0,0,7,0,8,hairspray_twists,23.0,19.666666666666668,2.125,6.625
2024-08-13,premium_braiding_hair,box_braids,18.66,72,46,0,0,0,7,1,8,premium_braiding_hair_box_braids,35.0,40.0,5.75,9.0
2024-08-13,standard_braiding_hair,box_braids,14.23,50,37,0,0,0,12,1,8,standard_braiding_hair_box_braids,48.0,37.333333333333336,2.8461538461538463,3.8461538461538463
2024-08-13,beads,twists,5.74,71,16,0,0,0,3,1,8,beads_twists,16.0,16.666666666666668,4.0,17.75
2024-08-13,edge_control,knotless,6.0,37,27,0,0,0,13,1,8,edge_control_knotless,17.0,22.0,1.9285714285714286,2.642857142857143
2024-08-13,hair_gel,knotless,6.5,29,20,0,0,0,16,1,8,hair_gel_knotless,10.0,16.666666666666668,1.1764705882352942,1.7058823529411764
2024-08-13,mousse,knotless,8.11,71,19,0,0,0,11,1,8,mousse_knotless,28.0,24.666666666666668,1.5833333333333333,5.916666666666667
2024-08-13,hairspray,twists,8.71,50,18,0,0,0,10,1,8,hairspray_twists,17.0,19.333333333333332,1.6363636363636365,4.545454545454546
2024-08-14,premium_braiding_hair,twists,17.35,74,43,1,0,0,10,2,8,premium_braiding_hair_twists,46.0,41.333333333333336,3.909090909090909,6.7272727272727275
2024-08-14,standard_braiding_hair,knotless,15.61,46,23,0,0,0,9,2,8,standard_braiding_hair_knotless,37.0,36.0,2.3,4.6
2024-08-14,beads,twists,2.15,48,18,0,0,0,9,2,8,beads_twists,16.0,16.666666666666668,1.8,4.8
2024-08-14,edge_control,cornrows,7.44,75,21,1,0,0,11,2,8,edge_control_cornrows,27.0,21.666666666666668,1.75,6.25
2024-08-14,hair_gel,cornrows,6.53,63,18,0,0,0,6,2,8,hair_gel_cornrows,20.0,16.0,2.5714285714285716,9.0
2024-08-14,mousse,twists,9.52,75,31,0,0,0,11,2,8,mousse_twists,19.0,26.0,2.5833333333333335,6.25
2024-08-14,hairspray,knotless,6.49,49,12,0,0,0,9,2,8,hairspray_knotless,18.0,15.666666666666666,1.2,4.9
2024-08-15,premium_braiding_hair,cornrows,16.34,68,33,0,0,0,5,3,8,premium_braiding_hair_cornrows,43.0,40.666666666666664,5.5,11.333333333333334
2024-08-15,standard_braiding_hair,cornrows,14.79,61,30,0,0,0,10,3,8,standard_braiding_hair_cornrows,23.0,30.0,2.727272727272727,5.545454545454546
2024-08-15,beads,knotless,4.97,31,31,1,0,0,13,3,8,beads_knotless,18.0,21.666666666666668,2.2142857142857144,2.2142857142857144
2024-08-15,edge_control,box_braids,6.44,75,15,0,0,0,11,3,8,edge_control_box_braids,21.0,21.0,1.25,6.25
2024-08-15,hair_gel,twists,6.3,45,13,0,0,0,6,3,8,hair_gel_twists,18.0,17.0,1.8571428571428572,6.428571428571429
2024-08-15,mousse,knotless,9.78,62,32,1,0,0,10,3,8,mousse_knotless,31.0,27.333333333333332,2.909090909090909,5.636363636363637
2024-08-15,hairspray,box_braids,5.91,25,20,1,0,0,13,3,8,hairspray_box_braids,12.0,16.666666666666668,1.4285714285714286,1.7857142857142858
2024-08-16,premium_braiding_hair,twists,18.14,22,22,0,0,0,9,4,8,premium_braiding_hair_twists,33.0,32.666666666666664,2.2,2.2
2024-08-16,standard_braiding_hair,cornrows,15.77,36,30,0,0,0,11,4,8,standard_braiding_hair_cornrows,30.0,27.666666666666668,2.5,3.0
2024-08-16,beads,twists,5.06,44,30,1,0,0,6,4,8,beads_twists,31.0,26.333333333333332,4.285714285714286,6.285714285714286
2024-08-16,edge_control,box_braids,5.52,57,21,0,0,0,13,4,8,edge_control_box_braids,15.0,19.0,1.5,4.071428571428571
2024-08-16,hair_gel,cornrows,6.91,65,14,0,0,0,9,4,8,hair_gel_cornrows,13.0,15.0,1.4,6.5
2024-08-16,mousse,box_braids,8.12,68,22,0,0,0,9,4,8,mousse_box_braids,32.0,28.333333333333332,2.2,6.8
2024-08-16,hairspray,knotless,6.56,69,19,0,0,0,10,4,8,hairspray_knotless,20.0,17.0,1.7272727272727273,6.2727272727272725
2024-08-17,premium_braiding_hair,cornrows,17.66,34,34,0,1,0,11,5,8,premium_braiding_hair_cornrows,22.0,29.666666666666668,2.8333333333333335,2.8333333333333335
2024-08-17,standard_braiding_hair,knotless,14.34,48,30,0,1,0,9,5,8,standard_braiding_hair_knotless,30.0,30.0,3.0,4.8
2024-08-17,beads,box_braids,5.77,68,38,1,1,0,9,5,8,beads_box_braids,30.0,33.0,3.8,6.8
2024-08-17,edge_control,knotless,6.29,76,20,0,1,0,10,5,8,edge_control_knotless,21.0,18.666666666666668,1.8181818181818181,6.909090909090909
2024-08-17,hair_gel,twists,5.99,66,17,0,1,0,7,5,8,hair_gel_twists,14.0,14.666666666666666,2.125,8.25
2024-08-17,mousse,box_braids,9.18,37,23,0,1,0,5,5,8,mousse_box_braids,22.0,25.666666666666668,3.8333333333333335,6.166666666666667
2024-08-17,hairspray,box_braids,7.77,37,8,0,1,0,10,5,8,hairspray_box_braids,19.0,15.666666666666666,0.7272727272727273,3.3636363636363638
2024-08-18,premium_braiding_hair,box_braids,17.09,59,59,0,1,0,13,6,8,premium_braiding_hair_box_braids,34.0,38.333333333333336,4.214285714285714,4.214285714285714
2024-08-18,standard_braiding_hair,cornrows,15.19,35,34,0,1,0,9,6,8,standard_braiding_hair_cornrows,30.0,31.333333333333332,3.4,3.5
2024-08-18,beads,twists,5.2,27,27,0,1,0,13,6,8,beads_twists,38.0,31.666666666666668,1.9285714285714286,1.9285714285714286
2024-08-18,edge_control,twists,5.68,55,22,0,1,0,9,6,8,edge_control_twists,20.0,21.0,2.2,5.5
2024-08-18,hair_gel,twists,7.65,60,27,1,1,0,17,6,8,hair_gel_twists,17.0,19.333333333333332,1.5,3.3333333333333335
2024-08-18,mousse,knotless,8.81,46,33,0,1,0,16,6,8,mousse_knotless,23.0,26.0,1.9411764705882353,2.7058823529411766
2024-08-18,hairspray,twists,7.89,67,19,0,1,0,9,6,8,hairspray_twists,8.0,15.333333333333334,1.9,6.7
2024-08-19,premium_braiding_hair,twists,16.65,49,29,0,0,0,9,0,8,premium_braiding_hair_twists,59.0,40.666666666666664,2.9,4.9
2024-08-19,standard_braiding_hair,box_braids,15.54,26,26,1,0,0,9,0,8,standard_braiding_hair_box_braids,34.0,30.0,2.6,2.6
2024-08-19,beads,twists,4.05,78,10,0,0,0,3,0,8,beads_twists,27.0,25.0,2.5,19.5
2024-08-19,edge_control,twists,8.93,65,9,0,0,0,13,0,8,edge_control_twists,22.0,17.0,0.6428571428571429,4.642857142857143
2024-08-19,hair_gel,twists,3.65,31,16,0,0,0,6,0,8,hair_gel_twists,27.0,20.0,2.2857142857142856,4.428571428571429
2024-08-19,mousse,cornrows,8.94,61,23,0,0,0,9,0,8,mousse_cornrows,33.0,26.333333333333332,2.3,6.1
2024-08-19,hairspray,box_braids,7.58,22,15,0,0,0,10,0,8,hairspray_box_braids,19.0,14.0,1.3636363636363635,2.0
2024-08-20,premium_braiding_hair,twists,16.71,64,37,0,0,0,12,1,8,premium_braiding_hair_twists,29.0,41.666666666666664,2.8461538461538463,4.923076923076923
2024-08-20,standard_braiding_hair,twists,14.92,25,25,1,0,0,10,1,8,standard_braiding_hair_twists,26.0,28.333333333333332,2.272727272727273,2.272727272727273
2024-08-20,beads,twists,5.86,21,21,0,0,0,10,1,8,beads_twists,10.0,19.333333333333332,1.9090909090909092,1.9090909090909092
2024-08-20,edge_control,cornrows,7.01,43,17,0,0,0,10,1,8,edge_control_cornrows,9.0,16.0,1.5454545454545454,3.909090909090909
2024-08-20,hair_gel,knotless,6.33,59,8,0,0,0,6,1,8,hair_gel_knotless,16.0,17.0,1.1428571428571428,8.428571428571429
2024-08-20,mousse,knotless,9.57,34,25,0,0,0,12,1,8,mousse_knotless,23.0,27.0,1.9230769230769231,2.6153846153846154
2024-08-20,hairspray,twists,7.04,20,10,0,0,0,14,1,8,hairspray_twists,15.0,14.666666666666666,0.6666666666666666,1.3333333333333333
2024-08-21,premium_braiding_hair,box_braids,18.24,58,34,0,0,0,4,2,8,premium_braiding_hair_box_braids,37.0,33.333333333333336,6.8,11.6
2024-08-21,standard_braiding_hair,cornrows,14.8,51,29,1,0,0,6,2,8,standard_braiding_hair_cornrows,25.0,26.666666666666668,4.142857142857143,7.285714285714286
2024-08-21,beads,twists,4.85,16,16,0,0,0,11,2,8,beads_twists,21.0,15.666666666666666,1.3333333333333333,1.3333333333333333
2024-08-21,edge_control,cornrows,8.15,27,27,1,0,0,10,2,8,edge_control_cornrows,17.0,17.666666666666668,2.4545454545454546,2.4545454545454546
2024-08-21,hair_gel,box_braids,5.5,56,26,1,0,0,13,2,8,hair_gel_box_braids,8.0,16.666666666666668,1.8571428571428572,4.0
2024-08-21,mousse,cornrows,8.04,35,23,0,0,0,9,2,8,mousse_cornrows,25.0,23.666666666666668,2.3,3.5
2024-08-21,hairspray,knotless,7.71,39,20,1,0,0,4,2,8,hairspray_knotless,10.0,15.0,4.0,7.8
2024-08-22,premium_braiding_hair,box_braids,19.14,25,25,0,0,0,8,3,8,premium_braiding_hair_box_braids,34.0,32.0,2.7777777777777777,2.7777777777777777
2024-08-22,standard_braiding_hair,knotless,16.48,36,33,1,0,0,6,3,8,standard_braiding_hair_knotless,29.0,29.0,4.714285714285714,5.142857142857143
2024-08-22,beads,knotless,5.47,75,28,1,0,0,9,3,8,beads_knotless,16.0,21.666666666666668,2.8,7.5
2024-08-22,edge_control,twists,8.82,23,13,0,0,0,10,3,8,edge_control_twists,27.0,19.0,1.1818181818181819,2.090909090909091
2024-08-22,hair_gel,box_braids,6.23,47,23,0,0,0,10,3,8,hair_gel_box_braids,26.0,19.0,2.090909090909091,4.2727272727272725
2024-08-22,mousse,box_braids,8.62,74,26,0,0,0,5,3,8,mousse_box_braids,23.0,24.666666666666668,4.333333333333333,12.333333333333334
2024-08-22,hairspray,cornrows,7.17,74,7,0,0,0,11,3,8,hairspray_cornrows,20.0,12.333333333333334,0.5833333333333334,6.166666666666667
2024-08-23,premium_braiding_hair,knotless,16.42,72,45,0,0,0,10,4,8,premium_braiding_hair_knotless,25.0,34.666666666666664,4.090909090909091,6.545454545454546
2024-08-23,standard_braiding_hair,knotless,15.79,30,30,1,0,0,9,4,8,standard_braiding_hair_knotless,33.0,30.666666666666668,3.0,3.0
2024-08-23,beads,knotless,5.15,54,16,0,0,0,9,4,8,beads_knotless,28.0,20.0,1.6,5.4
2024-08-23,edge_control,box_braids,6.42,40,19,1,0,0,7,4,8,edge_control_box_braids,13.0,19.666666666666668,2.375,5.0
2024-08-23,hair_gel,cornrows,5.56,52,28,1,0,0,11,4,8,hair_gel_cornrows,23.0,25.666666666666668,2.3333333333333335,4.333333333333333
2024-08-23,mousse,twists,8.75,55,30,1,0,0,5,4,8,mousse_twists,26.0,26.333333333333332,5.0,9.166666666666666
2024-08-23,hairspray,cornrows,6.67,40,13,0,0,0,9,4,8,hairspray_cornrows,7.0,13.333333333333334,1.3,4.0
2024-08-24,premium_braiding_hair,cornrows,17.93,57,44,0,1,0,12,5,8,premium_braiding_hair_cornrows,45.0,38.0,3.3846153846153846,4.384615384615385
2024-08-24,standard_braiding_hair,knotless,13.21,19,19,0,1,0,10,5,8,standard_braiding_hair_knotless,30.0,27.333333333333332,1.7272727272727273,1.7272727272727273
2024-08-24,beads,cornrows,7.21,65,34,0,1,0,16,5,8,beads_cornrows,16.0,26.0,2.0,3.823529411764706
2024-08-24,edge_control,twists,8.62,48,15,0,1,0,10,5,8,edge_control_twists,19.0,15.666666666666666,1.3636363636363635,4.363636363636363
2024-08-24,hair_gel,cornrows,6.4,54,17,0,1,0,8,5,8,hair_gel_cornrows,28.0,22.666666666666668,1.8888888888888888,6.0
2024-08-24,mousse,twists,8.58,50,33,1,1,0,8,5,8,mousse_twists,30.0,29.666666666666668,3.6666666666666665,5.555555555555555
2024-08-24,hairspray,box_braids,7.78,20,16,0,1,0,8,5,8,hairspray_box_braids,13.0,12.0,1.7777777777777777,2.2222222222222223
2024-08-25,premium_braiding_hair,twists,17.06,73,34,0,1,0,6,6,8,premium_braiding_hair_twists,44.0,41.0,4.857142857142857,10.428571428571429
2024-08-25,standard_braiding_hair,cornrows,14.3,59,36,0,1,0,8,6,8,standard_braiding_hair_cornrows,19.0,28.333333333333332,4.0,6.555555555555555
2024-08-25,beads,knotless,3.95,73,35,0,1,0,14,6,8,beads_knotless,34.0,28.333333333333332,2.3333333333333335,4.866666666666666
2024-08-25,edge_control,twists,7.56,41,16,0,1,0,7,6,8,edge_control_twists,15.0,16.666666666666668,2.0,5.125
2024-08-25,hair_gel,cornrows,7.34,68,26,1,1,0,10,6,8,hair_gel_cornrows,17.0,23.666666666666668,2.3636363636363638,6.181818181818182
2024-08-25,mousse,box_braids,9.46,51,27,0,1,0,6,6,8,mousse_box_braids,33.0,30.0,3.857142857142857,7.285714285714286
2024-08-25,hairspray,cornrows,8.15,47,17,0,1,0,10,6,8,hairspray_cornrows,16.0,15.333333333333334,1.5454545454545454,4.2727272727272725
2024-08-26,premium_braiding_hair,twists,18.48,61,38,0,0,0,10,0,8,premium_braiding_hair_twists,34.0,38.666666666666664,3.4545454545454546,5.545454545454546
2024-08-26,standard_braiding_hair,knotless,14.45,42,22,0,0,0,12,0,8,standard_braiding_hair_knotless,36.0,25.666666666666668,1.6923076923076923,3.230769230769231
2024-08-26,beads,cornrows,4.48,65,16,0,0,0,3,0,8,beads_cornrows,35.0,28.333333333333332,4.0,16.25
2024-08-26,edge_control,box_braids,7.59,40,14,0,0,0,5,0,8,edge_control_box_braids,16.0,15.0,2.3333333333333335,6.666666666666667
2024-08-26,hair_gel,knotless,8.32,59,12,0,0,0,8,0,8,hair_gel_knotless,26.0,18.333333333333332,1.3333333333333333,6.555555555555555
2024-08-26,mousse,knotless,8.37,69,27,0,0,0,7,0,8,mousse_knotless,27.0,29.0,3.375,8.625
2024-08-26,hairspray,box_braids,8.52,40,15,0,0,0,6,0,8,hairspray_box_braids,17.0,16.0,2.142857142857143,5.714285714285714
2024-08-27,premium_braiding_hair,cornrows,17.88,42,40,0,0,0,7,1,8,premium_braiding_hair_cornrows,38.0,37.333333333333336,5.0,5.25
2024-08-27,standard_braiding_hair,box_braids,15.22,52,41,0,0,0,10,1,8,standard_braiding_hair_box_braids,22.0,33.0,3.727272727272727,4.7272727272727275
2024-08-27,beads,knotless,5.8,29,26,0,0,0,10,1,8,beads_knotless,16.0,25.666666666666668,2.3636363636363638,2.6363636363636362
2024-08-27,edge_control,knotless,8.23,31,15,0,0,0,10,1,8,edge_control_knotless,14.0,15.0,1.3636363636363635,2.8181818181818183
2024-08-27,hair_gel,twists,6.77,15,15,0,0,0,11,1,8,hair_gel_twists,12.0,17.666666666666668,1.25,1.25
2024-08-27,mousse,knotless,6.99,69,33,1,0,0,11,1,8,mousse_knotless,27.0,29.0,2.75,5.75
2024-08-27,hairspray,knotless,8.21,41,10,0,0,0,6,1,8,hairspray_knotless,15.0,14.0,1.4285714285714286,5.857142857142857
2024-08-28,premium_braiding_hair,knotless,18.03,34,34,1,0,0,8,2,8,premium_braiding_hair_knotless,40.0,37.333333333333336,3.7777777777777777,3.7777777777777777
2024-08-28,standard_braiding_hair,box_braids,16.14,36,34,0,0,0,12,2,8,standard_braiding_hair_box_braids,41.0,32.333333333333336,2.6153846153846154,2.769230769230769
2024-08-28,beads,twists,4.26,22,15,0,0,0,7,2,8,beads_twists,26.0,19.0,1.875,2.75
2024-08-28,edge_control,cornrows,8.21,22,22,1,0,0,7,2,8,edge_control_cornrows,15.0,17.0,2.75,2.75
2024-08-28,hair_gel,box_braids,8.02,20,12,0,0,0,6,2,8,hair_gel_box_braids,15.0,13.0,1.7142857142857142,2.857142857142857
2024-08-28,mousse,knotless,9.77,44,30,0,0,0,14,2,8,mousse_knotless,33.0,30.0,2.0,2.933333333333333
2024-08-28,hairspray,twists,8.66,23,13,0,0,0,8,2,8,hairspray_twists,10.0,12.666666666666666,1.4444444444444444,2.5555555555555554
2024-08-29,premium_braiding_hair,cornrows,17.91,68,44,1,0,0,10,3,8,premium_braiding_hair_cornrows,34.0,39.333333333333336,4.0,6.181818181818182
2024-08-29,standard_braiding_hair,cornrows,14.61,33,33,1,0,0,13,3,8,standard_braiding_hair_cornrows,34.0,36.0,2.357142857142857,2.357142857142857
2024-08-29,beads,cornrows,4.53,78,21,1,0,0,7,3,8,beads_cornrows,15.0,20.666666666666668,2.625,9.75
2024-08-29,edge_control,knotless,6.62,22,12,0,0,0,8,3,8,edge_control_knotless,22.0,16.333333333333332,1.3333333333333333,2.4444444444444446
2024-08-29,hair_gel,cornrows,7.24,78,18,0,0,0,10,3,8,hair_gel_cornrows,12.0,15.0,1.6363636363636365,7.090909090909091
2024-08-29,mousse,twists,7.58,30,30,0,0,0,17,3,8,mousse_twists,30.0,31.0,1.6666666666666667,1.6666666666666667
2024-08-29,hairspray,twists,8.33,50,10,0,0,0,5,3,8,hairspray_twists,13.0,11.0,1.6666666666666667,8.333333333333334
2024-08-30,premium_braiding_hair,cornrows,18.44,71,27,0,0,0,9,4,8,premium_braiding_hair_cornrows,44.0,35.0,2.7,7.1
2024-08-30,standard_braiding_hair,cornrows,15.97,66,27,0,0,0,10,4,8,standard_braiding_hair_cornrows,33.0,31.333333333333332,2.4545454545454546,6.0
2024-08-30,beads,twists,5.1,24,16,0,0,0,14,4,8,beads_twists,21.0,17.333333333333332,1.0666666666666667,1.6
2024-08-30,edge_control,twists,5.98,37,25,0,0,0,15,4,8,edge_control_twists,12.0,19.666666666666668,1.5625,2.3125
2024-08-30,hair_gel,cornrows,5.6,57,17,0,0,0,9,4,8,hair_gel_cornrows,18.0,15.666666666666666,1.7,5.7
2024-08-30,mousse,cornrows,8.13,39,22,0,0,0,14,4,8,mousse_cornrows,30.0,27.333333333333332,1.4666666666666666,2.6
2024-08-30,hairspray,box_braids,8.55,76,20,0,0,0,8,4,8,hairspray_box_braids,10.0,14.333333333333334,2.2222222222222223,8.444444444444445
2024-08-31,premium_braiding_hair,twists,18.15,28,28,0,1,0,8,5,8,premium_braiding_hair_twists,27.0,33.0,3.111111111111111,3.111111111111111
2024-08-31,standard_braiding_hair,twists,14.2,69,52,1,1,0,10,5,8,standard_braiding_hair_twists,27.0,37.333333333333336,4.7272727272727275,6.2727272727272725
2024-08-31,beads,knotless,4.41,33,29,0,1,0,14,5,8,beads_knotless,16.0,22.0,1.9333333333333333,2.2
2024-08-31,edge_control,cornrows,8.12,61,26,0,1,0,13,5,8,edge_control_cornrows,25.0,21.0,1.8571428571428572,4.357142857142857
2024-08-31,hair_gel,knotless,5.38,46,16,1,1,0,7,5,8,hair_gel_knotless,17.0,17.0,2.0,5.75
2024-08-31,mousse,knotless,8.14,24,24,0,1,0,6,5,8,mousse_knotless,22.0,25.333333333333332,3.4285714285714284,3.4285714285714284
2024-08-31,hairspray,twists,8.02,23,20,0,1,0,14,5,8,hairspray_twists,20.0,16.666666666666668,1.3333333333333333,1.5333333333333334
2024-09-01,premium_braiding_hair,twists,18.65,71,43,0,1,0,11,6,9,premium_braiding_hair_twists,28.0,32.666666666666664,3.5833333333333335,5.916666666666667
2024-09-01,standard_braiding_hair,cornrows,14.81,22,21,0,1,0,7,6,9,standard_braiding_hair_cornrows,52.0,33.333333333333336,2.625,2.75
2024-09-01,beads,twists,3.29,55,34,1,1,0,16,6,9,beads_twists,29.0,26.333333333333332,2.0,3.235294117647059
2024-09-01,edge_control,knotless,7.76,79,28,0,1,0,10,6,9,edge_control_knotless,26.0,26.333333333333332,2.5454545454545454,7.181818181818182
2024-09-01,hair_gel,box_braids,5.12,67,21,1,1,0,6,6,9,hair_gel_box_braids,16.0,18.0,3.0,9.571428571428571
2024-09-01,mousse,twists,10.06,40,22,0,1,0,12,6,9,mousse_twists,24.0,22.666666666666668,1.6923076923076923,3.076923076923077
2024-09-01,hairspray,knotless,8.88,51,25,0,1,0,7,6,9,hairspray_knotless,20.0,21.666666666666668,3.125,6.375
2024-09-02,premium_braiding_hair,box_braids,18.59,48,39,0,0,0,6,0,9,premium_braiding_hair_box_braids,43.0,36.666666666666664,5.571428571428571,6.857142857142857
2024-09-02,standard_braiding_hair,twists,13.71,56,26,0,0,0,4,0,9,standard_braiding_hair_twists,21.0,33.0,5.2,11.2
2024-09-02,beads,cornrows,4.38,75,28,0,0,0,11,0,9,beads_cornrows,34.0,30.333333333333332,2.3333333333333335,6.25
2024-09-02,edge_control,twists,5.83,79,18,0,0,0,9,0,9,edge_control_twists,28.0,24.0,1.8,7.9
2024-09-02,hair_gel,twists,5.27,46,19,1,0,0,12,0,9,hair_gel_twists,21.0,18.666666666666668,1.4615384615384615,3.5384615384615383
2024-09-02,mousse,twists,8.12,45,25,0,0,0,10,0,9,mousse_twists,22.0,23.666666666666668,2.272727272727273,4.090909090909091
2024-09-02,hairspray,knotless,9.09,39,8,0,0,0,5,0,9,hairspray_knotless,25.0,17.666666666666668,1.3333333333333333,6.5
2024-09-03,premium_braiding_hair,cornrows,17.76,78,37,1,0,0,7,1,9,premium_braiding_hair_cornrows,39.0,39.666666666666664,4.625,9.75
2024-09-03,standard_braiding_hair,knotless,17.16,55,22,0,0,0,3,1,9,standard_braiding_hair_knotless,26.0,23.0,5.5,13.75
2024-09-03,beads,cornrows,5.31,21,21,0,0,0,14,1,9,beads_cornrows,28.0,27.666666666666668,1.4,1.4
2024-09-03,edge_control,twists,6.58,34,24,0,0,0,12,1,9,edge_control_twists,18.0,23.333333333333332,1.8461538461538463,2.6153846153846154
2024-09-03,hair_gel,twists,5.94,28,21,1,0,0,12,1,9,hair_gel_twists,19.0,20.333333333333332,1.6153846153846154,2.1538461538461537
2024-09-03,mousse,knotless,9.89,19,19,0,0,0,15,1,9,mousse_knotless,25.0,22.0,1.1875,1.1875
2024-09-03,hairspray,box_braids,7.86,36,21,0,0,0,10,1,9,hairspray_box_braids,8.0,18.0,1.9090909090909092,3.272727272727273
2024-09-04,premium_braiding_hair,box_braids,17.73,32,32,0,0,0,11,2,9,premium_braiding_hair_box_braids,37.0,36.0,2.6666666666666665,2.6666666666666665
2024-09-04,standard_braiding_hair,box_braids,16.26,32,32,0,0,0,12,2,9,standard_braiding_hair_box_braids,22.0,26.666666666666668,2.4615384615384617,2.4615384615384617
2024-09-04,beads,twists,5.83,58,23,0,0,0,15,2,9,beads_twists,21.0,24.0,1.4375,3.625
2024-09-04,edge_control,cornrows,8.94,34,19,0,0,0,7,2,9,edge_control_cornrows,24.0,20.333333333333332,2.375,4.25
2024-09-04,hair_gel,cornrows,5.11,75,21,0,0,0,10,2,9,hair_gel_cornrows,21.0,20.333333333333332,1.9090909090909092,6.818181818181818
2024-09-04,mousse,box_braids,9.46,33,20,0,0,0,13,2,9,mousse_box_braids,19.0,21.333333333333332,1.4285714285714286,2.357142857142857
2024-09-04,hairspray,twists,9.75,75,13,0,0,0,16,2,9,hairspray_twists,21.0,14.0,0.7647058823529411,4.411764705882353
2024-09-05,premium_braiding_hair,cornrows,20.46,39,37,1,0,0,9,3,9,premium_braiding_hair_cornrows,32.0,35.333333333333336,3.7,3.9
2024-09-05,standard_braiding_hair,knotless,14.72,34,27,0,0,0,9,3,9,standard_braiding_hair_knotless,32.0,27.0,2.7,3.4
2024-09-05,beads,box_braids,5.7,69,24,0,0,0,8,3,9,beads_box_braids,23.0,22.666666666666668,2.6666666666666665,7.666666666666667
2024-09-05,edge_control,twists,6.81,23,13,0,0,0,4,3,9,edge_control_twists,19.0,18.666666666666668,2.6,4.6
2024-09-05,hair_gel,cornrows,6.51,45,23,1,0,0,12,3,9,hair_gel_cornrows,21.0,21.666666666666668,1.7692307692307692,3.4615384615384617
2024-09-05,mousse,box_braids,8.67,32,27,0,0,0,8,3,9,mousse_box_braids,20.0,22.0,3.0,3.5555555555555554
2024-09-05,hairspray,box_braids,6.87,76,21,0,0,0,4,3,9,hairspray_box_braids,13.0,18.333333333333332,4.2,15.2
2024-09-06,premium_braiding_hair,knotless,18.56,36,36,0,0,0,8,4,9,premium_braiding_hair_knotless,37.0,35.0,4.0,4.0
2024-09-06,standard_braiding_hair,cornrows,16.15,66,24,0,0,0,12,4,9,standard_braiding_hair_cornrows,27.0,27.666666666666668,1.8461538461538463,5.076923076923077
2024-09-06,beads,twists,5.24,75,23,0,0,0,6,4,9,beads_twists,24.0,23.333333333333332,3.2857142857142856,10.714285714285714
2024-09-06,edge_control,knotless,5.43,41,12,0,0,0,7,4,9,edge_control_knotless,13.0,14.666666666666666,1.5,5.125
2024-09-06,hair_gel,knotless,6.35,21,21,0,0,0,11,4,9,hair_gel_knotless,23.0,21.666666666666668,1.75,1.75
2024-09-06,mousse,twists,10.28,53,28,0,0,0,12,4,9,mousse_twists,27.0,25.0,2.1538461538461537,4.076923076923077
2024-09-06,hairspray,twists,8.03,24,13,0,0,0,17,4,9,hairspray_twists,21.0,15.666666666666666,0.7222222222222222,1.3333333333333333
2024-09-07,premium_braiding_hair,cornrows,18.49,34,34,1,1,0,11,5,9,premium_braiding_hair_cornrows,36.0,35.666666666666664,2.8333333333333335,2.8333333333333335
2024-09-07,standard_braiding_hair,box_braids,15.2,24,24,0,1,0,8,5,9,standard_braiding_hair_box_braids,24.0,25.0,2.6666666666666665,2.6666666666666665
2024-09-07,beads,box_braids,3.86,67,28,0,1,0,10,5,9,beads_box_braids,23.0,25.0,2.5454545454545454,6.090909090909091
2024-09-07,edge_control,box_braids,8.88,79,20,0,1,0,10,5,9,edge_control_box_braids,12.0,15.0,1.8181818181818181,7.181818181818182
2024-09-07,hair_gel,cornrows,4.56,28,19,0,1,0,9,5,9,hair_gel_cornrows,21.0,21.0,1.9,2.8
2024-09-07,mousse,twists,8.64,48,26,0,1,0,11,5,9,mousse_twists,28.0,27.0,2.1666666666666665,4.0
2024-09-07,hairspray,cornrows,8.26,32,4,0,1,0,5,5,9,hairspray_cornrows,13.0,12.666666666666666,0.6666666666666666,5.333333333333333
2024-09-08,premium_braiding_hair,box_braids,18.15,19,19,1,1,0,14,6,9,premium_braiding_hair_box_braids,34.0,29.666666666666668,1.2666666666666666,1.2666666666666666
2024-09-08,standard_braiding_hair,knotless,15.14,36,36,0,1,0,12,6,9,standard_braiding_hair_knotless,24.0,28.0,2.769230769230769,2.769230769230769
2024-09-08,beads,knotless,2.9,46,26,0,1,0,8,6,9,beads_knotless,28.0,25.666666666666668,2.888888888888889,5.111111111111111
2024-09-08,edge_control,box_braids,8.64,28,23,0,1,0,9,6,9,edge_control_box_braids,20.0,18.333333333333332,2.3,2.8
2024-09-08,hair_gel,box_braids,4.52,50,28,1,1,0,10,6,9,hair_gel_box_braids,19.0,22.666666666666668,2.5454545454545454,4.545454545454546
2024-09-08,mousse,box_braids,8.64,21,21,0,1,0,10,6,9,mousse_box_braids,26.0,25.0,1.9090909090909092,1.9090909090909092
2024-09-08,hairspray,cornrows,8.03,65,12,1,1,0,3,6,9,hairspray_cornrows,4.0,9.666666666666666,3.0,16.25
2024-09-09,premium_braiding_hair,cornrows,18.16,43,40,1,0,0,9,0,9,premium_braiding_hair_cornrows,19.0,31.0,4.0,4.3
2024-09-09,standard_braiding_hair,knotless,16.62,47,28,1,0,0,14,0,9,standard_braiding_hair_knotless,36.0,29.333333333333332,1.8666666666666667,3.1333333333333333
2024-09-09,beads,twists,5.05,38,24,0,0,0,9,0,9,beads_twists,26.0,26.0,2.4,3.8
2024-09-09,edge_control,twists,5.71,65,29,1,0,0,12,0,9,edge_control_twists,23.0,24.0,2.230769230769231,5.0
2024-09-09,hair_gel,box_braids,3.39,72,19,0,0,0,10,0,9,hair_gel_box_braids,28.0,22.0,1.7272727272727273,6.545454545454546
2024-09-09,mousse,knotless,7.84,20,20,0,0,0,10,0,9,mousse_knotless,21.0,22.333333333333332,1.8181818181818181,1.8181818181818181
2024-09-09,hairspray,cornrows,9.22,70,11,1,0,0,8,0,9,hairspray_cornrows,12.0,9.0,1.2222222222222223,7.777777777777778
2024-09-10,premium_braiding_hair,knotless,17.29,51,51,1,0,0,8,1,9,premium_braiding_hair_knotless,40.0,36.666666666666664,5.666666666666667,5.666666666666667
2024-09-10,standard_braiding_hair,cornrows,15.62,36,34,0,0,0,8,1,9,standard_braiding_hair_cornrows,28.0,32.666666666666664,3.7777777777777777,4.0
2024-09-10,beads,twists,3.18,62,19,0,0,0,11,1,9,beads_twists,24.0,23.0,1.5833333333333333,5.166666666666667
2024-09-10,edge_control,twists,7.87,59,18,0,0,0,11,1,9,edge_control_twists,29.0,23.333333333333332,1.5,4.916666666666667
2024-09-10,hair_gel,cornrows,3.99,77,24,1,0,0,10,1,9,hair_gel_cornrows,19.0,23.666666666666668,2.1818181818181817,7.0
2024-09-10,mousse,box_braids,7.75,29,18,0,0,0,9,1,9,mousse_box_braids,20.0,19.666666666666668,1.8,2.9
2024-09-10,hairspray,twists,8.69,25,15,0,0,0,11,1,9,hairspray_twists,11.0,12.666666666666666,1.25,2.0833333333333335
2024-09-11,premium_braiding_hair,knotless,19.76,45,43,0,0,0,7,2,9,premium_braiding_hair_knotless,51.0,44.666666666666664,5.375,5.625
2024-09-11,standard_braiding_hair,twists,15.07,69,36,0,0,0,12,2,9,standard_braiding_hair_twists,34.0,32.666666666666664,2.769230769230769,5.3076923076923075
2024-09-11,beads,box_braids,4.06,18,18,0,0,0,12,2,9,beads_box_braids,19.0,20.333333333333332,1.3846153846153846,1.3846153846153846
2024-09-11,edge_control,knotless,7.7,38,21,0,0,0,10,2,9,edge_control_knotless,18.0,22.666666666666668,1.9090909090909092,3.4545454545454546
2024-09-11,hair_gel,cornrows,6.37,15,15,1,0,0,17,2,9,hair_gel_cornrows,24.0,19.333333333333332,0.8333333333333334,0.8333333333333334
2024-09-11,mousse,cornrows,8.66,42,19,0,0,0,10,2,9,mousse_cornrows,18.0,19.0,1.7272727272727273,3.8181818181818183
2024-09-11,hairspray,twists,7.22,62,15,0,0,0,8,2,9,hairspray_twists,15.0,13.666666666666666,1.6666666666666667,6.888888888888889
2024-09-12,premium_braiding_hair,cornrows,17.83,20,20,0,0,0,15,3,9,premium_braiding_hair_cornrows,43.0,38.0,1.25,1.25
2024-09-12,standard_braiding_hair,twists,13.43,33,20,0,0,0,5,3,9,standard_braiding_hair_twists,36.0,30.0,3.3333333333333335,5.5
2024-09-12,beads,box_braids,5.47,25,15,0,0,0,7,3,9,beads_box_braids,18.0,17.333333333333332,1.875,3.125
2024-09-12,edge_control,knotless,5.24,19,11,0,0,0,4,3,9,edge_control_knotless,21.0,16.666666666666668,2.2,3.8
2024-09-12,hair_gel,twists,7.54,35,17,0,0,0,12,3,9,hair_gel_twists,15.0,18.666666666666668,1.3076923076923077,2.6923076923076925
2024-09-12,mousse,cornrows,9.34,53,21,0,0,0,12,3,9,mousse_cornrows,19.0,19.333333333333332,1.6153846153846154,4.076923076923077
2024-09-12,hairspray,box_braids,9.17,44,12,0,0,0,9,3,9,hairspray_box_braids,15.0,14.0,1.2,4.4
2024-09-13,premium_braiding_hair,cornrows,18.53,44,38,0,0,0,10,4,9,premium_braiding_hair_cornrows,20.0,33.666666666666664,3.4545454545454546,4.0
2024-09-13,standard_braiding_hair,cornrows,15.31,53,31,0,0,0,10,4,9,standard_braiding_hair_cornrows,20.0,29.0,2.8181818181818183,4.818181818181818
2024-09-13,beads,cornrows,3.93,41,27,0,0,0,12,4,9,beads_cornrows,15.0,20.0,2.076923076923077,3.1538461538461537
2024-09-13,edge_control,cornrows,6.18,52,22,0,0,0,7,4,9,edge_control_cornrows,11.0,18.0,2.75,6.5
2024-09-13,hair_gel,box_braids,7.76,64,19,1,0,0,9,4,9,hair_gel_box_braids,17.0,17.0,1.9,6.4
2024-09-13,mousse,knotless,8.86,37,25,1,0,0,8,4,9,mousse_knotless,21.0,21.666666666666668,2.7777777777777777,4.111111111111111
2024-09-13,hairspray,box_braids,6.24,55,13,0,0,0,9,4,9,hairspray_box_braids,12.0,13.333333333333334,1.3,5.5
2024-09-14,premium_braiding_hair,knotless,18.13,78,52,0,1,0,6,5,9,premium_braiding_hair_knotless,38.0,36.666666666666664,7.428571428571429,11.142857142857142
2024-09-14,standard_braiding_hair,knotless,14.11,46,31,0,1,0,11,5,9,standard_braiding_hair_knotless,31.0,27.333333333333332,2.5833333333333335,3.8333333333333335
2024-09-14,beads,twists,7.24,67,33,1,1,0,13,5,9,beads_twists,27.0,25.0,2.357142857142857,4.785714285714286
2024-09-14,edge_control,cornrows,7.92,75,29,0,1,0,10,5,9,edge_control_cornrows,22.0,20.666666666666668,2.6363636363636362,6.818181818181818
2024-09-14,hair_gel,cornrows,6.18,43,23,0,1,0,14,5,9,hair_gel_cornrows,19.0,19.666666666666668,1.5333333333333334,2.8666666666666667
2024-09-14,mousse,twists,9.3,22,22,0,1,0,7,5,9,mousse_twists,25.0,22.666666666666668,2.75,2.75
2024-09-14,hairspray,cornrows,7.64,36,7,0,1,0,6,5,9,hairspray_cornrows,13.0,10.666666666666666,1.0,5.142857142857143
2024-09-15,premium_braiding_hair,twists,17.73,26,26,1,1,0,8,6,9,premium_braiding_hair_twists,52.0,38.666666666666664,2.888888888888889,2.888888888888889
2024-09-15,standard_braiding_hair,knotless,13.93,74,40,0,1,0,9,6,9,standard_braiding_hair_knotless,31.0,34.0,4.0,7.4
2024-09-15,beads,cornrows,4.34,18,18,1,1,0,11,6,9,beads_cornrows,33.0,26.0,1.5,1.5
2024-09-15,edge_control,cornrows,6.15,79,38,1,1,0,13,6,9,edge_control_cornrows,29.0,29.666666666666668,2.7142857142857144,5.642857142857143
2024-09-15,hair_gel,box_braids,5.69,24,14,0,1,0,8,6,9,hair_gel_box_braids,23.0,18.666666666666668,1.5555555555555556,2.6666666666666665
2024-09-15,mousse,twists,8.84,26,26,0,1,0,14,6,9,mousse_twists,22.0,24.333333333333332,1.7333333333333334,1.7333333333333334
2024-09-15,hairspray,twists,9.6,24,18,0,1,0,9,6,9,hairspray_twists,7.0,12.666666666666666,1.8,2.4
2024-09-16,premium_braiding_hair,box_braids,16.36,45,45,0,0,0,12,0,9,premium_braiding_hair_box_braids,26.0,41.0,3.4615384615384617,3.4615384615384617
2024-09-16,standard_braiding_hair,cornrows,14.09,36,27,0,0,0,9,0,9,standard_braiding_hair_cornrows,40.0,32.666666666666664,2.7,3.6
2024-09-16,beads,knotless,3.06,53,24,0,0,0,10,0,9,beads_knotless,18.0,25.0,2.1818181818181817,4.818181818181818
2024-09-16,edge_control,twists,5.72,29,19,0,0,0,13,0,9,edge_control_twists,38.0,28.666666666666668,1.3571428571428572,2.0714285714285716
2024-09-16,hair_gel,knotless,6.81,40,18,1,0,0,11,0,9,hair_gel_knotless,14.0,18.333333333333332,1.5,3.3333333333333335
2024-09-16,mousse,twists,10.86,26,23,0,0,0,8,0,9,mousse_twists,26.0,23.666666666666668,2.5555555555555554,2.888888888888889
2024-09-16,hairspray,knotless,7.49,43,23,0,0,0,10,0,9,hairspray_knotless,18.0,16.0,2.090909090909091,3.909090909090909
2024-09-17,premium_braiding_hair,cornrows,16.61,43,42,0,0,0,14,1,9,premium_braiding_hair_cornrows,45.0,37.666666666666664,2.8,2.8666666666666667
2024-09-17,standard_braiding_hair,twists,15.29,77,44,1,0,0,9,1,9,standard_braiding_hair_twists,27.0,37.0,4.4,7.7
2024-09-17,beads,knotless,4.7,19,19,0,0,0,12,1,9,beads_knotless,24.0,20.333333333333332,1.4615384615384615,1.4615384615384615
2024-09-17,edge_control,knotless,8.68,64,11,0,0,0,5,1,9,edge_control_knotless,19.0,22.666666666666668,1.8333333333333333,10.666666666666666
2024-09-17,hair_gel,box_braids,5.83,28,9,0,0,0,7,1,9,hair_gel_box_braids,18.0,13.666666666666666,1.125,3.5
2024-09-17,mousse,knotless,9.19,53,19,0,0,0,7,1,9,mousse_knotless,23.0,22.666666666666668,2.375,6.625
2024-09-17,hairspray,twists,6.87,31,5,0,0,0,7,1,9,hairspray_twists,23.0,15.333333333333334,0.625,3.875
2024-09-18,premium_braiding_hair,knotless,17.42,42,42,0,0,0,12,2,9,premium_braiding_hair_knotless,42.0,43.0,3.230769230769231,3.230769230769231
2024-09-18,standard_braiding_hair,knotless,17.05,29,26,0,0,0,7,2,9,standard_braiding_hair_knotless,44.0,32.333333333333336,3.25,3.625
2024-09-18,beads,cornrows,5.81,59,27,1,0,0,14,2,9,beads_cornrows,19.0,23.333333333333332,1.8,3.933333333333333
2024-09-18,edge_control,twists,6.62,64,19,0,0,0,12,2,9,edge_control_twists,11.0,16.333333333333332,1.4615384615384615,4.923076923076923
2024-09-18,hair_gel,box_braids,5.42,36,15,0,0,0,10,2,9,hair_gel_box_braids,9.0,14.0,1.3636363636363635,3.272727272727273
2024-09-18,mousse,twists,9.91,46,21,1,0,0,10,2,9,mousse_twists,19.0,21.0,1.9090909090909092,4.181818181818182
2024-09-18,hairspray,cornrows,8.3,43,12,0,0,0,3,2,9,hairspray_cornrows,5.0,13.333333333333334,3.0,10.75
2024-09-19,premium_braiding_hair,twists,18.76,43,36,1,0,0,8,3,9,premium_braiding_hair_twists,42.0,40.0,4.0,4.777777777777778
2024-09-19,standard_braiding_hair,twists,15.03,64,38,0,0,0,11,3,9,standard_braiding_hair_twists,26.0,36.0,3.1666666666666665,5.333333333333333
2024-09-19,beads,box_braids,4.38,29,14,0,0,0,5,3,9,beads_box_braids,27.0,20.0,2.3333333333333335,4.833333333333333
2024-09-19,edge_control,cornrows,7.91,38,31,1,0,0,13,3,9,edge_control_cornrows,19.0,20.333333333333332,2.2142857142857144,2.7142857142857144
2024-09-19,hair_gel,twists,3.2,72,6,0,0,0,8,3,9,hair_gel_twists,15.0,10.0,0.6666666666666666,8.0
2024-09-19,mousse,knotless,10.07,69,23,0,0,0,6,3,9,mousse_knotless,21.0,21.0,3.2857142857142856,9.857142857142858
2024-09-19,hairspray,cornrows,9.1,23,20,1,0,0,9,3,9,hairspray_cornrows,12.0,12.333333333333334,2.0,2.3
2024-09-20,premium_braiding_hair,box_braids,16.75,33,33,0,0,0,10,4,9,premium_braiding_hair_box_braids,36.0,37.0,3.0,3.0
2024-09-20,standard_braiding_hair,box_braids,15.0,56,47,1,0,0,9,4,9,standard_braiding_hair_box_braids,38.0,37.0,4.7,5.6
2024-09-20,beads,cornrows,6.38,53,28,1,0,0,9,4,9,beads_cornrows,14.0,23.0,2.8,5.3
2024-09-20,edge_control,twists,5.24,64,18,0,0,0,8,4,9,edge_control_twists,31.0,22.666666666666668,2.0,7.111111111111111
2024-09-20,hair_gel,cornrows,5.72,49,20,0,0,0,11,4,9,hair_gel_cornrows,6.0,13.666666666666666,1.6666666666666667,4.083333333333333
2024-09-20,mousse,knotless,11.38,50,30,0,0,0,7,4,9,mousse_knotless,23.0,24.666666666666668,3.75,6.25
2024-09-20,hairspray,box_braids,7.0,78,17,1,0,0,16,4,9,hairspray_box_braids,20.0,16.333333333333332,1.0,4.588235294117647
2024-09-21,premium_braiding_hair,twists,17.63,69,36,0,1,0,7,5,9,premium_braiding_hair_twists,33.0,35.0,4.5,8.625
2024-09-21,standard_braiding_hair,cornrows,16.17,45,30,0,1,0,9,5,9,standard_braiding_hair_cornrows,47.0,38.333333333333336,3.0,4.5
2024-09-21,beads,cornrows,4.83,46,36,1,1,0,10,5,9,beads_cornrows,28.0,26.0,3.272727272727273,4.181818181818182
2024-09-21,edge_control,knotless,6.43,39,23,0,1,0,9,5,9,edge_control_knotless,18.0,24.0,2.3,3.9
2024-09-21,hair_gel,twists,5.91,24,24,0,1,0,11,5,9,hair_gel_twists,20.0,16.666666666666668,2.0,2.0
2024-09-21,mousse,twists,9.62,15,15,0,1,0,14,5,9,mousse_twists,30.0,22.666666666666668,1.0,1.0
2024-09-21,hairspray,knotless,8.02,59,15,0,1,0,14,5,9,hairspray_knotless,17.0,17.333333333333332,1.0,3.933333333333333
2024-09-22,premium_braiding_hair,cornrows,17.72,50,40,0,1,0,13,6,9,premium_braiding_hair_cornrows,36.0,36.333333333333336,2.857142857142857,3.5714285714285716
2024-09-22,standard_braiding_hair,box_braids,14.59,16,16,0,1,0,13,6,9,standard_braiding_hair_box_braids,30.0,31.0,1.1428571428571428,1.1428571428571428
2024-09-22,beads,box_braids,4.57,35,35,1,1,0,14,6,9,beads_box_braids,36.0,33.0,2.3333333333333335,2.3333333333333335
2024-09-22,edge_control,twists,8.09,40,30,1,1,0,13,6,9,edge_control_twists,23.0,23.666666666666668,2.142857142857143,2.857142857142857
2024-09-22,hair_gel,box_braids,5.45,31,13,0,1,0,6,6,9,hair_gel_box_braids,24.0,19.0,1.8571428571428572,4.428571428571429
2024-09-22,mousse,twists,9.02,48,23,0,1,0,12,6,9,mousse_twists,15.0,22.666666666666668,1.7692307692307692,3.6923076923076925
2024-09-22,hairspray,twists,8.15,58,11,0,1,0,5,6,9,hairspray_twists,15.0,14.333333333333334,1.8333333333333333,9.666666666666666
2024-09-23,premium_braiding_hair,box_braids,19.47,51,41,0,0,0,9,0,9,premium_braiding_hair_box_braids,40.0,39.0,4.1,5.1
2024-09-23,standard_braiding_hair,knotless,14.93,41,36,1,0,0,11,0,9,standard_braiding_hair_knotless,16.0,27.333333333333332,3.0,3.4166666666666665
2024-09-23,beads,knotless,3.91,29,29,1,0,0,5,0,9,beads_knotless,35.0,33.333333333333336,4.833333333333333,4.833333333333333
2024-09-23,edge_control,twists,5.32,31,23,1,0,0,5,0,9,edge_control_twists,30.0,25.333333333333332,3.8333333333333335,5.166666666666667
2024-09-23,hair_gel,twists,6.06,69,20,0,0,0,7,0,9,hair_gel_twists,13.0,19.0,2.5,8.625
2024-09-23,mousse,box_braids,8.75,32,32,0,0,0,6,0,9,mousse_box_braids,23.0,23.333333333333332,4.571428571428571,4.571428571428571
2024-09-23,hairspray,box_braids,8.31,15,10,0,0,0,6,0,9,hairspray_box_braids,11.0,12.0,1.4285714285714286,2.142857142857143
2024-09-24,premium_braiding_hair,twists,18.29,33,33,0,0,0,8,1,9,premium_braiding_hair_twists,41.0,38.0,3.6666666666666665,3.6666666666666665
2024-09-24,standard_braiding_hair,twists,14.35,77,40,1,0,0,11,1,9,standard_braiding_hair_twists,36.0,30.666666666666668,3.3333333333333335,6.416666666666667
2024-09-24,beads,box_braids,4.57,79,24,0,0,0,4,1,9,beads_box_braids,29.0,29.333333333333332,4.8,15.8
2024-09-24,edge_control,twists,6.2,23,23,1,0,0,11,1,9,edge_control_twists,23.0,25.333333333333332,1.9166666666666667,1.9166666666666667
2024-09-24,hair_gel,cornrows,4.44,49,16,0,0,0,10,1,9,hair_gel_cornrows,20.0,16.333333333333332,1.4545454545454546,4.454545454545454
2024-09-24,mousse,box_braids,8.63,29,29,1,0,0,11,1,9,mousse_box_braids,32.0,28.0,2.4166666666666665,2.4166666666666665
2024-09-24,hairspray,cornrows,8.49,71,17,0,0,0,6,1,9,hairspray_cornrows,10.0,12.666666666666666,2.4285714285714284,10.142857142857142
2024-09-25,premium_braiding_hair,box_braids,19.2,31,31,0,0,0,5,2,9,premium_braiding_hair_box_braids,33.0,35.0,5.166666666666667,5.166666666666667
2024-09-25,standard_braiding_hair,cornrows,15.45,16,16,0,0,0,12,2,9,standard_braiding_hair_cornrows,40.0,30.666666666666668,1.2307692307692308,1.2307692307692308
2024-09-25,beads,knotless,5.89,18,15,0,0,0,6,2,9,beads_knotless,24.0,22.666666666666668,2.142857142857143,2.5714285714285716
2024-09-25,edge_control,cornrows,6.59,22,22,0,0,0,17,2,9,edge_control_cornrows,23.0,22.666666666666668,1.2222222222222223,1.2222222222222223
2024-09-25,hair_gel,cornrows,6.5,62,27,0,0,0,18,2,9,hair_gel_cornrows,16.0,21.0,1.4210526315789473,3.263157894736842
2024-09-25,mousse,knotless,9.26,36,23,0,0,0,9,2,9,mousse_knotless,29.0,28.0,2.3,3.6
2024-09-25,hairspray,cornrows,8.07,32,12,0,0,0,11,2,9,hairspray_cornrows,17.0,13.0,1.0,2.6666666666666665
2024-09-26,premium_braiding_hair,knotless,18.4,27,27,1,0,0,12,3,9,premium_braiding_hair_knotless,31.0,30.333333333333332,2.076923076923077,2.076923076923077
2024-09-26,standard_braiding_hair,box_braids,16.33,62,30,0,0,0,10,3,9,standard_braiding_hair_box_braids,16.0,28.666666666666668,2.727272727272727,5.636363636363637
2024-09-26,beads,cornrows,4.67,46,27,1,0,0,5,3,9,beads_cornrows,15.0,22.0,4.5,7.666666666666667
2024-09-26,edge_control,box_braids,8.4,54,24,0,0,0,11,3,9,edge_control_box_braids,22.0,23.0,2.0,4.5
2024-09-26,hair_gel,knotless,6.31,18,17,1,0,0,10,3,9,hair_gel_knotless,27.0,20.0,1.5454545454545454,1.6363636363636365
2024-09-26,mousse,twists,7.52,34,22,0,0,0,10,3,9,mousse_twists,23.0,24.666666666666668,2.0,3.090909090909091
2024-09-26,hairspray,knotless,9.34,66,8,0,0,0,3,3,9,hairspray_knotless,12.0,12.333333333333334,2.0,16.5
2024-09-27,premium_braiding_hair,knotless,17.19,47,47,1,0,0,6,4,9,premium_braiding_hair_knotless,27.0,35.0,6.714285714285714,6.714285714285714
2024-09-27,standard_braiding_hair,knotless,16.12,78,18,0,0,0,6,4,9,standard_braiding_hair_knotless,30.0,21.333333333333332,2.5714285714285716,11.142857142857142
2024-09-27,beads,box_braids,7.73,17,17,0,0,0,3,4,9,beads_box_braids,27.0,19.666666666666668,4.25,4.25
2024-09-27,edge_control,cornrows,8.75,53,17,0,0,0,7,4,9,edge_control_cornrows,24.0,21.0,2.125,6.625
2024-09-27,hair_gel,cornrows,7.08,44,22,0,0,0,12,4,9,hair_gel_cornrows,17.0,22.0,1.6923076923076923,3.3846153846153846
2024-09-27,mousse,cornrows,9.36,67,21,0,0,0,9,4,9,mousse_cornrows,22.0,22.0,2.1,6.7
2024-09-27,hairspray,box_braids,6.41,61,20,0,0,0,8,4,9,hairspray_box_braids,8.0,13.333333333333334,2.2222222222222223,6.777777777777778
2024-09-28,premium_braiding_hair,cornrows,18.96,27,27,0,1,0,9,5,9,premium_braiding_hair_cornrows,47.0,33.666666666666664,2.7,2.7
2024-09-28,standard_braiding_hair,knotless,14.16,45,34,0,1,0,13,5,9,standard_braiding_hair_knotless,18.0,27.333333333333332,2.4285714285714284,3.2142857142857144
2024-09-28,beads,box_braids,4.11,58,28,1,1,0,8,5,9,beads_box_braids,17.0,24.0,3.111111111111111,6.444444444444445
2024-09-28,edge_control,twists,7.26,19,19,1,1,0,12,5,9,edge_control_twists,17.0,20.0,1.4615384615384615,1.4615384615384615
2024-09-28,hair_gel,cornrows,5.39,78,21,1,1,0,8,5,9,hair_gel_cornrows,22.0,20.0,2.3333333333333335,8.666666666666666
2024-09-28,mousse,box_braids,7.42,63,31,0,1,0,13,5,9,mousse_box_braids,21.0,24.666666666666668,2.2142857142857144,4.5
2024-09-28,hairspray,knotless,6.58,25,22,0,1,0,8,5,9,hairspray_knotless,20.0,16.666666666666668,2.4444444444444446,2.7777777777777777
2024-09-29,premium_braiding_hair,box_braids,18.56,43,43,1,1,0,9,6,9,premium_braiding_hair_box_braids,27.0,39.0,4.3,4.3
2024-09-29,standard_braiding_hair,cornrows,15.08,75,32,0,1,0,13,6,9,standard_braiding_hair_cornrows,34.0,28.0,2.2857142857142856,5.357142857142857
2024-09-29,beads,twists,5.38,25,25,0,1,0,9,6,9,beads_twists,28.0,23.333333333333332,2.5,2.5
2024-09-29,edge_control,box_braids,7.7,79,21,0,1,0,9,6,9,edge_control_box_braids,19.0,19.0,2.1,7.9
2024-09-29,hair_gel,cornrows,6.75,15,15,0,1,0,14,6,9,hair_gel_cornrows,21.0,19.333333333333332,1.0,1.0
2024-09-29,mousse,knotless,8.34,37,36,1,1,0,9,6,9,mousse_knotless,31.0,29.333333333333332,3.6,3.7
2024-09-29,hairspray,cornrows,6.33,20,14,0,1,0,13,6,9,hairspray_cornrows,22.0,18.666666666666668,1.0,1.4285714285714286
2024-09-30,premium_braiding_hair,cornrows,17.85,26,26,0,0,0,16,0,9,premium_braiding_hair_cornrows,43.0,32.0,1.5294117647058822,1.5294117647058822
2024-09-30,standard_braiding_hair,cornrows,16.0,46,28,0,0,0,7,0,9,standard_braiding_hair_cornrows,32.0,31.333333333333332,3.5,5.75
2024-09-30,beads,cornrows,5.71,17,17,0,0,0,8,0,9,beads_cornrows,25.0,23.333333333333332,1.8888888888888888,1.8888888888888888
2024-09-30,edge_control,box_braids,7.8,76,15,0,0,0,8,0,9,edge_control_box_braids,21.0,18.333333333333332,1.6666666666666667,8.444444444444445
2024-09-30,hair_gel,cornrows,5.51,41,14,0,0,0,12,0,9,hair_gel_cornrows,15.0,16.666666666666668,1.0769230769230769,3.1538461538461537
2024-09-30,mousse,knotless,9.02,65,23,0,0,0,5,0,9,mousse_knotless,36.0,30.0,3.8333333333333335,10.833333333333334
2024-09-30,hairspray,cornrows,8.83,59,13,1,0,0,9,0,9,hairspray_cornrows,14.0,16.333333333333332,1.3,5.9
2024-10-01,premium_braiding_hair,cornrows,17.79,37,27,0,0,0,5,1,10,premium_braiding_hair_cornrows,26.0,32.0,4.5,6.166666666666667
2024-10-01,standard_braiding_hair,knotless,15.04,21,21,0,0,0,10,1,10,standard_braiding_hair_knotless,28.0,27.0,1.9090909090909092,1.9090909090909092
2024-10-01,beads,box_braids,3.4,35,20,0,0,0,9,1,10,beads_box_braids,17.0,20.666666666666668,2.0,3.5
2024-10-01,edge_control,box_braids,6.6,49,14,0,0,0,8,1,10,edge_control_box_braids,15.0,16.666666666666668,1.5555555555555556,5.444444444444445
2024-10-01,hair_gel,knotless,6.81,31,17,0,0,0,8,1,10,hair_gel_knotless,14.0,15.333333333333334,1.8888888888888888,3.4444444444444446
2024-10-01,mousse,box_braids,8.34,48,34,0,0,0,13,1,10,mousse_box_braids,23.0,31.0,2.4285714285714284,3.4285714285714284
2024-10-01,hairspray,twists,7.04,68,20,1,0,0,9,1,10,hairspray_twists,13.0,15.666666666666666,2.0,6.8
2024-10-02,premium_braiding_hair,cornrows,16.79,24,24,1,0,0,12,2,10,premium_braiding_hair_cornrows,27.0,25.666666666666668,1.8461538461538463,1.8461538461538463
2024-10-02,standard_braiding_hair,knotless,16.73,76,27,0,0,0,12,2,10,standard_braiding_hair_knotless,21.0,25.333333333333332,2.076923076923077,5.846153846153846
2024-10-02,beads,twists,5.73,24,21,0,0,0,15,2,10,beads_twists,20.0,19.333333333333332,1.3125,1.5
2024-10-02,edge_control,knotless,6.17,79,17,0,0,0,13,2,10,edge_control_knotless,14.0,15.333333333333334,1.2142857142857142,5.642857142857143
2024-10-02,hair_gel,knotless,6.52,79,15,1,0,0,10,2,10,hair_gel_knotless,17.0,15.333333333333334,1.3636363636363635,7.181818181818182
2024-10-02,mousse,cornrows,9.88,31,20,0,0,0,9,2,10,mousse_cornrows,34.0,25.666666666666668,2.0,3.1
2024-10-02,hairspray,twists,7.15,41,18,0,0,0,13,2,10,hairspray_twists,20.0,17.0,1.2857142857142858,2.9285714285714284
2024-10-03,premium_braiding_hair,twists,18.46,47,29,0,0,0,9,3,10,premium_braiding_hair_twists,24.0,26.666666666666668,2.9,4.7
2024-10-03,standard_braiding_hair,twists,16.59,64,45,1,0,0,13,3,10,standard_braiding_hair_twists,27.0,31.0,3.2142857142857144,4.571428571428571
2024-10-03,beads,knotless,4.84,73,19,0,0,0,9,3,10,beads_knotless,21.0,20.0,1.9,7.3
2024-10-03,edge_control,cornrows,8.34,67,23,0,0,0,10,3,10,edge_control_cornrows,17.0,18.0,2.090909090909091,6.090909090909091
2024-10-03,hair_gel,knotless,6.81,47,20,1,0,0,13,3,10,hair_gel_knotless,15.0,17.333333333333332,1.4285714285714286,3.357142857142857
2024-10-03,mousse,cornrows,9.3,42,18,0,0,0,9,3,10,mousse_cornrows,20.0,24.0,1.8,4.2
2024-10-03,hairspray,box_braids,8.73,45,18,0,0,0,10,3,10,hairspray_box_braids,18.0,18.666666666666668,1.6363636363636365,4.090909090909091
2024-10-04,premium_braiding_hair,cornrows,20.04,64,35,1,0,0,5,4,10,premium_braiding_hair_cornrows,29.0,29.333333333333332,5.833333333333333,10.666666666666666
2024-10-04,standard_braiding_hair,knotless,14.87,76,27,0,0,0,8,4,10,standard_braiding_hair_knotless,45.0,33.0,3.0,8.444444444444445
2024-10-04,beads,box_braids,6.5,22,19,0,0,0,6,4,10,beads_box_braids,19.0,19.666666666666668,2.7142857142857144,3.142857142857143
2024-10-04,edge_control,twists,6.37,26,14,0,0,0,10,4,10,edge_control_twists,23.0,18.0,1.2727272727272727,2.3636363636363638
2024-10-04,hair_gel,box_braids,5.97,60,16,0,0,0,8,4,10,hair_gel_box_braids,20.0,17.0,1.7777777777777777,6.666666666666667
2024-10-04,mousse,knotless,8.84,21,21,0,0,0,14,4,10,mousse_knotless,18.0,19.666666666666668,1.4,1.4
2024-10-04,hairspray,twists,8.61,35,10,1,0,0,9,4,10,hairspray_twists,18.0,15.333333333333334,1.0,3.5
2024-10-05,premium_braiding_hair,box_braids,19.45,69,69,1,1,0,12,5,10,premium_braiding_hair_box_braids,35.0,44.333333333333336,5.3076923076923075,5.3076923076923075
2024-10-05,standard_braiding_hair,cornrows,14.91,24,24,0,1,0,8,5,10,standard_braiding_hair_cornrows,27.0,32.0,2.6666666666666665,2.6666666666666665
2024-10-05,beads,knotless,4.0,40,32,0,1,0,11,5,10,beads_knotless,19.0,23.333333333333332,2.6666666666666665,3.3333333333333335
2024-10-05,edge_control,twists,8.18,65,30,1,1,0,13,5,10,edge_control_twists,14.0,22.333333333333332,2.142857142857143,4.642857142857143
2024-10-05,hair_gel,knotless,5.53,20,15,1,1,0,4,5,10,hair_gel_knotless,16.0,17.0,3.0,4.0
2024-10-05,mousse,cornrows,7.69,29,29,1,1,0,9,5,10,mousse_cornrows,21.0,22.666666666666668,2.9,2.9
2024-10-05,hairspray,box_braids,6.88,38,14,1,1,0,3,5,10,hairspray_box_braids,10.0,14.0,3.5,9.5
2024-10-06,premium_braiding_hair,cornrows,18.45,78,36,0,1,0,6,6,10,premium_braiding_hair_cornrows,69.0,46.666666666666664,5.142857142857143,11.142857142857142
2024-10-06,standard_braiding_hair,box_braids,13.89,36,36,0,1,0,15,6,10,standard_braiding_hair_box_braids,24.0,29.0,2.25,2.25
2024-10-06,beads,knotless,4.98,37,29,0,1,0,14,6,10,beads_knotless,32.0,26.666666666666668,1.9333333333333333,2.466666666666667
2024-10-06,edge_control,box_braids,5.68,22,22,1,1,0,12,6,10,edge_control_box_braids,30.0,22.0,1.6923076923076923,1.6923076923076923
2024-10-06,hair_gel,twists,6.67,67,26,0,1,0,11,6,10,hair_gel_twists,15.0,19.0,2.1666666666666665,5.583333333333333
2024-10-06,mousse,box_braids,9.55,58,38,1,1,0,10,6,10,mousse_box_braids,29.0,29.333333333333332,3.4545454545454546,5.2727272727272725
2024-10-06,hairspray,box_braids,8.0,45,20,0,1,0,7,6,10,hairspray_box_braids,14.0,14.666666666666666,2.5,5.625
2024-10-07,premium_braiding_hair,box_braids,17.16,47,46,0,0,0,6,0,10,premium_braiding_hair_box_braids,36.0,50.333333333333336,6.571428571428571,6.714285714285714
2024-10-07,standard_braiding_hair,box_braids,13.91,33,33,0,0,0,10,0,10,standard_braiding_hair_box_braids,36.0,31.0,3.0,3.0
2024-10-07,beads,knotless,5.57,16,16,0,0,0,11,0,10,beads_knotless,29.0,25.666666666666668,1.3333333333333333,1.3333333333333333
2024-10-07,edge_control,box_braids,8.43,34,17,0,0,0,11,0,10,edge_control_box_braids,22.0,23.0,1.4166666666666667,2.8333333333333335
2024-10-07,hair_gel,twists,4.36,77,13,0,0,0,8,0,10,hair_gel_twists,26.0,18.0,1.4444444444444444,8.555555555555555
2024-10-07,mousse,box_braids,9.77,35,23,0,0,0,6,0,10,mousse_box_braids,38.0,30.0,3.2857142857142856,5.0
2024-10-07,hairspray,twists,8.65,70,11,0,0,0,9,0,10,hairspray_twists,20.0,15.0,1.1,7.0
2024-10-08,premium_braiding_hair,twists,19.94,65,42,1,0,0,7,1,10,premium_braiding_hair_twists,46.0,41.333333333333336,5.25,8.125
2024-10-08,standard_braiding_hair,cornrows,16.2,78,26,0,0,0,11,1,10,standard_braiding_hair_cornrows,33.0,31.666666666666668,2.1666666666666665,6.5
2024-10-08,beads,box_braids,3.32,49,19,0,0,0,4,1,10,beads_box_braids,16.0,21.333333333333332,3.8,9.8
2024-10-08,edge_control,cornrows,7.82,33,22,1,0,0,5,1,10,edge_control_cornrows,17.0,20.333333333333332,3.6666666666666665,5.5
2024-10-08,hair_gel,twists,5.63,57,11,0,0,0,11,1,10,hair_gel_twists,13.0,16.666666666666668,0.9166666666666666,4.75
2024-10-08,mousse,knotless,9.37,71,30,0,0,0,14,1,10,mousse_knotless,23.0,30.333333333333332,2.0,4.733333333333333
2024-10-08,hairspray,twists,8.5,51,17,0,0,0,10,1,10,hairspray_twists,11.0,16.0,1.5454545454545454,4.636363636363637
2024-10-09,premium_braiding_hair,twists,18.16,35,31,0,0,0,5,2,10,premium_braiding_hair_twists,42.0,39.666666666666664,5.166666666666667,5.833333333333333
2024-10-09,standard_braiding_hair,cornrows,13.53,76,24,0,0,0,12,2,10,standard_braiding_hair_cornrows,26.0,27.666666666666668,1.8461538461538463,5.846153846153846
2024-10-09,beads,knotless,4.55,27,19,0,0,0,8,2,10,beads_knotless,19.0,18.0,2.111111111111111,3.0
2024-10-09,edge_control,knotless,4.64,50,12,0,0,0,9,2,10,edge_control_knotless,22.0,17.0,1.2,5.0
2024-10-09,hair_gel,cornrows,5.58,73,23,1,0,0,17,2,10,hair_gel_cornrows,11.0,15.666666666666666,1.2777777777777777,4.055555555555555
2024-10-09,mousse,cornrows,9.62,40,24,0,0,0,8,2,10,mousse_cornrows,30.0,25.666666666666668,2.6666666666666665,4.444444444444445
2024-10-09,hairspray,knotless,7.38,39,11,1,0,0,6,2,10,hairspray_knotless,17.0,13.0,1.5714285714285714,5.571428571428571
2024-10-10,premium_braiding_hair,cornrows,19.33,55,26,0,0,0,8,3,10,premium_braiding_hair_cornrows,31.0,33.0,2.888888888888889,6.111111111111111
2024-10-10,standard_braiding_hair,cornrows,13.47,64,20,0,0,0,5,3,10,standard_braiding_hair_cornrows,24.0,23.333333333333332,3.3333333333333335,10.666666666666666
2024-10-10,beads,knotless,5.69,69,15,0,0,0,5,3,10,beads_knotless,19.0,17.666666666666668,2.5,11.5
2024-10-10,edge_control,knotless,7.23,48,21,0,0,0,11,3,10,edge_control_knotless,12.0,18.333333333333332,1.75,4.0
2024-10-10,hair_gel,twists,8.05,74,19,1,0,0,7,3,10,hair_gel_twists,23.0,17.666666666666668,2.375,9.25
2024-10-10,mousse,cornrows,9.34,77,23,0,0,0,11,3,10,mousse_cornrows,24.0,25.666666666666668,1.9166666666666667,6.416666666666667
2024-10-10,hairspray,knotless,8.82,44,14,0,0,0,10,3,10,hairspray_knotless,11.0,14.0,1.2727272727272727,4.0
2024-10-11,premium_braiding_hair,box_braids,18.32,37,37,1,0,0,10,4,10,premium_braiding_hair_box_braids,26.0,31.333333333333332,3.3636363636363638,3.3636363636363638
2024-10-11,standard_braiding_hair,cornrows,15.77,19,19,0,0,0,9,4,10,standard_braiding_hair_cornrows,20.0,21.0,1.9,1.9
2024-10-11,beads,twists,3.8,35,22,0,0,0,10,4,10,beads_twists,15.0,18.666666666666668,2.0,3.1818181818181817
2024-10-11,edge_control,twists,5.11,44,25,1,0,0,11,4,10,edge_control_twists,21.0,19.333333333333332,2.0833333333333335,3.6666666666666665
2024-10-11,hair_gel,box_braids,5.64,59,11,0,0,0,6,4,10,hair_gel_box_braids,19.0,17.666666666666668,1.5714285714285714,8.428571428571429
2024-10-11,mousse,cornrows,10.41,20,20,0,0,0,9,4,10,mousse_cornrows,23.0,22.333333333333332,2.0,2.0
2024-10-11,hairspray,knotless,8.93,27,16,0,0,0,13,4,10,hairspray_knotless,14.0,13.666666666666666,1.1428571428571428,1.9285714285714286
2024-10-12,premium_braiding_hair,twists,18.07,40,37,0,1,0,11,5,10,premium_braiding_hair_twists,37.0,33.333333333333336,3.0833333333333335,3.3333333333333335
2024-10-12,standard_braiding_hair,knotless,16.4,41,41,1,1,0,13,5,10,standard_braiding_hair_knotless,19.0,26.666666666666668,2.9285714285714284,2.9285714285714284
2024-10-12,beads,box_braids,5.66,28,28,0,1,0,11,5,10,beads_box_braids,22.0,21.666666666666668,2.3333333333333335,2.3333333333333335
2024-10-12,edge_control,twists,6.94,52,27,1,1,0,9,5,10,edge_control_twists,25.0,24.333333333333332,2.7,5.2
2024-10-12,hair_gel,cornrows,4.94,27,19,0,1,0,10,5,10,hair_gel_cornrows,11.0,16.333333333333332,1.7272727272727273,2.4545454545454546
2024-10-12,mousse,cornrows,10.07,23,23,0,1,0,7,5,10,mousse_cornrows,20.0,22.0,2.875,2.875
2024-10-12,hairspray,knotless,7.33,17,13,0,1,0,8,5,10,hairspray_knotless,16.0,14.333333333333334,1.4444444444444444,1.8888888888888888
2024-10-13,premium_braiding_hair,twists,16.74,45,40,0,1,0,6,6,10,premium_braiding_hair_twists,37.0,38.0,5.714285714285714,6.428571428571429
2024-10-13,standard_braiding_hair,knotless,13.23,74,28,0,1,0,4,6,10,standard_braiding_hair_knotless,41.0,29.333333333333332,5.6,14.8
2024-10-13,beads,box_braids,4.8,18,18,0,1,0,9,6,10,beads_box_braids,28.0,22.666666666666668,1.8,1.8
2024-10-13,edge_control,box_braids,6.68,22,22,0,1,0,13,6,10,edge_control_box_braids,27.0,24.666666666666668,1.5714285714285714,1.5714285714285714
2024-10-13,hair_gel,knotless,7.38,79,18,0,1,0,11,6,10,hair_gel_knotless,19.0,16.0,1.5,6.583333333333333
2024-10-13,mousse,knotless,10.63,50,30,0,1,0,12,6,10,mousse_knotless,23.0,24.333333333333332,2.3076923076923075,3.8461538461538463
2024-10-13,hairspray,knotless,7.93,51,15,0,1,0,9,6,10,hairspray_knotless,13.0,14.666666666666666,1.5,5.1
2024-10-14,premium_braiding_hair,cornrows,17.73,51,35,0,0,0,15,0,10,premium_braiding_hair_cornrows,40.0,37.333333333333336,2.1875,3.1875
2024-10-14,standard_braiding_hair,knotless,14.42,35,27,0,0,0,11,0,10,standard_braiding_hair_knotless,28.0,32.0,2.25,2.9166666666666665
2024-10-14,beads,knotless,3.9,64,29,0,0,0,14,0,10,beads_knotless,18.0,25.0,1.9333333333333333,4.266666666666667
2024-10-14,edge_control,knotless,5.35,71,17,0,0,0,11,0,10,edge_control_knotless,22.0,22.0,1.4166666666666667,5.916666666666667
2024-10-14,hair_gel,knotless,7.0,43,22,0,0,0,10,0,10,hair_gel_knotless,18.0,19.666666666666668,2.0,3.909090909090909
2024-10-14,mousse,knotless,8.4,45,33,1,0,0,13,0,10,mousse_knotless,30.0,28.666666666666668,2.357142857142857,3.2142857142857144
2024-10-14,hairspray,knotless,8.47,35,12,0,0,0,10,0,10,hairspray_knotless,15.0,13.333333333333334,1.0909090909090908,3.1818181818181817
2024-10-15,premium_braiding_hair,box_braids,18.11,29,29,0,0,0,12,1,10,premium_braiding_hair_box_braids,35.0,34.666666666666664,2.230769230769231,2.230769230769231
2024-10-15,standard_braiding_hair,twists,15.65,29,29,1,0,0,5,1,10,standard_braiding_hair_twists,27.0,28.0,4.833333333333333,4.833333333333333
2024-10-15,beads,twists,5.77,23,23,1,0,0,7,1,10,beads_twists,29.0,23.333333333333332,2.875,2.875
2024-10-15,edge_control,knotless,6.23,33,15,0,0,0,14,1,10,edge_control_knotless,17.0,18.0,1.0,2.2
2024-10-15,hair_gel,box_braids,6.67,32,14,0,0,0,10,1,10,hair_gel_box_braids,22.0,18.0,1.2727272727272727,2.909090909090909
2024-10-15,mousse,cornrows,8.5,61,20,1,0,0,12,1,10,mousse_cornrows,33.0,27.666666666666668,1.5384615384615385,4.6923076923076925
2024-10-15,hairspray,knotless,8.04,65,21,0,0,0,7,1,10,hairspray_knotless,12.0,16.0,2.625,8.125
2024-10-16,premium_braiding_hair,twists,18.12,18,18,0,0,0,7,2,10,premium_braiding_hair_twists,29.0,27.333333333333332,2.25,2.25
2024-10-16,standard_braiding_hair,twists,14.32,64,43,1,0,0,10,2,10,standard_braiding_hair_twists,29.0,33.0,3.909090909090909,5.818181818181818
2024-10-16,beads,twists,3.53,33,24,0,0,0,6,2,10,beads_twists,23.0,25.333333333333332,3.4285714285714284,4.714285714285714
2024-10-16,edge_control,knotless,7.06,49,13,0,0,0,5,2,10,edge_control_knotless,15.0,15.0,2.1666666666666665,8.166666666666666
2024-10-16,hair_gel,box_braids,6.43,54,13,0,0,0,8,2,10,hair_gel_box_braids,14.0,16.333333333333332,1.4444444444444444,6.0
2024-10-16,mousse,knotless,9.16,49,32,1,0,0,10,2,10,mousse_knotless,20.0,28.333333333333332,2.909090909090909,4.454545454545454
2024-10-16,hairspray,box_braids,9.23,15,15,0,0,0,8,2,10,hairspray_box_braids,21.0,16.0,1.6666666666666667,1.6666666666666667
2024-10-17,premium_braiding_hair,box_braids,20.15,66,47,0,0,0,7,3,10,premium_braiding_hair_box_braids,18.0,31.333333333333332,5.875,8.25
2024-10-17,standard_braiding_hair,box_braids,14.63,31,31,0,0,0,12,3,10,standard_braiding_hair_box_braids,43.0,34.333333333333336,2.3846153846153846,2.3846153846153846
2024-10-17,beads,cornrows,4.89,64,27,0,0,0,13,3,10,beads_cornrows,24.0,24.666666666666668,1.9285714285714286,4.571428571428571
2024-10-17,edge_control,knotless,6.79,31,21,0,0,0,14,3,10,edge_control_knotless,13.0,16.333333333333332,1.4,2.066666666666667
2024-10-17,hair_gel,cornrows,5.14,48,23,0,0,0,8,3,10,hair_gel_cornrows,13.0,16.666666666666668,2.5555555555555554,5.333333333333333
2024-10-17,mousse,box_braids,8.96,15,15,0,0,0,8,3,10,mousse_box_braids,32.0,22.333333333333332,1.6666666666666667,1.6666666666666667
2024-10-17,hairspray,box_braids,7.72,31,19,0,0,0,16,3,10,hairspray_box_braids,15.0,18.333333333333332,1.1176470588235294,1.8235294117647058
2024-10-18,premium_braiding_hair,twists,18.21,68,36,0,0,0,10,4,10,premium_braiding_hair_twists,47.0,33.666666666666664,3.272727272727273,6.181818181818182
2024-10-18,standard_braiding_hair,cornrows,15.18,45,26,0,0,0,5,4,10,standard_braiding_hair_cornrows,31.0,33.333333333333336,4.333333333333333,7.5
2024-10-18,beads,cornrows,2.28,37,19,0,0,0,3,4,10,beads_cornrows,27.0,23.333333333333332,4.75,9.25
2024-10-18,edge_control,twists,6.14,58,17,1,0,0,10,4,10,edge_control_twists,21.0,17.0,1.5454545454545454,5.2727272727272725
2024-10-18,hair_gel,twists,5.2,58,13,0,0,0,8,4,10,hair_gel_twists,23.0,16.333333333333332,1.4444444444444444,6.444444444444445
2024-10-18,mousse,twists,10.48,65,25,0,0,0,11,4,10,mousse_twists,15.0,24.0,2.0833333333333335,5.416666666666667
2024-10-18,hairspray,box_braids,7.85,62,4,0,0,0,3,4,10,hairspray_box_braids,19.0,12.666666666666666,1.0,15.5
2024-10-19,premium_braiding_hair,twists,17.33,32,32,1,1,0,10,5,10,premium_braiding_hair_twists,36.0,38.333333333333336,2.909090909090909,2.909090909090909
2024-10-19,standard_braiding_hair,cornrows,16.06,77,41,0,1,0,19,5,10,standard_braiding_hair_cornrows,26.0,32.666666666666664,2.05,3.85
2024-10-19,beads,knotless,5.28,32,25,0,1,0,11,5,10,beads_knotless,19.0,23.666666666666668,2.0833333333333335,2.6666666666666665
2024-10-19,edge_control,box_braids,6.34,35,31,1,1,0,9,5,10,edge_control_box_braids,17.0,23.0,3.1,3.5
2024-10-19,hair_gel,cornrows,5.34,71,25,0,1,0,9,5,10,hair_gel_cornrows,13.0,20.333333333333332,2.5,7.1
2024-10-19,mousse,twists,9.12,31,30,0,1,0,9,5,10,mousse_twists,25.0,23.333333333333332,3.0,3.1
2024-10-19,hairspray,cornrows,7.64,42,8,0,1,0,6,5,10,hairspray_cornrows,4.0,10.333333333333334,1.1428571428571428,6.0
2024-10-20,premium_braiding_hair,knotless,19.14,69,69,1,1,0,9,6,10,premium_braiding_hair_knotless,32.0,45.666666666666664,6.9,6.9
2024-10-20,standard_braiding_hair,twists,14.72,64,39,0,1,0,9,6,10,standard_braiding_hair_twists,41.0,35.333333333333336,3.9,6.4
2024-10-20,beads,twists,5.57,23,23,0,1,0,12,6,10,beads_twists,25.0,22.333333333333332,1.7692307692307692,1.7692307692307692
2024-10-20,edge_control,twists,5.78,78,25,1,1,0,11,6,10,edge_control_twists,31.0,24.333333333333332,2.0833333333333335,6.5
2024-10-20,hair_gel,twists,7.2,74,24,1,1,0,13,6,10,hair_gel_twists,25.0,20.666666666666668,1.7142857142857142,5.285714285714286
2024-10-20,mousse,cornrows,10.34,61,24,0,1,0,8,6,10,mousse_cornrows,30.0,26.333333333333332,2.6666666666666665,6.777777777777778
2024-10-20,hairspray,box_braids,7.03,33,15,1,1,0,12,6,10,hairspray_box_braids,8.0,9.0,1.1538461538461537,2.5384615384615383
2024-10-21,premium_braiding_hair,twists,18.14,60,49,1,0,0,16,0,10,premium_braiding_hair_twists,69.0,50.0,2.8823529411764706,3.5294117647058822
2024-10-21,standard_braiding_hair,knotless,13.6,19,19,0,0,0,13,0,10,standard_braiding_hair_knotless,39.0,33.0,1.3571428571428572,1.3571428571428572
2024-10-21,beads,knotless,4.18,71,26,1,0,0,10,0,10,beads_knotless,23.0,24.666666666666668,2.3636363636363638,6.454545454545454
2024-10-21,edge_control,box_braids,8.74,22,22,1,0,0,12,0,10,edge_control_box_braids,25.0,26.0,1.6923076923076923,1.6923076923076923
2024-10-21,hair_gel,cornrows,5.7,21,17,0,0,0,8,0,10,hair_gel_cornrows,24.0,22.0,1.8888888888888888,2.3333333333333335
2024-10-21,mousse,box_braids,7.92,16,16,0,0,0,12,0,10,mousse_box_braids,24.0,23.333333333333332,1.2307692307692308,1.2307692307692308
2024-10-21,hairspray,cornrows,8.8,63,27,1,0,0,14,0,10,hairspray_cornrows,15.0,16.666666666666668,1.8,4.2
2024-10-22,premium_braiding_hair,knotless,18.84,79,53,0,0,0,10,1,10,premium_braiding_hair_knotless,49.0,57.0,4.818181818181818,7.181818181818182
2024-10-22,standard_braiding_hair,box_braids,16.16,68,33,0,0,0,7,1,10,standard_braiding_hair_box_braids,19.0,30.333333333333332,4.125,8.5
2024-10-22,beads,cornrows,4.97,28,26,1,0,0,9,1,10,beads_cornrows,26.0,25.0,2.6,2.8
2024-10-22,edge_control,cornrows,7.26,34,23,0,0,0,9,1,10,edge_control_cornrows,22.0,23.333333333333332,2.3,3.4
2024-10-22,hair_gel,box_braids,5.91,55,14,1,0,0,6,1,10,hair_gel_box_braids,17.0,18.333333333333332,2.0,7.857142857142857
2024-10-22,mousse,box_braids,9.54,45,19,0,0,0,7,1,10,mousse_box_braids,16.0,19.666666666666668,2.375,5.625
2024-10-22,hairspray,knotless,7.67,79,21,0,0,0,15,1,10,hairspray_knotless,27.0,21.0,1.3125,4.9375
2024-10-23,premium_braiding_hair,cornrows,18.1,23,23,0,0,0,7,2,10,premium_braiding_hair_cornrows,53.0,41.666666666666664,2.875,2.875
2024-10-23,standard_braiding_hair,twists,16.73,18,18,0,0,0,9,2,10,standard_braiding_hair_twists,33.0,23.333333333333332,1.8,1.8
2024-10-23,beads,cornrows,4.74,19,19,0,0,0,11,2,10,beads_cornrows,26.0,23.666666666666668,1.5833333333333333,1.5833333333333333
2024-10-23,edge_control,twists,7.71,68,17,0,0,0,10,2,10,edge_control_twists,23.0,20.666666666666668,1.5454545454545454,6.181818181818182
2024-10-23,hair_gel,knotless,6.46,53,13,0,0,0,10,2,10,hair_gel_knotless,14.0,14.666666666666666,1.1818181818181819,4.818181818181818
2024-10-23,mousse,knotless,8.38,35,25,1,0,0,5,2,10,mousse_knotless,19.0,20.0,4.166666666666667,5.833333333333333
2024-10-23,hairspray,knotless,7.07,22,15,0,0,0,9,2,10,hairspray_knotless,21.0,21.0,1.5,2.2
2024-10-24,premium_braiding_hair,box_braids,16.9,66,66,1,0,0,15,3,10,premium_braiding_hair_box_braids,23.0,47.333333333333336,4.125,4.125
2024-10-24,standard_braiding_hair,cornrows,15.88,29,23,0,0,0,7,3,10,standard_braiding_hair_cornrows,18.0,24.666666666666668,2.875,3.625
2024-10-24,beads,knotless,4.6,34,16,0,0,0,8,3,10,beads_knotless,19.0,20.333333333333332,1.7777777777777777,3.7777777777777777
2024-10-24,edge_control,box_braids,6.55,16,16,0,0,0,10,3,10,edge_control_box_braids,17.0,18.666666666666668,1.4545454545454546,1.4545454545454546
2024-10-24,hair_gel,twists,6.65,63,12,0,0,0,3,3,10,hair_gel_twists,13.0,13.0,3.0,15.75
2024-10-24,mousse,twists,9.14,65,26,0,0,0,13,3,10,mousse_twists,25.0,23.333333333333332,1.8571428571428572,4.642857142857143
2024-10-24,hairspray,cornrows,7.84,28,17,0,0,0,5,3,10,hairspray_cornrows,15.0,17.666666666666668,2.8333333333333335,4.666666666666667
2024-10-25,premium_braiding_hair,twists,18.56,56,49,1,0,0,13,4,10,premium_braiding_hair_twists,66.0,46.0,3.5,4.0
2024-10-25,standard_braiding_hair,cornrows,15.56,37,35,0,0,0,10,4,10,standard_braiding_hair_cornrows,23.0,25.333333333333332,3.1818181818181817,3.3636363636363638
2024-10-25,beads,box_braids,5.9,16,16,0,0,0,6,4,10,beads_box_braids,16.0,17.0,2.2857142857142856,2.2857142857142856
2024-10-25,edge_control,twists,5.53,41,15,1,0,0,6,4,10,edge_control_twists,16.0,16.0,2.142857142857143,5.857142857142857
2024-10-25,hair_gel,cornrows,5.21,62,32,0,0,0,12,4,10,hair_gel_cornrows,12.0,19.0,2.4615384615384617,4.769230769230769
2024-10-25,mousse,twists,8.87,68,21,0,0,0,12,4,10,mousse_twists,26.0,24.0,1.6153846153846154,5.230769230769231
2024-10-25,hairspray,knotless,8.12,29,11,0,0,0,16,4,10,hairspray_knotless,17.0,14.333333333333334,0.6470588235294118,1.7058823529411764
2024-10-26,premium_braiding_hair,twists,16.58,78,51,1,1,0,6,5,10,premium_braiding_hair_twists,49.0,55.333333333333336,7.285714285714286,11.142857142857142
2024-10-26,standard_braiding_hair,box_braids,16.93,27,27,0,1,0,12,5,10,standard_braiding_hair_box_braids,35.0,28.333333333333332,2.076923076923077,2.076923076923077
2024-10-26,beads,box_braids,5.54,70,27,0,1,0,12,5,10,beads_box_braids,16.0,19.666666666666668,2.076923076923077,5.384615384615385
2024-10-26,edge_control,knotless,6.48,58,25,0,1,0,8,5,10,edge_control_knotless,15.0,18.666666666666668,2.7777777777777777,6.444444444444445
2024-10-26,hair_gel,box_braids,4.63,68,15,0,1,0,6,5,10,hair_gel_box_braids,32.0,19.666666666666668,2.142857142857143,9.714285714285714
2024-10-26,mousse,knotless,8.58,28,28,1,1,0,4,5,10,mousse_knotless,21.0,25.0,5.6,5.6
2024-10-26,hairspray,twists,7.33,69,20,0,1,0,13,5,10,hairspray_twists,11.0,16.0,1.4285714285714286,4.928571428571429
2024-10-27,premium_braiding_hair,box_braids,19.06,33,33,1,1,0,18,6,10,premium_braiding_hair_box_braids,51.0,44.333333333333336,1.736842105263158,1.736842105263158
2024-10-27,standard_braiding_hair,cornrows,16.03,24,24,1,1,0,11,6,10,standard_braiding_hair_cornrows,27.0,28.666666666666668,2.0,2.0
2024-10-27,beads,knotless,4.58,20,20,0,1,0,5,6,10,beads_knotless,27.0,21.0,3.3333333333333335,3.3333333333333335
2024-10-27,edge_control,twists,5.33,56,25,0,1,0,13,6,10,edge_control_twists,25.0,21.666666666666668,1.7857142857142858,4.0
2024-10-27,hair_gel,twists,6.49,56,18,0,1,0,12,6,10,hair_gel_twists,15.0,21.666666666666668,1.3846153846153846,4.3076923076923075
2024-10-27,mousse,box_braids,8.29,63,35,0,1,0,10,6,10,mousse_box_braids,28.0,28.0,3.1818181818181817,5.7272727272727275
2024-10-27,hairspray,box_braids,6.82,19,16,0,1,0,9,6,10,hairspray_box_braids,20.0,15.666666666666666,1.6,1.9
2024-10-28,premium_braiding_hair,twists,16.23,22,22,0,0,0,13,0,10,premium_braiding_hair_twists,33.0,35.333333333333336,1.5714285714285714,1.5714285714285714
2024-10-28,standard_braiding_hair,twists,14.55,68,41,1,0,0,9,0,10,standard_braiding_hair_twists,24.0,30.666666666666668,4.1,6.8
2024-10-28,beads,knotless,4.64,71,23,1,0,0,9,0,10,beads_knotless,20.0,23.333333333333332,2.3,7.1
2024-10-28,edge_control,twists,7.31,43,19,0,0,0,11,0,10,edge_control_twists,25.0,23.0,1.5833333333333333,3.5833333333333335
2024-10-28,hair_gel,knotless,5.49,77,12,0,0,0,10,0,10,hair_gel_knotless,18.0,15.0,1.0909090909090908,7.0
2024-10-28,mousse,knotless,7.66,52,31,1,0,0,6,0,10,mousse_knotless,35.0,31.333333333333332,4.428571428571429,7.428571428571429
2024-10-28,hairspray,knotless,8.41,48,26,1,0,0,11,0,10,hairspray_knotless,16.0,20.666666666666668,2.1666666666666665,4.0
2024-10-29,premium_braiding_hair,knotless,17.14,69,47,0,0,0,8,1,10,premium_braiding_hair_knotless,22.0,34.0,5.222222222222222,7.666666666666667
2024-10-29,standard_braiding_hair,box_braids,16.12,75,41,0,0,0,13,1,10,standard_braiding_hair_box_braids,41.0,35.333333333333336,2.9285714285714284,5.357142857142857
2024-10-29,beads,twists,6.14,57,31,0,0,0,14,1,10,beads_twists,23.0,24.666666666666668,2.066666666666667,3.8
2024-10-29,edge_control,box_braids,7.0,16,15,0,0,0,12,1,10,edge_control_box_braids,19.0,19.666666666666668,1.1538461538461537,1.2307692307692308
2024-10-29,hair_gel,box_braids,6.83,56,18,0,0,0,13,1,10,hair_gel_box_braids,12.0,16.0,1.2857142857142858,4.0
2024-10-29,mousse,box_braids,7.16,55,23,0,0,0,4,1,10,mousse_box_braids,31.0,29.666666666666668,4.6,11.0
2024-10-29,hairspray,cornrows,9.13,33,13,0,0,0,10,1,10,hairspray_cornrows,26.0,18.333333333333332,1.1818181818181819,3.0
2024-10-30,premium_braiding_hair,box_braids,18.5,54,54,1,0,0,10,2,10,premium_braiding_hair_box_braids,47.0,41.0,4.909090909090909,4.909090909090909
2024-10-30,standard_braiding_hair,box_braids,15.07,63,39,0,0,0,10,2,10,standard_braiding_hair_box_braids,41.0,40.333333333333336,3.5454545454545454,5.7272727272727275
2024-10-30,beads,knotless,5.73,32,12,0,0,0,3,2,10,beads_knotless,31.0,22.0,3.0,8.0
2024-10-30,edge_control,twists,5.7,59,15,0,0,0,5,2,10,edge_control_twists,15.0,16.333333333333332,2.5,9.833333333333334
2024-10-30,hair_gel,twists,6.82,62,20,1,0,0,5,2,10,hair_gel_twists,18.0,16.666666666666668,3.3333333333333335,10.333333333333334
2024-10-30,mousse,box_braids,8.6,32,32,1,0,0,12,2,10,mousse_box_braids,23.0,28.666666666666668,2.4615384615384617,2.4615384615384617
2024-10-30,hairspray,box_braids,8.29,51,19,1,0,0,11,2,10,hairspray_box_braids,13.0,19.333333333333332,1.5833333333333333,4.25
2024-10-31,premium_braiding_hair,box_braids,19.01,73,50,0,0,0,8,3,10,premium_braiding_hair_box_braids,54.0,50.333333333333336,5.555555555555555,8.11111111111111
2024-10-31,standard_braiding_hair,knotless,14.28,47,25,0,0,0,13,3,10,standard_braiding_hair_knotless,39.0,35.0,1.7857142857142858,3.357142857142857
2024-10-31,beads,twists,3.4,24,24,0,0,0,6,3,10,beads_twists,12.0,22.333333333333332,3.4285714285714284,3.4285714285714284
2024-10-31,edge_control,twists,6.78,61,9,0,0,0,8,3,10,edge_control_twists,15.0,13.0,1.0,6.777777777777778
2024-10-31,hair_gel,box_braids,5.19,40,18,1,0,0,9,3,10,hair_gel_box_braids,20.0,18.666666666666668,1.8,4.0
2024-10-31,mousse,cornrows,8.76,27,12,0,0,0,9,3,10,mousse_cornrows,32.0,22.333333333333332,1.2,2.7
2024-10-31,hairspray,twists,9.19,24,15,0,0,0,7,3,10,hairspray_twists,19.0,15.666666666666666,1.875,3.0
2024-11-01,premium_braiding_hair,cornrows,18.28,22,22,0,0,0,8,4,11,premium_braiding_hair_cornrows,50.0,42.0,2.4444444444444446,2.4444444444444446
2024-11-01,standard_braiding_hair,box_braids,15.5,54,28,0,0,0,5,4,11,standard_braiding_hair_box_braids,25.0,30.666666666666668,4.666666666666667,9.0
2024-11-01,beads,box_braids,5.67,76,20,0,0,0,11,4,11,beads_box_braids,24.0,18.666666666666668,1.6666666666666667,6.333333333333333
2024-11-01,edge_control,twists,6.58,29,28,1,0,0,11,4,11,edge_control_twists,9.0,17.333333333333332,2.3333333333333335,2.4166666666666665
2024-11-01,hair_gel,twists,4.32,32,16,0,0,0,11,4,11,hair_gel_twists,18.0,18.0,1.3333333333333333,2.6666666666666665
2024-11-01,mousse,cornrows,8.62,54,29,0,0,0,11,4,11,mousse_cornrows,12.0,24.333333333333332,2.4166666666666665,4.5
2024-11-01,hairspray,knotless,9.22,31,18,0,0,0,10,4,11,hairspray_knotless,15.0,17.333333333333332,1.6363636363636365,2.8181818181818183
2024-11-02,premium_braiding_hair,knotless,16.47,60,60,0,1,0,13,5,11,premium_braiding_hair_knotless,22.0,44.0,4.285714285714286,4.285714285714286
2024-11-02,standard_braiding_hair,box_braids,14.4,20,20,0,1,0,5,5,11,standard_braiding_hair_box_braids,28.0,24.333333333333332,3.3333333333333335,3.3333333333333335
2024-11-02,beads,knotless,4.77,62,31,0,1,0,11,5,11,beads_knotless,20.0,25.0,2.5833333333333335,5.166666666666667
2024-11-02,edge_control,cornrows,5.47,64,25,0,1,0,9,5,11,edge_control_cornrows,28.0,20.666666666666668,2.5,6.4
2024-11-02,hair_gel,cornrows,7.43,63,24,0,1,0,12,5,11,hair_gel_cornrows,16.0,19.333333333333332,1.8461538461538463,4.846153846153846
2024-11-02,mousse,knotless,9.01,46,26,0,1,0,7,5,11,mousse_knotless,29.0,22.333333333333332,3.25,5.75
2024-11-02,hairspray,knotless,8.95,74,28,1,1,0,15,5,11,hairspray_knotless,18.0,20.333333333333332,1.75,4.625
2024-11-03,premium_braiding_hair,knotless,17.59,37,37,1,1,0,4,6,11,premium_braiding_hair_knotless,60.0,39.666666666666664,7.4,7.4
2024-11-03,standard_braiding_hair,knotless,14.13,55,41,1,1,0,6,6,11,standard_braiding_hair_knotless,20.0,29.666666666666668,5.857142857142857,7.857142857142857
2024-11-03,beads,cornrows,6.03,33,33,1,1,0,7,6,11,beads_cornrows,31.0,28.0,4.125,4.125
2024-11-03,edge_control,twists,6.7,56,24,1,1,0,7,6,11,edge_control_twists,25.0,25.666666666666668,3.0,7.0
2024-11-03,hair_gel,box_braids,4.1,64,22,1,1,0,12,6,11,hair_gel_box_braids,24.0,20.666666666666668,1.6923076923076923,4.923076923076923
2024-11-03,mousse,twists,9.52,15,15,0,1,0,12,6,11,mousse_twists,26.0,23.333333333333332,1.1538461538461537,1.1538461538461537
2024-11-03,hairspray,knotless,6.95,42,13,0,1,0,3,6,11,hairspray_knotless,28.0,19.666666666666668,3.25,10.5
2024-11-04,premium_braiding_hair,twists,19.36,40,30,0,0,0,7,0,11,premium_braiding_hair_twists,37.0,42.333333333333336,3.75,5.0
2024-11-04,standard_braiding_hair,box_braids,14.94,72,35,0,0,0,9,0,11,standard_braiding_hair_box_braids,41.0,32.0,3.5,7.2
2024-11-04,beads,twists,5.51,54,41,1,0,0,17,0,11,beads_twists,33.0,35.0,2.2777777777777777,3.0
2024-11-04,edge_control,twists,7.96,16,16,0,0,0,9,0,11,edge_control_twists,24.0,21.666666666666668,1.6,1.6
2024-11-04,hair_gel,box_braids,6.93,37,16,0,0,0,12,0,11,hair_gel_box_braids,22.0,20.666666666666668,1.2307692307692308,2.8461538461538463
2024-11-04,mousse,box_braids,7.59,77,27,0,0,0,14,0,11,mousse_box_braids,15.0,22.666666666666668,1.8,5.133333333333334
2024-11-04,hairspray,box_braids,9.53,49,9,0,0,0,8,0,11,hairspray_box_braids,13.0,16.666666666666668,1.0,5.444444444444445
2024-11-05,premium_braiding_hair,box_braids,18.13,63,45,0,0,0,3,1,11,premium_braiding_hair_box_braids,30.0,37.333333333333336,11.25,15.75
2024-11-05,standard_braiding_hair,box_braids,12.75,40,38,1,0,0,4,1,11,standard_braiding_hair_box_braids,35.0,38.0,7.6,8.0
2024-11-05,beads,knotless,2.96,68,25,0,0,0,6,1,11,beads_knotless,41.0,33.0,3.5714285714285716,9.714285714285714
2024-11-05,edge_control,box_braids,6.3,19,19,0,0,0,16,1,11,edge_control_box_braids,16.0,19.666666666666668,1.1176470588235294,1.1176470588235294
2024-11-05,hair_gel,knotless,6.8,76,24,0,0,0,10,1,11,hair_gel_knotless,16.0,20.666666666666668,2.1818181818181817,6.909090909090909
2024-11-05,mousse,knotless,9.68,42,16,0,0,0,9,1,11,mousse_knotless,27.0,19.333333333333332,1.6,4.2
2024-11-05,hairspray,twists,6.37,62,7,1,0,0,5,1,11,hairspray_twists,9.0,9.666666666666666,1.1666666666666667,10.333333333333334
2024-11-06,premium_braiding_hair,cornrows,20.83,56,28,0,0,0,11,2,11,premium_braiding_hair_cornrows,45.0,34.333333333333336,2.3333333333333335,4.666666666666667
2024-11-06,standard_braiding_hair,knotless,14.5,58,30,0,0,0,14,2,11,standard_braiding_hair_knotless,38.0,34.333333333333336,2.0,3.8666666666666667
2024-11-06,beads,knotless,4.95,23,23,1,0,0,3,2,11,beads_knotless,25.0,29.666666666666668,5.75,5.75
2024-11-06,edge_control,box_braids,8.22,19,19,1,0,0,13,2,11,edge_control_box_braids,19.0,18.0,1.3571428571428572,1.3571428571428572
2024-11-06,hair_gel,knotless,5.84,40,14,1,0,0,10,2,11,hair_gel_knotless,24.0,18.0,1.2727272727272727,3.6363636363636362
2024-11-06,mousse,box_braids,7.92,73,35,1,0,0,13,2,11,mousse_box_braids,16.0,26.0,2.5,5.214285714285714
2024-11-06,hairspray,cornrows,8.1,29,14,0,0,0,9,2,11,hairspray_cornrows,7.0,10.0,1.4,2.9
2024-11-07,premium_braiding_hair,box_braids,18.47,16,16,0,0,0,10,3,11,premium_braiding_hair_box_braids,28.0,29.666666666666668,1.4545454545454546,1.4545454545454546
2024-11-07,standard_braiding_hair,cornrows,14.63,61,29,0,0,0,12,3,11,standard_braiding_hair_cornrows,30.0,32.333333333333336,2.230769230769231,4.6923076923076925
2024-11-07,beads,box_braids,4.33,66,18,0,0,0,10,3,11,beads_box_braids,23.0,22.0,1.6363636363636365,6.0
2024-11-07,edge_control,knotless,7.72,45,13,0,0,0,6,3,11,edge_control_knotless,19.0,17.0,1.8571428571428572,6.428571428571429
2024-11-07,hair_gel,knotless,4.88,65,8,0,0,0,7,3,11,hair_gel_knotless,14.0,15.333333333333334,1.0,8.125
2024-11-07,mousse,knotless,7.89,61,31,0,0,0,12,3,11,mousse_knotless,35.0,27.333333333333332,2.3846153846153846,4.6923076923076925
2024-11-07,hairspray,cornrows,7.38,21,14,0,0,0,9,3,11,hairspray_cornrows,14.0,11.666666666666666,1.4,2.1
2024-11-08,premium_braiding_hair,knotless,17.06,42,42,1,0,0,7,4,11,premium_braiding_hair_knotless,16.0,28.666666666666668,5.25,5.25
2024-11-08,standard_braiding_hair,box_braids,14.98,47,36,0,0,0,7,4,11,standard_braiding_hair_box_braids,29.0,31.666666666666668,4.5,5.875
2024-11-08,beads,cornrows,5.65,54,21,1,0,0,5,4,11,beads_cornrows,18.0,20.666666666666668,3.5,9.0
2024-11-08,edge_control,knotless,7.21,64,17,1,0,0,3,4,11,edge_control_knotless,13.0,16.333333333333332,4.25,16.0
2024-11-08,hair_gel,box_braids,5.14,48,14,1,0,0,14,4,11,hair_gel_box_braids,8.0,12.0,0.9333333333333333,3.2
2024-11-08,mousse,knotless,8.04,41,25,0,0,0,6,4,11,mousse_knotless,31.0,30.333333333333332,3.5714285714285716,5.857142857142857
2024-11-08,hairspray,box_braids,8.06,28,13,0,0,0,6,4,11,hairspray_box_braids,14.0,13.666666666666666,1.8571428571428572,4.0
2024-11-09,premium_braiding_hair,box_braids,18.52,23,23,0,1,0,10,5,11,premium_braiding_hair_box_braids,42.0,27.0,2.090909090909091,2.090909090909091
2024-11-09,standard_braiding_hair,knotless,15.22,52,35,0,1,0,9,5,11,standard_braiding_hair_knotless,36.0,33.333333333333336,3.5,5.2
2024-11-09,beads,cornrows,4.75,45,31,0,1,0,9,5,11,beads_cornrows,21.0,23.333333333333332,3.1,4.5
2024-11-09,edge_control,knotless,6.93,32,20,0,1,0,9,5,11,edge_control_knotless,17.0,16.666666666666668,2.0,3.2
2024-11-09,hair_gel,box_braids,5.3,73,17,0,1,0,9,5,11,hair_gel_box_braids,14.0,13.0,1.7,7.3
2024-11-09,mousse,knotless,9.4,79,40,0,1,0,18,5,11,mousse_knotless,25.0,32.0,2.1052631578947367,4.157894736842105
2024-11-09,hairspray,box_braids,7.93,72,19,1,1,0,10,5,11,hairspray_box_braids,13.0,15.333333333333334,1.7272727272727273,6.545454545454546
2024-11-10,premium_braiding_hair,twists,18.25,51,34,0,1,0,15,6,11,premium_braiding_hair_twists,23.0,33.0,2.125,3.1875
2024-11-10,standard_braiding_hair,box_braids,14.49,54,40,0,1,0,10,6,11,standard_braiding_hair_box_braids,35.0,37.0,3.6363636363636362,4.909090909090909
2024-11-10,beads,cornrows,4.19,77,51,1,1,0,18,6,11,beads_cornrows,31.0,34.333333333333336,2.6842105263157894,4.052631578947368
2024-11-10,edge_control,box_braids,5.59,73,25,1,1,0,6,6,11,edge_control_box_braids,20.0,20.666666666666668,3.5714285714285716,10.428571428571429
2024-11-10,hair_gel,box_braids,4.45,52,20,0,1,0,7,6,11,hair_gel_box_braids,17.0,17.0,2.5,6.5
2024-11-10,mousse,twists,7.83,74,33,0,1,0,10,6,11,mousse_twists,40.0,32.666666666666664,3.0,6.7272727272727275
2024-11-10,hairspray,cornrows,7.24,19,18,0,1,0,16,6,11,hairspray_cornrows,19.0,16.666666666666668,1.0588235294117647,1.1176470588235294
2024-11-11,premium_braiding_hair,box_braids,16.97,40,40,0,0,0,11,0,11,premium_braiding_hair_box_braids,34.0,32.333333333333336,3.3333333333333335,3.3333333333333335
2024-11-11,standard_braiding_hair,box_braids,14.86,47,46,1,0,0,8,0,11,standard_braiding_hair_box_braids,40.0,40.333333333333336,5.111111111111111,5.222222222222222
2024-11-11,beads,knotless,4.45,73,25,1,0,0,8,0,11,beads_knotless,51.0,35.666666666666664,2.7777777777777777,8.11111111111111
2024-11-11,edge_control,knotless,8.95,16,16,0,0,0,13,0,11,edge_control_knotless,25.0,20.333333333333332,1.1428571428571428,1.1428571428571428
2024-11-11,hair_gel,knotless,6.2,52,19,0,0,0,10,0,11,hair_gel_knotless,20.0,18.666666666666668,1.7272727272727273,4.7272727272727275
2024-11-11,mousse,twists,8.41,45,20,1,0,0,6,0,11,mousse_twists,33.0,31.0,2.857142857142857,6.428571428571429
2024-11-11,hairspray,knotless,7.92,39,14,0,0,0,8,0,11,hairspray_knotless,18.0,17.0,1.5555555555555556,4.333333333333333
2024-11-12,premium_braiding_hair,cornrows,19.11,54,44,1,0,0,6,1,11,premium_braiding_hair_cornrows,40.0,39.333333333333336,6.285714285714286,7.714285714285714
2024-11-12,standard_braiding_hair,twists,15.77,25,25,1,0,0,12,1,11,standard_braiding_hair_twists,46.0,37.0,1.9230769230769231,1.9230769230769231
2024-11-12,beads,box_braids,4.89,46,23,1,0,0,7,1,11,beads_box_braids,25.0,33.0,2.875,5.75
2024-11-12,edge_control,twists,6.25,56,22,1,0,0,11,1,11,edge_control_twists,16.0,21.0,1.8333333333333333,4.666666666666667
2024-11-12,hair_gel,twists,6.76,66,13,1,0,0,11,1,11,hair_gel_twists,19.0,17.333333333333332,1.0833333333333333,5.5
2024-11-12,mousse,twists,10.14,49,29,0,0,0,12,1,11,mousse_twists,20.0,27.333333333333332,2.230769230769231,3.769230769230769
2024-11-12,hairspray,cornrows,9.57,40,15,1,0,0,13,1,11,hairspray_cornrows,14.0,15.666666666666666,1.0714285714285714,2.857142857142857
2024-11-13,premium_braiding_hair,box_braids,17.82,62,40,0,0,0,5,2,11,premium_braiding_hair_box_braids,44.0,41.333333333333336,6.666666666666667,10.333333333333334
2024-11-13,standard_braiding_hair,twists,14.71,17,17,0,0,0,8,2,11,standard_braiding_hair_twists,25.0,29.333333333333332,1.8888888888888888,1.8888888888888888
2024-11-13,beads,cornrows,5.86,24,22,0,0,0,9,2,11,beads_cornrows,23.0,23.333333333333332,2.2,2.4
2024-11-13,edge_control,twists,8.47,64,17,0,0,0,9,2,11,edge_control_twists,22.0,18.333333333333332,1.7,6.4
2024-11-13,hair_gel,knotless,6.22,52,15,0,0,0,9,2,11,hair_gel_knotless,13.0,15.666666666666666,1.5,5.2
2024-11-13,mousse,box_braids,8.43,45,26,1,0,0,7,2,11,mousse_box_braids,29.0,25.0,3.25,5.625
2024-11-13,hairspray,box_braids,11.13,37,14,0,0,0,12,2,11,hairspray_box_braids,15.0,14.333333333333334,1.0769230769230769,2.8461538461538463
2024-11-14,premium_braiding_hair,knotless,17.42,56,56,1,0,0,9,3,11,premium_braiding_hair_knotless,40.0,46.666666666666664,5.6,5.6
2024-11-14,standard_braiding_hair,box_braids,13.38,48,38,1,0,0,6,3,11,standard_braiding_hair_box_braids,17.0,26.666666666666668,5.428571428571429,6.857142857142857
2024-11-14,beads,box_braids,4.41,68,11,0,0,0,3,3,11,beads_box_braids,22.0,18.666666666666668,2.75,17.0
2024-11-14,edge_control,twists,8.15,51,22,0,0,0,9,3,11,edge_control_twists,17.0,20.333333333333332,2.2,5.1
2024-11-14,hair_gel,twists,4.64,19,19,0,0,0,12,3,11,hair_gel_twists,15.0,15.666666666666666,1.4615384615384615,1.4615384615384615
2024-11-14,mousse,box_braids,9.53,21,21,0,0,0,17,3,11,mousse_box_braids,26.0,25.333333333333332,1.1666666666666667,1.1666666666666667
2024-11-14,hairspray,twists,7.4,69,15,0,0,0,9,3,11,hairspray_twists,14.0,14.666666666666666,1.5,6.9
2024-11-15,premium_braiding_hair,twists,19.01,64,34,0,0,0,11,4,11,premium_braiding_hair_twists,56.0,43.333333333333336,2.8333333333333335,5.333333333333333
2024-11-15,standard_braiding_hair,box_braids,13.69,32,32,0,0,0,13,4,11,standard_braiding_hair_box_braids,38.0,29.0,2.2857142857142856,2.2857142857142856
2024-11-15,beads,twists,4.06,31,26,0,0,0,10,4,11,beads_twists,11.0,19.666666666666668,2.3636363636363638,2.8181818181818183
2024-11-15,edge_control,knotless,6.23,64,19,0,0,0,11,4,11,edge_control_knotless,22.0,19.333333333333332,1.5833333333333333,5.333333333333333
2024-11-15,hair_gel,knotless,6.05,79,16,0,0,0,8,4,11,hair_gel_knotless,19.0,16.666666666666668,1.7777777777777777,8.777777777777779
2024-11-15,mousse,box_braids,10.27,62,27,0,0,0,10,4,11,mousse_box_braids,21.0,24.666666666666668,2.4545454545454546,5.636363636363637
2024-11-15,hairspray,cornrows,7.43,28,14,0,0,0,7,4,11,hairspray_cornrows,15.0,14.333333333333334,1.75,3.5
2024-11-16,premium_braiding_hair,box_braids,17.85,68,62,0,1,0,11,5,11,premium_braiding_hair_box_braids,34.0,50.666666666666664,5.166666666666667,5.666666666666667
2024-11-16,standard_braiding_hair,cornrows,14.83,49,44,1,1,0,10,5,11,standard_braiding_hair_cornrows,32.0,38.0,4.0,4.454545454545454
2024-11-16,beads,box_braids,3.72,29,29,1,1,0,6,5,11,beads_box_braids,26.0,22.0,4.142857142857143,4.142857142857143
2024-11-16,edge_control,box_braids,6.17,52,18,0,1,0,12,5,11,edge_control_box_braids,19.0,19.666666666666668,1.3846153846153846,4.0
2024-11-16,hair_gel,knotless,8.27,55,25,0,1,0,11,5,11,hair_gel_knotless,16.0,20.0,2.0833333333333335,4.583333333333333
2024-11-16,mousse,cornrows,9.46,70,25,0,1,0,10,5,11,mousse_cornrows,27.0,24.333333333333332,2.272727272727273,6.363636363636363
2024-11-16,hairspray,cornrows,9.02,29,14,0,1,0,10,5,11,hairspray_cornrows,14.0,14.333333333333334,1.2727272727272727,2.6363636363636362
2024-11-17,premium_braiding_hair,cornrows,19.57,31,31,0,1,0,10,6,11,premium_braiding_hair_cornrows,62.0,42.333333333333336,2.8181818181818183,2.8181818181818183
2024-11-17,standard_braiding_hair,knotless,14.11,24,24,0,1,0,3,6,11,standard_braiding_hair_knotless,44.0,33.333333333333336,6.0,6.0
2024-11-17,beads,twists,5.77,67,32,1,1,0,8,6,11,beads_twists,29.0,29.0,3.5555555555555554,7.444444444444445
2024-11-17,edge_control,twists,5.09,24,21,0,1,0,10,6,11,edge_control_twists,18.0,19.333333333333332,1.9090909090909092,2.1818181818181817
2024-11-17,hair_gel,cornrows,5.68,57,12,0,1,0,15,6,11,hair_gel_cornrows,25.0,17.666666666666668,0.75,3.5625
2024-11-17,mousse,cornrows,7.78,59,33,0,1,0,13,6,11,mousse_cornrows,25.0,28.333333333333332,2.357142857142857,4.214285714285714
2024-11-17,hairspray,box_braids,7.23,65,17,0,1,0,17,6,11,hairspray_box_braids,14.0,15.0,0.9444444444444444,3.611111111111111
2024-11-18,premium_braiding_hair,box_braids,17.92,34,34,0,0,0,6,0,11,premium_braiding_hair_box_braids,31.0,42.333333333333336,4.857142857142857,4.857142857142857
2024-11-18,standard_braiding_hair,box_braids,15.34,48,33,0,0,0,5,0,11,standard_braiding_hair_box_braids,24.0,33.666666666666664,5.5,8.0
2024-11-18,beads,knotless,4.06,35,29,0,0,0,13,0,11,beads_knotless,32.0,30.0,2.0714285714285716,2.5
2024-11-18,edge_control,knotless,8.47,50,20,0,0,0,11,0,11,edge_control_knotless,21.0,19.666666666666668,1.6666666666666667,4.166666666666667
2024-11-18,hair_gel,knotless,7.53,20,14,1,0,0,5,0,11,hair_gel_knotless,12.0,17.0,2.3333333333333335,3.3333333333333335
2024-11-18,mousse,cornrows,9.53,24,15,0,0,0,8,0,11,mousse_cornrows,33.0,24.333333333333332,1.6666666666666667,2.6666666666666665
2024-11-18,hairspray,box_braids,8.91,54,16,0,0,0,12,0,11,hairspray_box_braids,17.0,15.666666666666666,1.2307692307692308,4.153846153846154
2024-11-19,premium_braiding_hair,knotless,17.2,25,25,0,0,0,8,1,11,premium_braiding_hair_knotless,34.0,30.0,2.7777777777777777,2.7777777777777777
2024-11-19,standard_braiding_hair,knotless,15.0,21,21,0,0,0,11,1,11,standard_braiding_hair_knotless,33.0,26.0,1.75,1.75
2024-11-19,beads,knotless,5.9,28,26,1,0,0,4,1,11,beads_knotless,29.0,29.0,5.2,5.6
2024-11-19,edge_control,cornrows,8.09,53,27,0,0,0,14,1,11,edge_control_cornrows,20.0,22.666666666666668,1.8,3.533333333333333
2024-11-19,hair_gel,knotless,6.56,27,9,0,0,0,13,1,11,hair_gel_knotless,14.0,11.666666666666666,0.6428571428571429,1.9285714285714286
2024-11-19,mousse,cornrows,9.71,61,24,0,0,0,12,1,11,mousse_cornrows,15.0,24.0,1.8461538461538463,4.6923076923076925
2024-11-19,hairspray,knotless,8.73,67,21,0,0,0,12,1,11,hairspray_knotless,16.0,18.0,1.6153846153846154,5.153846153846154
2024-11-20,premium_braiding_hair,cornrows,20.14,16,16,0,0,0,6,2,11,premium_braiding_hair_cornrows,25.0,25.0,2.2857142857142856,2.2857142857142856
2024-11-20,standard_braiding_hair,twists,15.3,45,43,1,0,0,8,2,11,standard_braiding_hair_twists,21.0,32.333333333333336,4.777777777777778,5.0
2024-11-20,beads,twists,5.42,25,25,0,0,0,10,2,11,beads_twists,26.0,26.666666666666668,2.272727272727273,2.272727272727273
2024-11-20,edge_control,twists,6.8,50,22,1,0,0,10,2,11,edge_control_twists,27.0,23.0,2.0,4.545454545454546
2024-11-20,hair_gel,cornrows,6.22,15,8,0,0,0,4,2,11,hair_gel_cornrows,9.0,10.333333333333334,1.6,3.0
2024-11-20,mousse,knotless,10.18,24,24,0,0,0,10,2,11,mousse_knotless,24.0,21.0,2.1818181818181817,2.1818181818181817
2024-11-20,hairspray,twists,7.87,30,21,1,0,0,8,2,11,hairspray_twists,21.0,19.333333333333332,2.3333333333333335,3.3333333333333335
2024-11-21,premium_braiding_hair,knotless,16.44,72,46,0,0,0,6,3,11,premium_braiding_hair_knotless,16.0,29.0,6.571428571428571,10.285714285714286
2024-11-21,standard_braiding_hair,cornrows,15.78,46,31,0,0,0,12,3,11,standard_braiding_hair_cornrows,43.0,31.666666666666668,2.3846153846153846,3.5384615384615383
2024-11-21,beads,box_braids,5.69,52,32,1,0,0,12,3,11,beads_box_braids,25.0,27.666666666666668,2.4615384615384617,4.0
2024-11-21,edge_control,knotless,7.13,73,18,1,0,0,7,3,11,edge_control_knotless,22.0,22.333333333333332,2.25,9.125
2024-11-21,hair_gel,cornrows,4.3,21,21,0,0,0,12,3,11,hair_gel_cornrows,8.0,12.666666666666666,1.6153846153846154,1.6153846153846154
2024-11-21,mousse,cornrows,9.23,54,22,0,0,0,9,3,11,mousse_cornrows,24.0,23.333333333333332,2.2,5.4
2024-11-21,hairspray,box_braids,7.08,66,13,0,0,0,7,3,11,hairspray_box_braids,21.0,18.333333333333332,1.625,8.25
2024-11-22,premium_braiding_hair,twists,17.52,76,29,0,0,0,12,4,11,premium_braiding_hair_twists,46.0,30.333333333333332,2.230769230769231,5.846153846153846
2024-11-22,standard_braiding_hair,knotless,14.46,77,28,0,0,0,10,4,11,standard_braiding_hair_knotless,31.0,34.0,2.5454545454545454,7.0
2024-11-22,beads,twists,4.17,65,22,0,0,0,8,4,11,beads_twists,32.0,26.333333333333332,2.4444444444444446,7.222222222222222
2024-11-22,edge_control,box_braids,7.44,60,29,1,0,0,10,4,11,edge_control_box_braids,18.0,23.0,2.6363636363636362,5.454545454545454
2024-11-22,hair_gel,knotless,4.65,65,16,0,0,0,13,4,11,hair_gel_knotless,21.0,15.0,1.1428571428571428,4.642857142857143
2024-11-22,mousse,twists,8.11,45,34,1,0,0,9,4,11,mousse_twists,22.0,26.666666666666668,3.4,4.5
2024-11-22,hairspray,cornrows,8.67,27,15,0,0,0,6,4,11,hairspray_cornrows,13.0,16.333333333333332,2.142857142857143,3.857142857142857
2024-11-23,premium_braiding_hair,knotless,17.78,70,61,0,1,0,8,5,11,premium_braiding_hair_knotless,29.0,45.333333333333336,6.777777777777778,7.777777777777778
2024-11-23,standard_braiding_hair,cornrows,15.48,79,32,0,1,0,9,5,11,standard_braiding_hair_cornrows,28.0,30.333333333333332,3.2,7.9
2024-11-23,beads,cornrows,3.5,34,33,0,1,0,9,5,11,beads_cornrows,22.0,29.0,3.3,3.4
2024-11-23,edge_control,knotless,5.72,30,23,1,1,0,8,5,11,edge_control_knotless,29.0,23.333333333333332,2.5555555555555554,3.3333333333333335
2024-11-23,hair_gel,cornrows,6.14,74,22,1,1,0,6,5,11,hair_gel_cornrows,16.0,19.666666666666668,3.142857142857143,10.571428571428571
2024-11-23,mousse,knotless,8.72,16,16,0,1,0,15,5,11,mousse_knotless,34.0,24.0,1.0,1.0
2024-11-23,hairspray,twists,8.31,51,13,0,1,0,10,5,11,hairspray_twists,15.0,13.666666666666666,1.1818181818181819,4.636363636363637
2024-11-24,premium_braiding_hair,twists,16.46,33,33,0,1,0,8,6,11,premium_braiding_hair_twists,61.0,41.0,3.6666666666666665,3.6666666666666665
2024-11-24,standard_braiding_hair,box_braids,14.29,30,30,1,1,0,12,6,11,standard_braiding_hair_box_braids,32.0,30.0,2.3076923076923075,2.3076923076923075
2024-11-24,beads,twists,5.97,17,17,0,1,0,11,6,11,beads_twists,33.0,24.0,1.4166666666666667,1.4166666666666667
2024-11-24,edge_control,box_braids,6.81,25,25,1,1,0,6,6,11,edge_control_box_braids,23.0,25.666666666666668,3.5714285714285716,3.5714285714285716
2024-11-24,hair_gel,cornrows,5.92,54,19,0,1,0,9,6,11,hair_gel_cornrows,22.0,19.0,1.9,5.4
2024-11-24,mousse,knotless,7.52,67,28,0,1,0,11,6,11,mousse_knotless,16.0,26.0,2.3333333333333335,5.583333333333333
2024-11-24,hairspray,box_braids,9.33,25,7,0,1,0,6,6,11,hairspray_box_braids,13.0,11.666666666666666,1.0,3.5714285714285716
2024-11-25,premium_braiding_hair,cornrows,18.64,79,32,0,0,0,3,0,11,premium_braiding_hair_cornrows,33.0,42.0,8.0,19.75
2024-11-25,standard_braiding_hair,knotless,15.96,59,23,0,0,0,11,0,11,standard_braiding_hair_knotless,30.0,28.333333333333332,1.9166666666666667,4.916666666666667
2024-11-25,beads,knotless,5.93,60,16,0,0,0,4,0,11,beads_knotless,17.0,22.0,3.2,12.0
2024-11-25,edge_control,cornrows,7.07,15,15,0,0,0,15,0,11,edge_control_cornrows,25.0,21.0,0.9375,0.9375
2024-11-25,hair_gel,twists,3.41,62,15,0,0,0,10,0,11,hair_gel_twists,19.0,18.666666666666668,1.3636363636363635,5.636363636363637
2024-11-25,mousse,cornrows,8.81,72,20,0,0,0,9,0,11,mousse_cornrows,28.0,21.333333333333332,2.0,7.2
2024-11-25,hairspray,knotless,8.87,20,13,0,0,0,13,0,11,hairspray_knotless,7.0,11.0,0.9285714285714286,1.4285714285714286
2024-11-26,premium_braiding_hair,box_braids,17.78,36,36,0,0,0,13,1,11,premium_braiding_hair_box_braids,32.0,33.666666666666664,2.5714285714285716,2.5714285714285716
2024-11-26,standard_braiding_hair,box_braids,13.48,76,32,0,0,0,9,1,11,standard_braiding_hair_box_braids,23.0,28.333333333333332,3.2,7.6
2024-11-26,beads,knotless,4.9,31,18,1,0,0,3,1,11,beads_knotless,16.0,17.0,4.5,7.75
2024-11-26,edge_control,box_braids,6.58,25,17,0,0,0,8,1,11,edge_control_box_braids,15.0,19.0,1.8888888888888888,2.7777777777777777
2024-11-26,hair_gel,cornrows,5.52,79,17,0,0,0,6,1,11,hair_gel_cornrows,15.0,17.0,2.4285714285714284,11.285714285714286
2024-11-26,mousse,twists,7.3,62,19,0,0,0,8,1,11,mousse_twists,20.0,22.333333333333332,2.111111111111111,6.888888888888889
2024-11-26,hairspray,cornrows,8.34,26,23,0,0,0,10,1,11,hairspray_cornrows,13.0,14.333333333333334,2.090909090909091,2.3636363636363638
2024-11-27,premium_braiding_hair,box_braids,18.65,49,48,0,0,0,15,2,11,premium_braiding_hair_box_braids,36.0,38.666666666666664,3.0,3.0625
2024-11-27,standard_braiding_hair,twists,12.92,16,16,0,0,0,7,2,11,standard_braiding_hair_twists,32.0,23.666666666666668,2.0,2.0
2024-11-27,beads,box_braids,6.09,52,17,0,0,0,10,2,11,beads_box_braids,18.0,17.0,1.5454545454545454,4.7272727272727275
2024-11-27,edge_control,twists,6.37,27,26,0,0,0,12,2,11,edge_control_twists,17.0,19.333333333333332,2.0,2.076923076923077
2024-11-27,hair_gel,cornrows,4.59,24,11,0,0,0,5,2,11,hair_gel_cornrows,17.0,14.333333333333334,1.8333333333333333,4.0
2024-11-27,mousse,knotless,7.52,44,26,0,0,0,12,2,11,mousse_knotless,19.0,21.666666666666668,2.0,3.3846153846153846
2024-11-27,hairspray,cornrows,7.72,51,16,0,0,0,10,2,11,hairspray_cornrows,23.0,17.333333333333332,1.4545454545454546,4.636363636363637
2024-11-28,premium_braiding_hair,knotless,18.43,58,58,0,0,1,13,3,11,premium_braiding_hair_knotless,48.0,47.333333333333336,4.142857142857143,4.142857142857143
2024-11-28,standard_braiding_hair,twists,14.73,47,34,0,0,1,11,3,11,standard_braiding_hair_twists,16.0,27.333333333333332,2.8333333333333335,3.9166666666666665
2024-11-28,beads,twists,5.08,79,29,0,0,1,10,3,11,beads_twists,17.0,21.333333333333332,2.6363636363636362,7.181818181818182
2024-11-28,edge_control,twists,8.08,15,15,0,0,1,8,3,11,edge_control_twists,26.0,19.333333333333332,1.6666666666666667,1.6666666666666667
2024-11-28,hair_gel,cornrows,6.13,57,22,0,0,1,10,3,11,hair_gel_cornrows,11.0,16.666666666666668,2.0,5.181818181818182
2024-11-28,mousse,twists,9.46,77,28,0,0,1,9,3,11,mousse_twists,26.0,24.333333333333332,2.8,7.7
2024-11-28,hairspray,cornrows,8.56,21,16,0,0,1,5,3,11,hairspray_cornrows,16.0,18.333333333333332,2.6666666666666665,3.5
2024-11-29,premium_braiding_hair,knotless,19.17,79,37,0,0,0,6,4,11,premium_braiding_hair_knotless,58.0,47.666666666666664,5.285714285714286,11.285714285714286
2024-11-29,standard_braiding_hair,box_braids,14.87,58,27,0,0,0,5,4,11,standard_braiding_hair_box_braids,34.0,25.666666666666668,4.5,9.666666666666666
2024-11-29,beads,box_braids,5.59,60,36,1,0,0,8,4,11,beads_box_braids,29.0,27.333333333333332,4.0,6.666666666666667
2024-11-29,edge_control,box_braids,5.78,62,12,0,0,0,8,4,11,edge_control_box_braids,15.0,17.666666666666668,1.3333333333333333,6.888888888888889
2024-11-29,hair_gel,box_braids,7.11,37,16,1,0,0,5,4,11,hair_gel_box_braids,22.0,16.333333333333332,2.6666666666666665,6.166666666666667
2024-11-29,mousse,knotless,7.86,43,37,0,0,0,17,4,11,mousse_knotless,28.0,30.333333333333332,2.0555555555555554,2.388888888888889
2024-11-29,hairspray,cornrows,8.9,63,12,0,0,0,10,4,11,hairspray_cornrows,16.0,14.666666666666666,1.0909090909090908,5.7272727272727275
2024-11-30,premium_braiding_hair,box_braids,18.31,58,58,0,1,0,13,5,11,premium_braiding_hair_box_braids,37.0,51.0,4.142857142857143,4.142857142857143
2024-11-30,standard_braiding_hair,box_braids,16.81,29,29,0,1,0,13,5,11,standard_braiding_hair_box_braids,27.0,30.0,2.0714285714285716,2.0714285714285716
2024-11-30,beads,twists,5.92,37,33,0,1,0,10,5,11,beads_twists,36.0,32.666666666666664,3.0,3.3636363636363638
2024-11-30,edge_control,knotless,6.84,53,20,0,1,0,6,5,11,edge_control_knotless,12.0,15.666666666666666,2.857142857142857,7.571428571428571
2024-11-30,hair_gel,cornrows,7.51,66,22,0,1,0,11,5,11,hair_gel_cornrows,16.0,20.0,1.8333333333333333,5.5
2024-11-30,mousse,knotless,10.01,31,31,1,1,0,3,5,11,mousse_knotless,37.0,32.0,7.75,7.75
2024-11-30,hairspray,cornrows,8.58,49,17,0,1,0,10,5,11,hairspray_cornrows,12.0,15.0,1.5454545454545454,4.454545454545454
2024-12-01,premium_braiding_hair,box_braids,17.31,77,47,0,1,0,9,6,12,premium_braiding_hair_box_braids,58.0,47.333333333333336,4.7,7.7
2024-12-01,standard_braiding_hair,twists,14.93,57,51,1,1,0,6,6,12,standard_braiding_hair_twists,29.0,35.666666666666664,7.285714285714286,8.142857142857142
2024-12-01,beads,knotless,4.25,24,24,0,1,0,10,6,12,beads_knotless,33.0,31.0,2.1818181818181817,2.1818181818181817
2024-12-01,edge_control,cornrows,6.72,28,28,1,1,0,11,6,12,edge_control_cornrows,20.0,20.0,2.3333333333333335,2.3333333333333335
2024-12-01,hair_gel,knotless,6.28,74,10,0,1,0,11,6,12,hair_gel_knotless,22.0,16.0,0.8333333333333334,6.166666666666667
2024-12-01,mousse,twists,10.95,40,21,0,1,0,6,6,12,mousse_twists,31.0,29.666666666666668,3.0,5.714285714285714
2024-12-01,hairspray,twists,8.75,67,15,0,1,0,10,6,12,hairspray_twists,17.0,14.666666666666666,1.3636363636363635,6.090909090909091
2024-12-02,premium_braiding_hair,cornrows,19.48,44,25,0,0,0,8,0,12,premium_braiding_hair_cornrows,47.0,43.333333333333336,2.7777777777777777,4.888888888888889
2024-12-02,standard_braiding_hair,cornrows,15.76,66,27,0,0,0,8,0,12,standard_braiding_hair_cornrows,51.0,35.666666666666664,3.0,7.333333333333333
2024-12-02,beads,cornrows,5.03,30,30,1,0,0,14,0,12,beads_cornrows,24.0,29.0,2.0,2.0
2024-12-02,edge_control,cornrows,8.05,55,26,0,0,0,10,0,12,edge_control_cornrows,28.0,24.666666666666668,2.3636363636363638,5.0
2024-12-02,hair_gel,twists,5.65,55,18,0,0,0,13,0,12,hair_gel_twists,10.0,16.666666666666668,1.2857142857142858,3.9285714285714284
2024-12-02,mousse,twists,8.27,32,25,0,0,0,11,0,12,mousse_twists,21.0,25.666666666666668,2.0833333333333335,2.6666666666666665
2024-12-02,hairspray,cornrows,6.35,33,12,0,0,0,10,0,12,hairspray_cornrows,15.0,14.666666666666666,1.0909090909090908,3.0
2024-12-03,premium_braiding_hair,twists,19.36,34,34,0,0,0,10,1,12,premium_braiding_hair_twists,25.0,35.333333333333336,3.090909090909091,3.090909090909091
2024-12-03,standard_braiding_hair,twists,15.35,39,33,0,0,0,10,1,12,standard_braiding_hair_twists,27.0,37.0,3.0,3.5454545454545454
2024-12-03,beads,box_braids,4.99,46,21,1,0,0,5,1,12,beads_box_braids,30.0,25.0,3.5,7.666666666666667
2024-12-03,edge_control,twists,7.07,44,24,0,0,0,8,1,12,edge_control_twists,26.0,26.0,2.6666666666666665,4.888888888888889
2024-12-03,hair_gel,knotless,6.74,74,12,0,0,0,7,1,12,hair_gel_knotless,18.0,13.333333333333334,1.5,9.25
2024-12-03,mousse,box_braids,8.79,78,19,0,0,0,6,1,12,mousse_box_braids,25.0,21.666666666666668,2.7142857142857144,11.142857142857142
2024-12-03,hairspray,twists,8.13,43,13,0,0,0,14,1,12,hairspray_twists,12.0,13.333333333333334,0.8666666666666667,2.8666666666666667
2024-12-04,premium_braiding_hair,cornrows,18.11,78,39,1,0,0,7,2,12,premium_braiding_hair_cornrows,34.0,32.666666666666664,4.875,9.75
2024-12-04,standard_braiding_hair,twists,18.07,35,30,0,0,0,3,2,12,standard_braiding_hair_twists,33.0,30.0,7.5,8.75
2024-12-04,beads,box_braids,7.89,43,25,0,0,0,9,2,12,beads_box_braids,21.0,25.333333333333332,2.5,4.3
2024-12-04,edge_control,knotless,7.25,35,24,1,0,0,10,2,12,edge_control_knotless,24.0,24.666666666666668,2.1818181818181817,3.1818181818181817
2024-12-04,hair_gel,box_braids,6.59,29,15,0,0,0,13,2,12,hair_gel_box_braids,12.0,15.0,1.0714285714285714,2.0714285714285716
2024-12-04,mousse,box_braids,6.87,50,18,0,0,0,11,2,12,mousse_box_braids,19.0,20.666666666666668,1.5,4.166666666666667
2024-12-04,hairspray,knotless,8.6,20,14,0,0,0,11,2,12,hairspray_knotless,13.0,13.0,1.1666666666666667,1.6666666666666667
2024-12-05,premium_braiding_hair,cornrows,18.77,26,26,1,0,0,10,3,12,premium_braiding_hair_cornrows,39.0,33.0,2.3636363636363638,2.3636363636363638
2024-12-05,standard_braiding_hair,twists,13.13,20,20,0,0,0,11,3,12,standard_braiding_hair_twists,30.0,27.666666666666668,1.6666666666666667,1.6666666666666667
2024-12-05,beads,cornrows,4.69,31,28,1,0,0,7,3,12,beads_cornrows,25.0,24.666666666666668,3.5,3.875
2024-12-05,edge_control,box_braids,6.61,27,24,1,0,0,7,3,12,edge_control_box_braids,24.0,24.0,3.0,3.375
2024-12-05,hair_gel,box_braids,4.75,77,14,0,0,0,12,3,12,hair_gel_box_braids,15.0,13.666666666666666,1.0769230769230769,5.923076923076923
2024-12-05,mousse,knotless,9.7,46,25,0,0,0,13,3,12,mousse_knotless,18.0,20.666666666666668,1.7857142857142858,3.2857142857142856
2024-12-05,hairspray,twists,8.66,57,16,1,0,0,9,3,12,hairspray_twists,14.0,14.333333333333334,1.6,5.7
2024-12-06,premium_braiding_hair,box_braids,16.91,49,46,0,0,0,14,4,12,premium_braiding_hair_box_braids,26.0,37.0,3.066666666666667,3.2666666666666666
2024-12-06,standard_braiding_hair,knotless,15.12,57,23,0,0,0,9,4,12,standard_braiding_hair_knotless,20.0,24.333333333333332,2.3,5.7
2024-12-06,beads,cornrows,4.85,71,17,0,0,0,7,4,12,beads_cornrows,28.0,23.333333333333332,2.125,8.875
2024-12-06,edge_control,twists,7.1,37,28,1,0,0,9,4,12,edge_control_twists,24.0,25.333333333333332,2.8,3.7
2024-12-06,hair_gel,box_braids,4.09,79,19,1,0,0,6,4,12,hair_gel_box_braids,14.0,16.0,2.7142857142857144,11.285714285714286
2024-12-06,mousse,knotless,8.79,23,17,0,0,0,11,4,12,mousse_knotless,25.0,20.0,1.4166666666666667,1.9166666666666667
2024-12-06,hairspray,box_braids,9.08,22,21,1,0,0,10,4,12,hairspray_box_braids,16.0,17.0,1.9090909090909092,2.0
2024-12-07,premium_braiding_hair,knotless,19.64,15,15,0,1,0,6,5,12,premium_braiding_hair_knotless,46.0,29.0,2.142857142857143,2.142857142857143
2024-12-07,standard_braiding_hair,cornrows,16.09,35,34,1,1,0,9,5,12,standard_braiding_hair_cornrows,23.0,25.666666666666668,3.4,3.5
2024-12-07,beads,knotless,4.69,32,25,0,1,0,9,5,12,beads_knotless,17.0,23.333333333333332,2.5,3.2
2024-12-07,edge_control,twists,7.55,42,24,1,1,0,6,5,12,edge_control_twists,28.0,25.333333333333332,3.4285714285714284,6.0
2024-12-07,hair_gel,twists,5.08,48,12,0,1,0,6,5,12,hair_gel_twists,19.0,15.0,1.7142857142857142,6.857142857142857
2024-12-07,mousse,twists,7.95,32,32,1,1,0,10,5,12,mousse_twists,17.0,24.666666666666668,2.909090909090909,2.909090909090909
2024-12-07,hairspray,cornrows,7.33,49,11,0,1,0,10,5,12,hairspray_cornrows,21.0,16.0,1.0,4.454545454545454
2024-12-08,premium_braiding_hair,knotless,18.13,29,29,0,1,0,3,6,12,premium_braiding_hair_knotless,15.0,30.0,7.25,7.25
2024-12-08,standard_braiding_hair,knotless,15.18,17,17,0,1,0,10,6,12,standard_braiding_hair_knotless,34.0,24.666666666666668,1.5454545454545454,1.5454545454545454
2024-12-08,beads,box_braids,4.25,20,20,0,1,0,9,6,12,beads_box_braids,25.0,20.666666666666668,2.0,2.0
2024-12-08,edge_control,box_braids,7.98,23,23,1,1,0,9,6,12,edge_control_box_braids,24.0,25.0,2.3,2.3
2024-12-08,hair_gel,knotless,4.77,72,11,0,1,0,8,6,12,hair_gel_knotless,12.0,14.0,1.2222222222222223,8.0
2024-12-08,mousse,box_braids,9.87,22,22,0,1,0,11,6,12,mousse_box_braids,32.0,23.666666666666668,1.8333333333333333,1.8333333333333333
2024-12-08,hairspray,knotless,8.57,28,17,0,1,0,8,6,12,hairspray_knotless,11.0,16.333333333333332,1.8888888888888888,3.111111111111111
2024-12-09,premium_braiding_hair,twists,18.73,26,26,0,0,0,12,0,12,premium_braiding_hair_twists,29.0,23.333333333333332,2.0,2.0
2024-12-09,standard_braiding_hair,knotless,15.02,55,24,0,0,0,9,0,12,standard_braiding_hair_knotless,17.0,25.0,2.4,5.5
2024-12-09,beads,cornrows,3.06,67,13,0,0,0,5,0,12,beads_cornrows,20.0,19.333333333333332,2.1666666666666665,11.166666666666666
2024-12-09,edge_control,knotless,6.17,59,19,0,0,0,6,0,12,edge_control_knotless,23.0,22.0,2.7142857142857144,8.428571428571429
2024-12-09,hair_gel,box_braids,6.97,50,13,0,0,0,8,0,12,hair_gel_box_braids,11.0,12.0,1.4444444444444444,5.555555555555555
2024-12-09,mousse,twists,7.8,72,31,1,0,0,7,0,12,mousse_twists,22.0,28.333333333333332,3.875,9.0
2024-12-09,hairspray,cornrows,8.22,33,6,0,0,0,7,0,12,hairspray_cornrows,17.0,11.333333333333334,0.75,4.125
2024-12-10,premium_braiding_hair,cornrows,18.45,53,32,0,0,0,9,1,12,premium_braiding_hair_cornrows,26.0,29.0,3.2,5.3
2024-12-10,standard_braiding_hair,box_braids,14.19,71,28,0,0,0,8,1,12,standard_braiding_hair_box_braids,24.0,23.0,3.111111111111111,7.888888888888889
2024-12-10,beads,box_braids,3.59,78,26,0,0,0,10,1,12,beads_box_braids,13.0,19.666666666666668,2.3636363636363638,7.090909090909091
2024-12-10,edge_control,twists,7.72,25,18,0,0,0,8,1,12,edge_control_twists,19.0,20.0,2.0,2.7777777777777777
2024-12-10,hair_gel,twists,7.13,28,16,0,0,0,12,1,12,hair_gel_twists,13.0,13.333333333333334,1.2307692307692308,2.1538461538461537
2024-12-10,mousse,cornrows,8.49,58,24,0,0,0,10,1,12,mousse_cornrows,31.0,25.666666666666668,2.1818181818181817,5.2727272727272725
2024-12-10,hairspray,knotless,9.03,26,16,0,0,0,11,1,12,hairspray_knotless,6.0,13.0,1.3333333333333333,2.1666666666666665
2024-12-11,premium_braiding_hair,cornrows,19.24,34,34,0,0,0,8,2,12,premium_braiding_hair_cornrows,32.0,30.666666666666668,3.7777777777777777,3.7777777777777777
2024-12-11,standard_braiding_hair,cornrows,15.51,47,38,1,0,0,9,2,12,standard_braiding_hair_cornrows,28.0,30.0,3.8,4.7
2024-12-11,beads,knotless,4.6,52,23,1,0,0,8,2,12,beads_knotless,26.0,20.666666666666668,2.5555555555555554,5.777777777777778
2024-12-11,edge_control,box_braids,7.5,29,15,0,0,0,11,2,12,edge_control_box_braids,18.0,17.333333333333332,1.25,2.4166666666666665
2024-12-11,hair_gel,cornrows,5.99,19,19,0,0,0,8,2,12,hair_gel_cornrows,16.0,16.0,2.111111111111111,2.111111111111111
2024-12-11,mousse,knotless,7.65,28,26,0,0,0,9,2,12,mousse_knotless,24.0,27.0,2.6,2.8
2024-12-11,hairspray,cornrows,7.88,25,16,0,0,0,11,2,12,hairspray_cornrows,16.0,12.666666666666666,1.3333333333333333,2.0833333333333335
2024-12-12,premium_braiding_hair,knotless,16.71,64,46,0,0,0,12,3,12,premium_braiding_hair_knotless,34.0,37.333333333333336,3.5384615384615383,4.923076923076923
2024-12-12,standard_braiding_hair,knotless,16.41,57,25,0,0,0,14,3,12,standard_braiding_hair_knotless,38.0,30.333333333333332,1.6666666666666667,3.8
2024-12-12,beads,cornrows,5.33,35,20,0,0,0,7,3,12,beads_cornrows,23.0,23.0,2.5,4.375
2024-12-12,edge_control,box_braids,8.62,79,14,0,0,0,11,3,12,edge_control_box_braids,15.0,15.666666666666666,1.1666666666666667,6.583333333333333
2024-12-12,hair_gel,cornrows,6.57,66,19,0,0,0,8,3,12,hair_gel_cornrows,19.0,18.0,2.111111111111111,7.333333333333333
2024-12-12,mousse,cornrows,7.56,55,27,1,0,0,6,3,12,mousse_cornrows,26.0,25.666666666666668,3.857142857142857,7.857142857142857
2024-12-12,hairspray,box_braids,8.52,16,12,0,0,0,3,3,12,hairspray_box_braids,16.0,14.666666666666666,3.0,4.0
2024-12-13,premium_braiding_hair,cornrows,17.21,39,30,0,0,0,3,4,12,premium_braiding_hair_cornrows,46.0,36.666666666666664,7.5,9.75
2024-12-13,standard_braiding_hair,twists,12.98,32,32,0,0,0,12,4,12,standard_braiding_hair_twists,25.0,31.666666666666668,2.4615384615384617,2.4615384615384617
2024-12-13,beads,knotless,5.73,76,30,0,0,0,11,4,12,beads_knotless,20.0,24.333333333333332,2.5,6.333333333333333
2024-12-13,edge_control,knotless,6.84,54,10,0,0,0,9,4,12,edge_control_knotless,14.0,13.0,1.0,5.4
2024-12-13,hair_gel,twists,6.52,56,18,0,0,0,9,4,12,hair_gel_twists,19.0,18.666666666666668,1.8,5.6
2024-12-13,mousse,cornrows,9.4,27,27,0,0,0,7,4,12,mousse_cornrows,27.0,26.666666666666668,3.375,3.375
2024-12-13,hairspray,knotless,8.16,71,19,1,0,0,7,4,12,hairspray_knotless,12.0,15.666666666666666,2.375,8.875
2024-12-14,premium_braiding_hair,knotless,17.85,15,15,0,1,0,4,5,12,premium_braiding_hair_knotless,30.0,30.333333333333332,3.0,3.0
2024-12-14,standard_braiding_hair,knotless,13.83,62,46,1,1,0,13,5,12,standard_braiding_hair_knotless,32.0,34.333333333333336,3.2857142857142856,4.428571428571429
2024-12-14,beads,knotless,5.75,24,24,0,1,0,8,5,12,beads_knotless,30.0,24.666666666666668,2.6666666666666665,2.6666666666666665
2024-12-14,edge_control,twists,7.72,23,18,0,1,0,9,5,12,edge_control_twists,10.0,14.0,1.8,2.3
2024-12-14,hair_gel,cornrows,6.9,43,19,0,1,0,14,5,12,hair_gel_cornrows,18.0,18.666666666666668,1.2666666666666666,2.8666666666666667
2024-12-14,mousse,cornrows,7.6,59,21,0,1,0,8,5,12,mousse_cornrows,27.0,25.0,2.3333333333333335,6.555555555555555
2024-12-14,hairspray,cornrows,8.84,60,23,0,1,0,12,5,12,hairspray_cornrows,19.0,18.0,1.7692307692307692,4.615384615384615
2024-12-15,premium_braiding_hair,knotless,18.48,21,21,0,1,0,7,6,12,premium_braiding_hair_knotless,15.0,22.0,2.625,2.625
2024-12-15,standard_braiding_hair,box_braids,14.69,17,17,0,1,0,10,6,12,standard_braiding_hair_box_braids,46.0,31.666666666666668,1.5454545454545454,1.5454545454545454
2024-12-15,beads,box_braids,4.4,64,28,0,1,0,6,6,12,beads_box_braids,24.0,27.333333333333332,4.0,9.142857142857142
2024-12-15,edge_control,knotless,7.8,58,22,0,1,0,11,6,12,edge_control_knotless,18.0,16.666666666666668,1.8333333333333333,4.833333333333333
2024-12-15,hair_gel,cornrows,4.71,42,16,1,1,0,5,6,12,hair_gel_cornrows,19.0,17.666666666666668,2.6666666666666665,7.0
2024-12-15,mousse,cornrows,8.95,62,24,0,1,0,9,6,12,mousse_cornrows,21.0,24.0,2.4,6.2
2024-12-15,hairspray,cornrows,7.13,46,7,0,1,0,9,6,12,hairspray_cornrows,23.0,16.333333333333332,0.7,4.6
2024-12-16,premium_braiding_hair,twists,18.23,56,29,0,0,0,5,0,12,premium_braiding_hair_twists,21.0,21.666666666666668,4.833333333333333,9.333333333333334
2024-12-16,standard_braiding_hair,twists,14.09,61,36,1,0,0,11,0,12,standard_braiding_hair_twists,17.0,33.0,3.0,5.083333333333333
2024-12-16,beads,box_braids,5.55,30,25,0,0,0,12,0,12,beads_box_braids,28.0,25.666666666666668,1.9230769230769231,2.3076923076923075
2024-12-16,edge_control,cornrows,6.88,73,25,0,0,0,13,0,12,edge_control_cornrows,22.0,21.666666666666668,1.7857142857142858,5.214285714285714
2024-12-16,hair_gel,box_braids,5.46,71,11,0,0,0,11,0,12,hair_gel_box_braids,16.0,15.333333333333334,0.9166666666666666,5.916666666666667
2024-12-16,mousse,knotless,10.98,23,22,0,0,0,6,0,12,mousse_knotless,24.0,22.333333333333332,3.142857142857143,3.2857142857142856
2024-12-16,hairspray,cornrows,7.39,22,13,0,0,0,3,0,12,hairspray_cornrows,7.0,14.333333333333334,3.25,5.5
2024-12-17,premium_braiding_hair,box_braids,19.42,60,39,0,0,0,7,1,12,premium_braiding_hair_box_braids,29.0,29.666666666666668,4.875,7.5
2024-12-17,standard_braiding_hair,knotless,16.43,63,39,1,0,0,12,1,12,standard_braiding_hair_knotless,36.0,30.666666666666668,3.0,4.846153846153846
2024-12-17,beads,knotless,5.22,23,23,0,0,0,10,1,12,beads_knotless,25.0,25.333333333333332,2.090909090909091,2.090909090909091
2024-12-17,edge_control,twists,9.3,61,15,0,0,0,7,1,12,edge_control_twists,25.0,20.666666666666668,1.875,7.625
2024-12-17,hair_gel,box_braids,6.15,31,15,1,0,0,7,1,12,hair_gel_box_braids,11.0,14.0,1.875,3.875
2024-12-17,mousse,twists,7.58,61,16,0,0,0,8,1,12,mousse_twists,22.0,20.666666666666668,1.7777777777777777,6.777777777777778
2024-12-17,hairspray,twists,6.7,36,19,1,0,0,9,1,12,hairspray_twists,13.0,13.0,1.9,3.6
2024-12-18,premium_braiding_hair,knotless,16.86,42,40,0,0,0,4,2,12,premium_braiding_hair_knotless,39.0,36.0,8.0,8.4
2024-12-18,standard_braiding_hair,box_braids,16.39,27,27,0,0,0,14,2,12,standard_braiding_hair_box_braids,39.0,34.0,1.8,1.8
2024-12-18,beads,box_braids,3.49,43,29,1,0,0,13,2,12,beads_box_braids,23.0,25.666666666666668,2.0714285714285716,3.0714285714285716
2024-12-18,edge_control,box_braids,7.71,24,18,0,0,0,10,2,12,edge_control_box_braids,15.0,19.333333333333332,1.6363636363636365,2.1818181818181817
2024-12-18,hair_gel,twists,7.96,51,21,0,0,0,12,2,12,hair_gel_twists,15.0,15.666666666666666,1.6153846153846154,3.923076923076923
2024-12-18,mousse,twists,8.53,32,29,0,0,0,7,2,12,mousse_twists,16.0,22.333333333333332,3.625,4.0
2024-12-18,hairspray,knotless,8.0,68,18,0,0,0,9,2,12,hairspray_knotless,19.0,16.666666666666668,1.8,6.8
2024-12-19,premium_braiding_hair,knotless,19.6,55,53,0,0,0,11,3,12,premium_braiding_hair_knotless,40.0,44.0,4.416666666666667,4.583333333333333
2024-12-19,standard_braiding_hair,knotless,14.22,16,16,0,0,0,6,3,12,standard_braiding_hair_knotless,27.0,27.333333333333332,2.2857142857142856,2.2857142857142856
2024-12-19,beads,knotless,4.4,70,29,1,0,0,11,3,12,beads_knotless,29.0,27.0,2.4166666666666665,5.833333333333333
2024-12-19,edge_control,knotless,7.92,35,25,0,0,0,13,3,12,edge_control_knotless,18.0,19.333333333333332,1.7857142857142858,2.5
2024-12-19,hair_gel,knotless,6.75,49,16,0,0,0,13,3,12,hair_gel_knotless,21.0,17.333333333333332,1.1428571428571428,3.5
2024-12-19,mousse,cornrows,10.23,64,14,1,0,0,4,3,12,mousse_cornrows,29.0,19.666666666666668,2.8,12.8
2024-12-19,hairspray,twists,8.27,70,16,0,0,0,9,3,12,hairspray_twists,18.0,17.666666666666668,1.6,7.0
2024-12-20,premium_braiding_hair,box_braids,18.36,51,47,1,0,0,6,4,12,premium_braiding_hair_box_braids,53.0,46.666666666666664,6.714285714285714,7.285714285714286
2024-12-20,standard_braiding_hair,twists,16.62,18,18,0,0,0,9,4,12,standard_braiding_hair_twists,16.0,20.333333333333332,1.8,1.8
2024-12-20,beads,box_braids,6.66,53,16,0,0,0,8,4,12,beads_box_braids,29.0,24.666666666666668,1.7777777777777777,5.888888888888889
2024-12-20,edge_control,box_braids,7.77,19,17,0,0,0,13,4,12,edge_control_box_braids,25.0,20.0,1.2142857142857142,1.3571428571428572
2024-12-20,hair_gel,cornrows,7.5,70,10,0,0,0,5,4,12,hair_gel_cornrows,16.0,15.666666666666666,1.6666666666666667,11.666666666666666
2024-12-20,mousse,twists,7.99,73,22,0,0,0,7,4,12,mousse_twists,14.0,21.666666666666668,2.75,9.125
2024-12-20,hairspray,knotless,8.75,23,22,0,0,0,14,4,12,hairspray_knotless,16.0,18.666666666666668,1.4666666666666666,1.5333333333333334
2024-12-21,premium_braiding_hair,knotless,18.31,46,46,1,1,0,4,5,12,premium_braiding_hair_knotless,47.0,48.666666666666664,9.2,9.2
2024-12-21,standard_braiding_hair,cornrows,14.16,48,41,1,1,0,9,5,12,standard_braiding_hair_cornrows,18.0,25.0,4.1,4.8
2024-12-21,beads,cornrows,5.26,68,23,0,1,0,10,5,12,beads_cornrows,16.0,22.666666666666668,2.090909090909091,6.181818181818182
2024-12-21,edge_control,cornrows,5.08,72,26,0,1,0,10,5,12,edge_control_cornrows,17.0,22.666666666666668,2.3636363636363638,6.545454545454546
2024-12-21,hair_gel,cornrows,5.94,66,20,0,1,0,5,5,12,hair_gel_cornrows,10.0,15.333333333333334,3.3333333333333335,11.0
2024-12-21,mousse,box_braids,8.31,31,31,0,1,0,11,5,12,mousse_box_braids,22.0,22.333333333333332,2.5833333333333335,2.5833333333333335
2024-12-21,hairspray,knotless,8.77,71,16,0,1,0,13,5,12,hairspray_knotless,22.0,18.0,1.1428571428571428,5.071428571428571
2024-12-22,premium_braiding_hair,knotless,18.76,50,50,0,1,0,15,6,12,premium_braiding_hair_knotless,46.0,47.666666666666664,3.125,3.125
2024-12-22,standard_braiding_hair,twists,14.39,59,50,0,1,0,12,6,12,standard_braiding_hair_twists,41.0,36.333333333333336,3.8461538461538463,4.538461538461538
2024-12-22,beads,knotless,6.51,29,22,0,1,0,6,6,12,beads_knotless,23.0,20.333333333333332,3.142857142857143,4.142857142857143
2024-12-22,edge_control,box_braids,6.62,63,19,1,1,0,9,6,12,edge_control_box_braids,26.0,20.666666666666668,1.9,6.3
2024-12-22,hair_gel,box_braids,4.78,33,17,0,1,0,15,6,12,hair_gel_box_braids,20.0,15.666666666666666,1.0625,2.0625
2024-12-22,mousse,cornrows,10.33,56,29,1,1,0,12,6,12,mousse_cornrows,31.0,27.333333333333332,2.230769230769231,4.3076923076923075
2024-12-22,hairspray,twists,9.35,28,25,1,1,0,13,6,12,hairspray_twists,16.0,21.0,1.7857142857142858,2.0
2024-12-23,premium_braiding_hair,box_braids,17.87,44,44,0,0,0,14,0,12,premium_braiding_hair_box_braids,50.0,46.666666666666664,2.933333333333333,2.933333333333333
2024-12-23,standard_braiding_hair,twists,15.02,36,28,0,0,0,7,0,12,standard_braiding_hair_twists,50.0,39.666666666666664,3.5,4.5
2024-12-23,beads,twists,3.56,42,22,0,0,0,12,0,12,beads_twists,22.0,22.333333333333332,1.6923076923076923,3.230769230769231
2024-12-23,edge_control,box_braids,5.23,22,10,0,0,0,7,0,12,edge_control_box_braids,19.0,18.333333333333332,1.25,2.75
2024-12-23,hair_gel,knotless,5.5,73,18,1,0,0,11,0,12,hair_gel_knotless,17.0,18.333333333333332,1.5,6.083333333333333
2024-12-23,mousse,knotless,9.56,36,20,0,0,0,9,0,12,mousse_knotless,29.0,26.666666666666668,2.0,3.6
2024-12-23,hairspray,cornrows,7.71,39,12,0,0,0,7,0,12,hairspray_cornrows,25.0,17.666666666666668,1.5,4.875
2024-12-24,premium_braiding_hair,knotless,19.48,26,26,0,0,0,8,1,12,premium_braiding_hair_knotless,44.0,40.0,2.888888888888889,2.888888888888889
2024-12-24,standard_braiding_hair,knotless,15.45,39,23,0,0,0,6,1,12,standard_braiding_hair_knotless,28.0,33.666666666666664,3.2857142857142856,5.571428571428571
2024-12-24,beads,knotless,5.53,50,26,0,0,0,12,1,12,beads_knotless,22.0,23.333333333333332,2.0,3.8461538461538463
2024-12-24,edge_control,cornrows,6.82,79,19,0,0,0,4,1,12,edge_control_cornrows,10.0,16.0,3.8,15.8
2024-12-24,hair_gel,box_braids,6.18,61,14,0,0,0,10,1,12,hair_gel_box_braids,18.0,16.333333333333332,1.2727272727272727,5.545454545454546
2024-12-24,mousse,box_braids,10.07,17,17,0,0,0,12,1,12,mousse_box_braids,20.0,22.0,1.3076923076923077,1.3076923076923077
2024-12-24,hairspray,knotless,7.24,45,26,0,0,0,17,1,12,hairspray_knotless,12.0,21.0,1.4444444444444444,2.5
2024-12-25,premium_braiding_hair,box_braids,18.63,54,54,0,0,1,7,2,12,premium_braiding_hair_box_braids,26.0,41.333333333333336,6.75,6.75
2024-12-25,standard_braiding_hair,twists,13.76,20,20,0,0,1,10,2,12,standard_braiding_hair_twists,23.0,23.666666666666668,1.8181818181818181,1.8181818181818181
2024-12-25,beads,knotless,5.03,43,21,0,0,1,9,2,12,beads_knotless,26.0,23.0,2.1,4.3
2024-12-25,edge_control,knotless,8.17,47,19,0,0,1,11,2,12,edge_control_knotless,19.0,16.0,1.5833333333333333,3.9166666666666665
2024-12-25,hair_gel,box_braids,7.6,44,18,0,0,1,10,2,12,hair_gel_box_braids,14.0,16.666666666666668,1.6363636363636365,4.0
2024-12-25,mousse,twists,7.84,32,25,0,0,1,6,2,12,mousse_twists,17.0,20.666666666666668,3.5714285714285716,4.571428571428571
2024-12-25,hairspray,box_braids,7.57,47,20,1,0,1,9,2,12,hairspray_box_braids,26.0,19.333333333333332,2.0,4.7
2024-12-26,premium_braiding_hair,knotless,17.95,17,17,1,0,0,9,3,12,premium_braiding_hair_knotless,54.0,32.333333333333336,1.7,1.7
2024-12-26,standard_braiding_hair,twists,15.24,59,41,1,0,0,8,3,12,standard_braiding_hair_twists,20.0,28.0,4.555555555555555,6.555555555555555
2024-12-26,beads,cornrows,4.6,39,15,0,0,0,8,3,12,beads_cornrows,21.0,20.666666666666668,1.6666666666666667,4.333333333333333
2024-12-26,edge_control,cornrows,5.15,31,24,0,0,0,12,3,12,edge_control_cornrows,19.0,20.666666666666668,1.8461538461538463,2.3846153846153846
2024-12-26,hair_gel,box_braids,4.33,42,10,0,0,0,13,3,12,hair_gel_box_braids,18.0,14.0,0.7142857142857143,3.0
2024-12-26,mousse,box_braids,8.32,52,19,0,0,0,8,3,12,mousse_box_braids,25.0,20.333333333333332,2.111111111111111,5.777777777777778
2024-12-26,hairspray,knotless,7.57,61,21,1,0,0,14,3,12,hairspray_knotless,20.0,22.333333333333332,1.4,4.066666666666666
2024-12-27,premium_braiding_hair,twists,18.7,61,32,0,0,0,7,4,12,premium_braiding_hair_twists,17.0,34.333333333333336,4.0,7.625
2024-12-27,standard_braiding_hair,knotless,14.18,58,26,0,0,0,5,4,12,standard_braiding_hair_knotless,41.0,29.0,4.333333333333333,9.666666666666666
2024-12-27,beads,cornrows,3.53,40,31,0,0,0,18,4,12,beads_cornrows,15.0,22.333333333333332,1.631578947368421,2.1052631578947367
2024-12-27,edge_control,twists,6.53,20,19,1,0,0,9,4,12,edge_control_twists,24.0,20.666666666666668,1.9,2.0
2024-12-27,hair_gel,knotless,6.37,63,18,0,0,0,9,4,12,hair_gel_knotless,10.0,15.333333333333334,1.8,6.3
2024-12-27,mousse,box_braids,9.72,77,34,0,0,0,11,4,12,mousse_box_braids,19.0,26.0,2.8333333333333335,6.416666666666667
2024-12-27,hairspray,box_braids,9.56,56,6,0,0,0,7,4,12,hairspray_box_braids,21.0,15.666666666666666,0.75,7.0
2024-12-28,premium_braiding_hair,knotless,18.74,17,17,0,1,0,10,5,12,premium_braiding_hair_knotless,32.0,22.0,1.5454545454545454,1.5454545454545454
2024-12-28,standard_braiding_hair,box_braids,13.48,61,52,1,1,0,7,5,12,standard_braiding_hair_box_braids,26.0,39.666666666666664,6.5,7.625
2024-12-28,beads,cornrows,3.8,60,23,0,1,0,3,5,12,beads_cornrows,31.0,23.0,5.75,15.0
2024-12-28,edge_control,knotless,7.03,28,24,0,1,0,13,5,12,edge_control_knotless,19.0,22.333333333333332,1.7142857142857142,2.0
2024-12-28,hair_gel,box_braids,6.02,20,14,0,1,0,9,5,12,hair_gel_box_braids,18.0,14.0,1.4,2.0
2024-12-28,mousse,knotless,8.31,38,32,0,1,0,14,5,12,mousse_knotless,34.0,28.333333333333332,2.1333333333333333,2.533333333333333
2024-12-28,hairspray,knotless,9.2,48,23,1,1,0,13,5,12,hairspray_knotless,6.0,16.666666666666668,1.6428571428571428,3.4285714285714284
2024-12-29,premium_braiding_hair,knotless,18.21,22,22,0,1,0,8,6,12,premium_braiding_hair_knotless,17.0,23.666666666666668,2.4444444444444446,2.4444444444444446
2024-12-29,standard_braiding_hair,cornrows,15.72,52,49,1,1,0,14,6,12,standard_braiding_hair_cornrows,52.0,42.333333333333336,3.2666666666666666,3.466666666666667
2024-12-29,beads,twists,6.25,39,31,1,1,0,9,6,12,beads_twists,23.0,28.333333333333332,3.1,3.9
2024-12-29,edge_control,cornrows,8.79,47,25,0,1,0,8,6,12,edge_control_cornrows,24.0,22.666666666666668,2.7777777777777777,5.222222222222222
2024-12-29,hair_gel,knotless,5.82,33,13,0,1,0,4,6,12,hair_gel_knotless,14.0,15.0,2.6,6.6
2024-12-29,mousse,twists,9.86,52,28,0,1,0,9,6,12,mousse_twists,32.0,31.333333333333332,2.8,5.2
2024-12-29,hairspray,twists,7.2,47,11,0,1,0,9,6,12,hairspray_twists,23.0,13.333333333333334,1.1,4.7
2024-12-30,premium_braiding_hair,box_braids,18.48,20,20,0,0,0,11,0,12,premium_braiding_hair_box_braids,22.0,19.666666666666668,1.6666666666666667,1.6666666666666667
2024-12-30,standard_braiding_hair,knotless,16.08,40,36,1,0,0,10,0,12,standard_braiding_hair_knotless,49.0,45.666666666666664,3.272727272727273,3.6363636363636362
2024-12-30,beads,twists,6.17,76,28,0,0,0,8,0,12,beads_twists,31.0,27.333333333333332,3.111111111111111,8.444444444444445
2024-12-30,edge_control,twists,6.02,79,17,0,0,0,9,0,12,edge_control_twists,25.0,22.0,1.7,7.9
2024-12-30,hair_gel,box_braids,4.61,24,24,1,0,0,7,0,12,hair_gel_box_braids,13.0,17.0,3.0,3.0
2024-12-30,mousse,twists,6.72,76,13,0,0,0,8,0,12,mousse_twists,28.0,24.333333333333332,1.4444444444444444,8.444444444444445
2024-12-30,hairspray,twists,8.51,78,13,0,0,0,9,0,12,hairspray_twists,11.0,15.666666666666666,1.3,7.8
